event_id,team_id,team,opponent,home_away,game_date,game_date_utc,game_datetime_utc,venue,points_for,points_against,margin,fgm,fga,tpm,tpa,ftm,fta,tov,orb,drb,reb,poss,efg,ftr,3par,tov_pct,orb_pct,drb_pct,ortg,drtg,netrtg,pace,data_ok,completed,state,status_desc,status_detail,pulled_at_utc,source,parse_version,home_team,away_team,blowout,row_hash
401820577,2514.0,Quinnipiac Bobcats,St. John's Red Storm,away,2025-11-03,2025-11-03,2025-11-03T23:30Z,,74.0,108.0,-34.0,0,0,0,0,0,0,0,0,0,0,0.0,,,,,,,,,,0.0,False,True,post,Final,Final,2026-01-21T22:20:09Z,espn,v1.3.2,St. John's Red Storm,Quinnipiac Bobcats,1.0,2348a46cc53fdbd24011cb7bf6b6658e0dcc7524
401820577,2599.0,St. John's Red Storm,Quinnipiac Bobcats,home,2025-11-03,2025-11-03,2025-11-03T23:30Z,,108.0,74.0,34.0,0,0,0,0,0,0,0,0,0,0,0.0,,,,,,,,,,0.0,False,True,post,Final,Final,2026-01-21T22:20:09Z,espn,v1.3.2,St. John's Red Storm,Quinnipiac Bobcats,1.0,a0bd7918f7ebba3687ad1ee293d44092b141afdb
401812785,2441.0,New Haven Chargers,UConn Huskies,away,2025-11-03,2025-11-04,2025-11-04T00:00Z,,55.0,79.0,-24.0,0,0,0,0,0,0,0,0,0,0,0.0,,,,,,,,,,0.0,False,True,post,Final,Final,2026-01-21T22:20:06Z,espn,v1.3.2,UConn Huskies,New Haven Chargers,1.0,8f71ac23b52426c10803dde4c9821d38566b4470
401812785,41.0,UConn Huskies,New Haven Chargers,home,2025-11-03,2025-11-04,2025-11-04T00:00Z,,79.0,55.0,24.0,0,0,0,0,0,0,0,0,0,0,0.0,,,,,,,,,,0.0,False,True,post,Final,Final,2026-01-21T22:20:06Z,espn,v1.3.2,UConn Huskies,New Haven Chargers,1.0,031701b4b9819fa262bf4cdf1f82d2897bc0c189
401817262,2110.0,Central Arkansas Bears,North Carolina Tar Heels,away,2025-11-03,2025-11-04,2025-11-04T00:00Z,,54.0,94.0,-40.0,0,0,0,0,0,0,0,0,0,0,0.0,,,,,,,,,,0.0,False,True,post,Final,Final,2026-01-21T22:20:07Z,espn,v1.3.2,North Carolina Tar Heels,Central Arkansas Bears,1.0,9795fac0ba7ad5461ad5e2b2db9eea07a27b3b7c
401817262,153.0,North Carolina Tar Heels,Central Arkansas Bears,home,2025-11-03,2025-11-04,2025-11-04T00:00Z,,94.0,54.0,40.0,0,0,0,0,0,0,0,0,0,0,0.0,,,,,,,,,,0.0,False,True,post,Final,Final,2026-01-21T22:20:07Z,espn,v1.3.2,North Carolina Tar Heels,Central Arkansas Bears,1.0,1e053b745555d99a26e6a45420059433445db5c4
401823483,2382.0,Mercer Bears,Tennessee Volunteers,away,2025-11-03,2025-11-04,2025-11-04T00:00Z,,61.0,76.0,-15.0,0,0,0,0,0,0,0,0,0,0,0.0,,,,,,,,,,0.0,False,True,post,Final,Final,2026-01-21T22:20:09Z,espn,v1.3.2,Tennessee Volunteers,Mercer Bears,0.0,c558c62a99c7773774894edbe1e58eaf30260ebb
401823483,2633.0,Tennessee Volunteers,Mercer Bears,home,2025-11-03,2025-11-04,2025-11-04T00:00Z,,76.0,61.0,15.0,0,0,0,0,0,0,0,0,0,0,0.0,,,,,,,,,,0.0,False,True,post,Final,Final,2026-01-21T22:20:09Z,espn,v1.3.2,Tennessee Volunteers,Mercer Bears,0.0,29364e4fd8e48767e9e58261e43d847ebde9bba0
401826784,8.0,Arkansas Razorbacks,Southern Jaguars,home,2025-11-03,2025-11-04,2025-11-04T00:00Z,,109.0,77.0,32.0,0,0,0,0,0,0,0,0,0,0,0.0,,,,,,,,,,0.0,False,True,post,Final,Final,2026-01-21T22:20:16Z,espn,v1.3.2,Arkansas Razorbacks,Southern Jaguars,1.0,8a9c3232f74fb28af250bcb629014c23dc2b4aa3
401826784,2582.0,Southern Jaguars,Arkansas Razorbacks,away,2025-11-03,2025-11-04,2025-11-04T00:00Z,,77.0,109.0,-32.0,0,0,0,0,0,0,0,0,0,0,0.0,,,,,,,,,,0.0,False,True,post,Final,Final,2026-01-21T22:20:16Z,espn,v1.3.2,Arkansas Razorbacks,Southern Jaguars,1.0,c6eb0dc87fd857f2d11a06b52766fab2c02043dd
401826885,12.0,Arizona Wildcats,Florida Gators,home,2025-11-03,2025-11-04,2025-11-04T00:00Z,,93.0,87.0,6.0,0,0,0,0,0,0,0,0,0,0,0.0,,,,,,,,,,0.0,False,True,post,Final,Final,2026-01-21T22:20:16Z,espn,v1.3.2,Arizona Wildcats,Florida Gators,0.0,ac7d4d49b6451cff5ef7b92d05db776ac7d56107
401826885,57.0,Florida Gators,Arizona Wildcats,away,2025-11-03,2025-11-04,2025-11-04T00:00Z,,87.0,93.0,-6.0,0,0,0,0,0,0,0,0,0,0,0.0,,,,,,,,,,0.0,False,True,post,Final,Final,2026-01-21T22:20:16Z,espn,v1.3.2,Arizona Wildcats,Florida Gators,0.0,015b2c62cb2879a830daf08e10f215cc00854da8
401827219,2142.0,Colgate Raiders,Michigan State Spartans,away,2025-11-03,2025-11-04,2025-11-04T00:00Z,,69.0,80.0,-11.0,0,0,0,0,0,0,0,0,0,0,0.0,,,,,,,,,,0.0,False,True,post,Final,Final,2026-01-21T22:20:17Z,espn,v1.3.2,Michigan State Spartans,Colgate Raiders,0.0,5f91274779441df6890e0f0ad12a0cc8d7acc3e6
401827219,127.0,Michigan State Spartans,Colgate Raiders,home,2025-11-03,2025-11-04,2025-11-04T00:00Z,,80.0,69.0,11.0,0,0,0,0,0,0,0,0,0,0,0.0,,,,,,,,,,0.0,False,True,post,Final,Final,2026-01-21T22:20:17Z,espn,v1.3.2,Michigan State Spartans,Colgate Raiders,0.0,9eea7536e9b8ab815f5d7492f06748b43ac8860e
401812260,333.0,Alabama Crimson Tide,North Dakota Fighting Hawks,home,2025-11-03,2025-11-04,2025-11-04T01:00Z,,91.0,62.0,29.0,0,0,0,0,0,0,0,0,0,0,0.0,,,,,,,,,,0.0,False,True,post,Final,Final,2026-01-21T22:20:05Z,espn,v1.3.2,Alabama Crimson Tide,North Dakota Fighting Hawks,1.0,9238f6ebab66882740eb3eb71d5f125dbc2f297d
401812260,155.0,North Dakota Fighting Hawks,Alabama Crimson Tide,away,2025-11-03,2025-11-04,2025-11-04T01:00Z,,62.0,91.0,-29.0,0,0,0,0,0,0,0,0,0,0,0.0,,,,,,,,,,0.0,False,True,post,Final,Final,2026-01-21T22:20:05Z,espn,v1.3.2,Alabama Crimson Tide,North Dakota Fighting Hawks,1.0,78e143d1d6ee243cdf407fb6c458567cdcb0a1d0
401812282,161.0,Fairleigh Dickinson Knights,Iowa State Cyclones,away,2025-11-03,2025-11-04,2025-11-04T01:00Z,,50.0,88.0,-38.0,0,0,0,0,0,0,0,0,0,0,0.0,,,,,,,,,,0.0,False,True,post,Final,Final,2026-01-21T22:20:06Z,espn,v1.3.2,Iowa State Cyclones,Fairleigh Dickinson Knights,1.0,3b34750320313a1a7c9a7ec57d668f89eb5bdd08
401812282,66.0,Iowa State Cyclones,Fairleigh Dickinson Knights,home,2025-11-03,2025-11-04,2025-11-04T01:00Z,,88.0,50.0,38.0,0,0,0,0,0,0,0,0,0,0,0.0,,,,,,,,,,0.0,False,True,post,Final,Final,2026-01-21T22:20:06Z,espn,v1.3.2,Iowa State Cyclones,Fairleigh Dickinson Knights,1.0,2b5d514b166064cb071083a1512f691b686b0719
401819882,2739.0,Green Bay Phoenix,Kansas Jayhawks,away,2025-11-03,2025-11-04,2025-11-04T01:00Z,,51.0,94.0,-43.0,0,0,0,0,0,0,0,0,0,0,0.0,,,,,,,,,,0.0,False,True,post,Final,Final,2026-01-21T22:20:08Z,espn,v1.3.2,Kansas Jayhawks,Green Bay Phoenix,1.0,4fc93e3553bbd4b607aacddb4121b68f8fc43fda
401819882,2305.0,Kansas Jayhawks,Green Bay Phoenix,home,2025-11-03,2025-11-04,2025-11-04T01:00Z,,94.0,51.0,43.0,0,0,0,0,0,0,0,0,0,0,0.0,,,,,,,,,,0.0,False,True,post,Final,Final,2026-01-21T22:20:08Z,espn,v1.3.2,Kansas Jayhawks,Green Bay Phoenix,1.0,333264d752d308b74fe4edab4ab51bc14f433969
401823474,2.0,Auburn Tigers,Bethune-Cookman Wildcats,home,2025-11-03,2025-11-04,2025-11-04T01:00Z,,95.0,90.0,5.0,0,0,0,0,0,0,0,0,0,0,0.0,,,,,,,,,,0.0,False,True,post,Final,Final/OT,2026-01-21T22:20:09Z,espn,v1.3.2,Auburn Tigers,Bethune-Cookman Wildcats,0.0,31bed7d71f2a5851c94f43ee3cbe61660656c548
401823474,2065.0,Bethune-Cookman Wildcats,Auburn Tigers,away,2025-11-03,2025-11-04,2025-11-04T01:00Z,,90.0,95.0,-5.0,0,0,0,0,0,0,0,0,0,0,0.0,,,,,,,,,,0.0,False,True,post,Final,Final/OT,2026-01-21T22:20:09Z,espn,v1.3.2,Auburn Tigers,Bethune-Cookman Wildcats,0.0,32b042b2abc89674e0e5572d7fad547ba5bb538b
401824809,248.0,Houston Cougars,Lehigh Mountain Hawks,home,2025-11-03,2025-11-04,2025-11-04T01:00Z,,75.0,57.0,18.0,0,0,0,0,0,0,0,0,0,0,0.0,,,,,,,,,,0.0,False,True,post,Final,Final,2026-01-21T22:20:15Z,espn,v1.3.2,Houston Cougars,Lehigh Mountain Hawks,1.0,27b22b4c9d4b71fc8a7cf94c2430f010a44f8ca9
401824809,2329.0,Lehigh Mountain Hawks,Houston Cougars,away,2025-11-03,2025-11-04,2025-11-04T01:00Z,,57.0,75.0,-18.0,0,0,0,0,0,0,0,0,0,0,0.0,,,,,,,,,,0.0,False,True,post,Final,Final,2026-01-21T22:20:15Z,espn,v1.3.2,Houston Cougars,Lehigh Mountain Hawks,1.0,f106b8f85b1021b8a098781442a3469b09da92a2
401826911,2097.0,Campbell Fighting Camels,Wisconsin Badgers,away,2025-11-03,2025-11-04,2025-11-04T01:00Z,,64.0,96.0,-32.0,0,0,0,0,0,0,0,0,0,0,0.0,,,,,,,,,,0.0,False,True,post,Final,Final,2026-01-21T22:20:16Z,espn,v1.3.2,Wisconsin Badgers,Campbell Fighting Camels,1.0,5e6127b5dc21cb8a4638f9a52b2ebaa937de1822
401826911,275.0,Wisconsin Badgers,Campbell Fighting Camels,home,2025-11-03,2025-11-04,2025-11-04T01:00Z,,96.0,64.0,32.0,0,0,0,0,0,0,0,0,0,0,0.0,,,,,,,,,,0.0,False,True,post,Final,Final,2026-01-21T22:20:16Z,espn,v1.3.2,Wisconsin Badgers,Campbell Fighting Camels,1.0,ddb7bbe1e5b1fb61b44cb46805da0b0feec10804
401826083,130.0,Michigan Wolverines,Oakland Golden Grizzlies,home,2025-11-03,2025-11-04,2025-11-04T01:30Z,,121.0,78.0,43.0,0,0,0,0,0,0,0,0,0,0,0.0,,,,,,,,,,0.0,False,True,post,Final,Final,2026-01-21T22:20:15Z,espn,v1.3.2,Michigan Wolverines,Oakland Golden Grizzlies,1.0,f963d3215bcad96c6865295559f0fd1bb383dfdd
401826083,2473.0,Oakland Golden Grizzlies,Michigan Wolverines,away,2025-11-03,2025-11-04,2025-11-04T01:30Z,,78.0,121.0,-43.0,0,0,0,0,0,0,0,0,0,0,0.0,,,,,,,,,,0.0,False,True,post,Final,Final,2026-01-21T22:20:15Z,espn,v1.3.2,Michigan Wolverines,Oakland Golden Grizzlies,1.0,06b5927c40fd8248580290cc9ae50c01f7455d45
401827170,356.0,Illinois Fighting Illini,Jackson State Tigers,home,2025-11-03,2025-11-04,2025-11-04T01:30Z,,113.0,55.0,58.0,0,0,0,0,0,0,0,0,0,0,0.0,,,,,,,,,,0.0,False,True,post,Final,Final,2026-01-21T22:20:17Z,espn,v1.3.2,Illinois Fighting Illini,Jackson State Tigers,1.0,777a0227e6c3b8531d864765bc84dd1fa7126b49
401827170,2296.0,Jackson State Tigers,Illinois Fighting Illini,away,2025-11-03,2025-11-04,2025-11-04T01:30Z,,55.0,113.0,-58.0,0,0,0,0,0,0,0,0,0,0,0.0,,,,,,,,,,0.0,False,True,post,Final,Final,2026-01-21T22:20:17Z,espn,v1.3.2,Illinois Fighting Illini,Jackson State Tigers,1.0,fc82ad594ffff2708f4527e40173fe166c2d528a
401817239,97.0,Louisville Cardinals,South Carolina State Bulldogs,home,2025-11-03,2025-11-04,2025-11-04T02:00Z,,104.0,45.0,59.0,0,0,0,0,0,0,0,0,0,0,0.0,,,,,,,,,,0.0,False,True,post,Final,Final,2026-01-21T22:20:07Z,espn,v1.3.2,Louisville Cardinals,South Carolina State Bulldogs,1.0,8b6a267dba4f6f4b14b37536eb4b1c2285714418
401817239,2569.0,South Carolina State Bulldogs,Louisville Cardinals,away,2025-11-03,2025-11-04,2025-11-04T02:00Z,,45.0,104.0,-59.0,0,0,0,0,0,0,0,0,0,0,0.0,,,,,,,,,,0.0,False,True,post,Final,Final,2026-01-21T22:20:07Z,espn,v1.3.2,Louisville Cardinals,South Carolina State Bulldogs,1.0,f1a8dee843f4dd815532b79caa68a545c195cc99
401824031,2250.0,Gonzaga Bulldogs,Texas Southern Tigers,home,2025-11-03,2025-11-04,2025-11-04T02:00Z,,98.0,43.0,55.0,0,0,0,0,0,0,0,0,0,0,0.0,,,,,,,,,,0.0,False,True,post,Final,Final,2026-01-21T22:20:10Z,espn,v1.3.2,Gonzaga Bulldogs,Texas Southern Tigers,1.0,feb7637a4bf753b179348f7e00a00ce924189ce5
401824031,2640.0,Texas Southern Tigers,Gonzaga Bulldogs,away,2025-11-03,2025-11-04,2025-11-04T02:00Z,,43.0,98.0,-55.0,0,0,0,0,0,0,0,0,0,0,0.0,,,,,,,,,,0.0,False,True,post,Final,Final,2026-01-21T22:20:10Z,espn,v1.3.2,Gonzaga Bulldogs,Texas Southern Tigers,1.0,4950edca93dfaae0c95ccf9f0b2a27648b42c166
401819834,252.0,BYU Cougars,Villanova Wildcats,home,2025-11-03,2025-11-04,2025-11-04T02:30Z,,71.0,66.0,5.0,0,0,0,0,0,0,0,0,0,0,0.0,,,,,,,,,,0.0,False,True,post,Final,Final,2026-01-21T22:20:08Z,espn,v1.3.2,BYU Cougars,Villanova Wildcats,0.0,5a33fff7f33dbcd60e2b2804be2b351470462a25
401819834,222.0,Villanova Wildcats,BYU Cougars,away,2025-11-03,2025-11-04,2025-11-04T02:30Z,,66.0,71.0,-5.0,0,0,0,0,0,0,0,0,0,0,0.0,,,,,,,,,,0.0,False,True,post,Final,Final,2026-01-21T22:20:08Z,espn,v1.3.2,BYU Cougars,Villanova Wildcats,0.0,a9a136b073c08c416e07490b02fe643d6cef9197
401813756,331.0,Eastern Washington Eagles,UCLA Bruins,away,2025-11-03,2025-11-04,2025-11-04T03:30Z,,74.0,80.0,-6.0,0,0,0,0,0,0,0,0,0,0,0.0,,,,,,,,,,0.0,False,True,post,Final,Final,2026-01-21T22:20:07Z,espn,v1.3.2,UCLA Bruins,Eastern Washington Eagles,0.0,e51c3565023372eb34f8ea83803b1c2138234ef1
401813756,26.0,UCLA Bruins,Eastern Washington Eagles,home,2025-11-03,2025-11-04,2025-11-04T03:30Z,,80.0,74.0,6.0,0,0,0,0,0,0,0,0,0,0,0.0,,,,,,,,,,0.0,False,True,post,Final,Final,2026-01-21T22:20:07Z,espn,v1.3.2,UCLA Bruins,Eastern Washington Eagles,0.0,3d5066b575c782a74ead3c91193e6d8678db1bd7
401828553,339.0,Evansville Purple Aces,Purdue Boilermakers,away,2025-11-04,2025-11-04,2025-11-04T23:30Z,,51.0,82.0,-31.0,0,0,0,0,0,0,0,0,0,0,0.0,,,,,,,,,,0.0,False,True,post,Final,Final,2026-01-21T22:20:18Z,espn,v1.3.2,Purdue Boilermakers,Evansville Purple Aces,1.0,60e4707efe1f69d066ca64f5ddb849b1c7bb6508
401828553,2509.0,Purdue Boilermakers,Evansville Purple Aces,home,2025-11-04,2025-11-04,2025-11-04T23:30Z,,82.0,51.0,31.0,0,0,0,0,0,0,0,0,0,0,0.0,,,,,,,,,,0.0,False,True,post,Final,Final,2026-01-21T22:20:18Z,espn,v1.3.2,Purdue Boilermakers,Evansville Purple Aces,1.0,f7ea21676a7ee4b496df7f6b17df2ee5c87043a9
401826746,96.0,Kentucky Wildcats,Nicholls Colonels,home,2025-11-04,2025-11-05,2025-11-05T00:00Z,,77.0,51.0,26.0,0,0,0,0,0,0,0,0,0,0,0.0,,,,,,,,,,0.0,False,True,post,Final,Final,2026-01-21T22:20:18Z,espn,v1.3.2,Kentucky Wildcats,Nicholls Colonels,1.0,ece56b02ce3d8038ac4ffd2873c362225c0c9d48
401826746,2447.0,Nicholls Colonels,Kentucky Wildcats,away,2025-11-04,2025-11-05,2025-11-05T00:00Z,,51.0,77.0,-26.0,0,0,0,0,0,0,0,0,0,0,0.0,,,,,,,,,,0.0,False,True,post,Final,Final,2026-01-21T22:20:18Z,espn,v1.3.2,Kentucky Wildcats,Nicholls Colonels,1.0,ab35f426cf82ca133fce52a4356be8dd4106b0e4
401819898,2815.0,Lindenwood Lions,Texas Tech Red Raiders,away,2025-11-04,2025-11-05,2025-11-05T01:00Z,,60.0,98.0,-38.0,0,0,0,0,0,0,0,0,0,0,0.0,,,,,,,,,,0.0,False,True,post,Final,Final,2026-01-21T22:20:18Z,espn,v1.3.2,Texas Tech Red Raiders,Lindenwood Lions,1.0,4f6d49461757a025cb25827bfc90f0f37bb60f6e
401819898,2641.0,Texas Tech Red Raiders,Lindenwood Lions,home,2025-11-04,2025-11-05,2025-11-05T01:00Z,,98.0,60.0,38.0,0,0,0,0,0,0,0,0,0,0,0.0,,,,,,,,,,0.0,False,True,post,Final,Final,2026-01-21T22:20:18Z,espn,v1.3.2,Texas Tech Red Raiders,Lindenwood Lions,1.0,87d282534837c3de4c5e638543cfc76b88b3889b
401817228,150.0,Duke Blue Devils,Texas Longhorns,home,2025-11-04,2025-11-05,2025-11-05T01:45Z,,75.0,60.0,15.0,0,0,0,0,0,0,0,0,0,0,0.0,,,,,,,,,,0.0,False,True,post,Final,Final,2026-01-21T22:20:17Z,espn,v1.3.2,Duke Blue Devils,Texas Longhorns,0.0,0ec5428e085a323b0364d86183f7d17562abab16
401817228,251.0,Texas Longhorns,Duke Blue Devils,away,2025-11-04,2025-11-05,2025-11-05T01:45Z,,60.0,75.0,-15.0,0,0,0,0,0,0,0,0,0,0,0.0,,,,,,,,,,0.0,False,True,post,Final,Final,2026-01-21T22:20:17Z,espn,v1.3.2,Duke Blue Devils,Texas Longhorns,0.0,7e69bcdf546d3e740cbc76bffe0deb661c209372
401811102,156.0,Creighton Bluejays,South Dakota Coyotes,home,2025-11-05,2025-11-06,2025-11-06T01:00Z,,92.0,76.0,16.0,0,0,0,0,0,0,0,0,0,0,0.0,,,,,,,,,,0.0,False,True,post,Final,Final,2026-01-21T22:20:19Z,espn,v1.3.2,Creighton Bluejays,South Dakota Coyotes,0.0,64b2e361ccfc47d07b6f85cd3c1b3d07d0ac8d15
401811102,233.0,South Dakota Coyotes,Creighton Bluejays,away,2025-11-05,2025-11-06,2025-11-06T01:00Z,,76.0,92.0,-16.0,0,0,0,0,0,0,0,0,0,0,0.0,,,,,,,,,,0.0,False,True,post,Final,Final,2026-01-21T22:20:19Z,espn,v1.3.2,Creighton Bluejays,South Dakota Coyotes,0.0,336852c99c1269597742888e86769dcf2fd06462
401817240,2296.0,Jackson State Tigers,Louisville Cardinals,away,2025-11-06,2025-11-07,2025-11-07T00:00Z,,70.0,106.0,-36.0,0,0,0,0,0,0,0,0,0,0,0.0,,,,,,,,,,0.0,False,True,post,Final,Final,2026-01-21T22:20:19Z,espn,v1.3.2,Louisville Cardinals,Jackson State Tigers,1.0,bf6a5a58486e2b673472a41a984ab65953793c7f
401817240,97.0,Louisville Cardinals,Jackson State Tigers,home,2025-11-06,2025-11-07,2025-11-07T00:00Z,,106.0,70.0,36.0,0,0,0,0,0,0,0,0,0,0,0.0,,,,,,,,,,0.0,False,True,post,Final,Final,2026-01-21T22:20:19Z,espn,v1.3.2,Louisville Cardinals,Jackson State Tigers,1.0,940bc1b8e09a29028f42e596e8e050aa50aceeb3
401819871,2755.0,Grambling Tigers,Iowa State Cyclones,away,2025-11-06,2025-11-07,2025-11-07T01:00Z,,62.0,102.0,-40.0,0,0,0,0,0,0,0,0,0,0,0.0,,,,,,,,,,0.0,False,True,post,Final,Final,2026-01-21T22:20:19Z,espn,v1.3.2,Iowa State Cyclones,Grambling Tigers,1.0,6cf57ea3dd8838f0a4625991b2ed3996790a26a9
401819871,66.0,Iowa State Cyclones,Grambling Tigers,home,2025-11-06,2025-11-07,2025-11-07T01:00Z,,102.0,62.0,40.0,0,0,0,0,0,0,0,0,0,0,0.0,,,,,,,,,,0.0,False,True,post,Final,Final,2026-01-21T22:20:19Z,espn,v1.3.2,Iowa State Cyclones,Grambling Tigers,1.0,a1832c8cda9eae9890e24ffd531892b24fac5ca6
401823441,57.0,Florida Gators,North Florida Ospreys,home,2025-11-06,2025-11-07,2025-11-07T01:00Z,,104.0,64.0,40.0,0,0,0,0,0,0,0,0,0,0,0.0,,,,,,,,,,0.0,False,True,post,Final,Final,2026-01-21T22:20:20Z,espn,v1.3.2,Florida Gators,North Florida Ospreys,1.0,ec3d7211d79450cdc25f59c518136a771ab90794
401823441,2454.0,North Florida Ospreys,Florida Gators,away,2025-11-06,2025-11-07,2025-11-07T01:00Z,,64.0,104.0,-40.0,0,0,0,0,0,0,0,0,0,0,0.0,,,,,,,,,,0.0,False,True,post,Final,Final,2026-01-21T22:20:20Z,espn,v1.3.2,Florida Gators,North Florida Ospreys,1.0,a98944e07ebb73abb9b26ff5fa34d82ea38da9d7
401823475,2.0,Auburn Tigers,Merrimack Warriors,home,2025-11-06,2025-11-07,2025-11-07T01:00Z,,95.0,57.0,38.0,0,0,0,0,0,0,0,0,0,0,0.0,,,,,,,,,,0.0,False,True,post,Final,Final,2026-01-21T22:20:20Z,espn,v1.3.2,Auburn Tigers,Merrimack Warriors,1.0,9f8130725ec5fa5e7b79ff482747ecb5eb276237
401823475,2771.0,Merrimack Warriors,Auburn Tigers,away,2025-11-06,2025-11-07,2025-11-07T01:00Z,,57.0,95.0,-38.0,0,0,0,0,0,0,0,0,0,0,0.0,,,,,,,,,,0.0,False,True,post,Final,Final,2026-01-21T22:20:20Z,espn,v1.3.2,Auburn Tigers,Merrimack Warriors,1.0,6426985ee5a7b41bd8bd5f848c90d2d6b6268644
401817263,2305.0,Kansas Jayhawks,North Carolina Tar Heels,away,2025-11-07,2025-11-08,2025-11-08T00:00Z,,74.0,87.0,-13.0,0,0,0,0,0,0,0,0,0,0,0.0,,,,,,,,,,0.0,False,True,post,Final,Final,2026-01-21T22:20:21Z,espn,v1.3.2,North Carolina Tar Heels,Kansas Jayhawks,0.0,500fae2b55feee2a60fc2e3024fe48b7ccbc41e7
401817263,153.0,North Carolina Tar Heels,Kansas Jayhawks,home,2025-11-07,2025-11-08,2025-11-08T00:00Z,,87.0,74.0,13.0,0,0,0,0,0,0,0,0,0,0,0.0,,,,,,,,,,0.0,False,True,post,Final,Final,2026-01-21T22:20:21Z,espn,v1.3.2,North Carolina Tar Heels,Kansas Jayhawks,0.0,afb47282eaa76e85e0f9483b6fe0c97f6e613d50
401822330,96.0,Kentucky Wildcats,Valparaiso Beacons,home,2025-11-07,2025-11-08,2025-11-08T00:00Z,,107.0,59.0,48.0,0,0,0,0,0,0,0,0,0,0,0.0,,,,,,,,,,0.0,False,True,post,Final,Final,2026-01-21T22:20:22Z,espn,v1.3.2,Kentucky Wildcats,Valparaiso Beacons,1.0,61bd650891186e85742ea5a27471c63b168df50a
401822330,2674.0,Valparaiso Beacons,Kentucky Wildcats,away,2025-11-07,2025-11-08,2025-11-08T00:00Z,,59.0,107.0,-48.0,0,0,0,0,0,0,0,0,0,0,0.0,,,,,,,,,,0.0,False,True,post,Final,Final,2026-01-21T22:20:22Z,espn,v1.3.2,Kentucky Wildcats,Valparaiso Beacons,1.0,b5bb6483b82cbb4d68933ea0fe82f4340a942111
401826869,2473.0,Oakland Golden Grizzlies,Purdue Boilermakers,away,2025-11-07,2025-11-08,2025-11-08T00:00Z,,77.0,87.0,-10.0,0,0,0,0,0,0,0,0,0,0,0.0,,,,,,,,,,0.0,False,True,post,Final,Final,2026-01-21T22:20:23Z,espn,v1.3.2,Purdue Boilermakers,Oakland Golden Grizzlies,0.0,4a88638d26be711b2c99d1ab5c9d88a29e6449f6
401826869,2509.0,Purdue Boilermakers,Oakland Golden Grizzlies,home,2025-11-07,2025-11-08,2025-11-08T00:00Z,,87.0,77.0,10.0,0,0,0,0,0,0,0,0,0,0,0.0,,,,,,,,,,0.0,False,True,post,Final,Final,2026-01-21T22:20:23Z,espn,v1.3.2,Purdue Boilermakers,Oakland Golden Grizzlies,0.0,5ef3dac6d18e747e2b90710b60828f17171ece75
401812786,41.0,UConn Huskies,UMass Lowell River Hawks,home,2025-11-07,2025-11-08,2025-11-08T00:30Z,,110.0,47.0,63.0,0,0,0,0,0,0,0,0,0,0,0.0,,,,,,,,,,0.0,False,True,post,Final,Final,2026-01-21T22:20:20Z,espn,v1.3.2,UConn Huskies,UMass Lowell River Hawks,1.0,3280f88f46fa355a687ed55bdbf0749757144d08
401812786,2349.0,UMass Lowell River Hawks,UConn Huskies,away,2025-11-07,2025-11-08,2025-11-08T00:30Z,,47.0,110.0,-63.0,0,0,0,0,0,0,0,0,0,0,0.0,,,,,,,,,,0.0,False,True,post,Final,Final,2026-01-21T22:20:20Z,espn,v1.3.2,UConn Huskies,UMass Lowell River Hawks,1.0,f846ae2312c6f1c27918fbad69de05d263f5ae7e
401819899,2534.0,Sam Houston Bearkats,Texas Tech Red Raiders,away,2025-11-07,2025-11-08,2025-11-08T01:00Z,,77.0,98.0,-21.0,0,0,0,0,0,0,0,0,0,0,0.0,,,,,,,,,,0.0,False,True,post,Final,Final,2026-01-21T22:20:22Z,espn,v1.3.2,Texas Tech Red Raiders,Sam Houston Bearkats,1.0,95ad233c6466faacd0d8cdc5f0cfb1201da82f92
401819899,2641.0,Texas Tech Red Raiders,Sam Houston Bearkats,home,2025-11-07,2025-11-08,2025-11-08T01:00Z,,98.0,77.0,21.0,0,0,0,0,0,0,0,0,0,0,0.0,,,,,,,,,,0.0,False,True,post,Final,Final,2026-01-21T22:20:22Z,espn,v1.3.2,Texas Tech Red Raiders,Sam Houston Bearkats,1.0,302d2fdd2eed061aa007cfbd7ca63abfd00fa821
401823225,526.0,Florida Gulf Coast Eagles,Illinois Fighting Illini,away,2025-11-07,2025-11-08,2025-11-08T01:30Z,,70.0,113.0,-43.0,0,0,0,0,0,0,0,0,0,0,0.0,,,,,,,,,,0.0,False,True,post,Final,Final,2026-01-21T22:20:22Z,espn,v1.3.2,Illinois Fighting Illini,Florida Gulf Coast Eagles,1.0,3eb54e45a576a417392860eaa9f62eab14b8deae
401823225,356.0,Illinois Fighting Illini,Florida Gulf Coast Eagles,home,2025-11-07,2025-11-08,2025-11-08T01:30Z,,113.0,70.0,43.0,0,0,0,0,0,0,0,0,0,0,0.0,,,,,,,,,,0.0,False,True,post,Final,Final,2026-01-21T22:20:22Z,espn,v1.3.2,Illinois Fighting Illini,Florida Gulf Coast Eagles,1.0,6fed9a15add9532a798079b9d7db01e8dae31406
401823461,2459.0,Northern Illinois Huskies,Wisconsin Badgers,away,2025-11-07,2025-11-08,2025-11-08T01:30Z,,72.0,97.0,-25.0,0,0,0,0,0,0,0,0,0,0,0.0,,,,,,,,,,0.0,False,True,post,Final,Final,2026-01-21T22:20:23Z,espn,v1.3.2,Wisconsin Badgers,Northern Illinois Huskies,1.0,4b142071a62e218e65dbde7163e855a3e2931795
401823461,275.0,Wisconsin Badgers,Northern Illinois Huskies,home,2025-11-07,2025-11-08,2025-11-08T01:30Z,,97.0,72.0,25.0,0,0,0,0,0,0,0,0,0,0,0.0,,,,,,,,,,0.0,False,True,post,Final,Final,2026-01-21T22:20:23Z,espn,v1.3.2,Wisconsin Badgers,Northern Illinois Huskies,1.0,1435f23077699c5397d216219c5d937534ab974b
401824023,12.0,Arizona Wildcats,Utah Tech Trailblazers,home,2025-11-07,2025-11-08,2025-11-08T02:00Z,,93.0,67.0,26.0,0,0,0,0,0,0,0,0,0,0,0.0,,,,,,,,,,0.0,False,True,post,Final,Final,2026-01-21T22:20:23Z,espn,v1.3.2,Arizona Wildcats,Utah Tech Trailblazers,1.0,40894c334ef9c9087f385795ed3684066a898a65
401824023,3101.0,Utah Tech Trailblazers,Arizona Wildcats,away,2025-11-07,2025-11-08,2025-11-08T02:00Z,,67.0,93.0,-26.0,0,0,0,0,0,0,0,0,0,0,0.0,,,,,,,,,,0.0,False,True,post,Final,Final,2026-01-21T22:20:23Z,espn,v1.3.2,Arizona Wildcats,Utah Tech Trailblazers,1.0,f431f5af1c5033445284f3991dd4dcfb900a6ebf
401813757,2492.0,Pepperdine Waves,UCLA Bruins,away,2025-11-07,2025-11-08,2025-11-08T03:30Z,,63.0,74.0,-11.0,0,0,0,0,0,0,0,0,0,0,0.0,,,,,,,,,,0.0,False,True,post,Final,Final,2026-01-21T22:20:21Z,espn,v1.3.2,UCLA Bruins,Pepperdine Waves,0.0,bd2e4ef0062519e5414efdbf8ad79a2c0920d447
401813757,26.0,UCLA Bruins,Pepperdine Waves,home,2025-11-07,2025-11-08,2025-11-08T03:30Z,,74.0,63.0,11.0,0,0,0,0,0,0,0,0,0,0,0.0,,,,,,,,,,0.0,False,True,post,Final,Final,2026-01-21T22:20:21Z,espn,v1.3.2,UCLA Bruins,Pepperdine Waves,0.0,d4909b87003714929788af11489d788a7dbdee5d
401812261,333.0,Alabama Crimson Tide,St. John's Red Storm,away,2025-11-08,2025-11-08,2025-11-08T17:00Z,,103.0,96.0,7.0,0,0,0,0,0,0,0,0,0,0,0.0,,,,,,,,,,0.0,False,True,post,Final,Final,2026-01-21T22:20:24Z,espn,v1.3.2,St. John's Red Storm,Alabama Crimson Tide,0.0,359ae56bf49f9fd9930d06724ce1eedf2679666c
401812261,2599.0,St. John's Red Storm,Alabama Crimson Tide,home,2025-11-08,2025-11-08,2025-11-08T17:00Z,,96.0,103.0,-7.0,0,0,0,0,0,0,0,0,0,0,0.0,,,,,,,,,,0.0,False,True,post,Final,Final,2026-01-21T22:20:24Z,espn,v1.3.2,St. John's Red Storm,Alabama Crimson Tide,0.0,128259b4b7a7630f57aa01251397b51990a5495e
401817229,150.0,Duke Blue Devils,Western Carolina Catamounts,home,2025-11-08,2025-11-08,2025-11-08T18:30Z,,95.0,54.0,41.0,0,0,0,0,0,0,0,0,0,0,0.0,,,,,,,,,,0.0,False,True,post,Final,Final,2026-01-21T22:20:25Z,espn,v1.3.2,Duke Blue Devils,Western Carolina Catamounts,1.0,06bd2194a70e9fae0e263bc2b70ad6c3ca8becc5
401817229,2717.0,Western Carolina Catamounts,Duke Blue Devils,away,2025-11-08,2025-11-08,2025-11-08T18:30Z,,54.0,95.0,-41.0,0,0,0,0,0,0,0,0,0,0,0.0,,,,,,,,,,0.0,False,True,post,Final,Final,2026-01-21T22:20:25Z,espn,v1.3.2,Duke Blue Devils,Western Carolina Catamounts,1.0,1e026e94b4951eb0c1302746055e0b0f08799720
401823382,94.0,Northern Kentucky Norse,Tennessee Volunteers,away,2025-11-08,2025-11-08,2025-11-08T20:00Z,,56.0,95.0,-39.0,0,0,0,0,0,0,0,0,0,0,0.0,,,,,,,,,,0.0,False,True,post,Final,Final,2026-01-21T22:20:25Z,espn,v1.3.2,Tennessee Volunteers,Northern Kentucky Norse,1.0,5d49268dd79626988cb11075a1418dd32758c12b
401823382,2633.0,Tennessee Volunteers,Northern Kentucky Norse,home,2025-11-08,2025-11-08,2025-11-08T20:00Z,,95.0,56.0,39.0,0,0,0,0,0,0,0,0,0,0,0.0,,,,,,,,,,0.0,False,True,post,Final,Final,2026-01-21T22:20:25Z,espn,v1.3.2,Tennessee Volunteers,Northern Kentucky Norse,1.0,7b2188d48002da1a9e3e09688aa5a107ce72d2dd
401824810,248.0,Houston Cougars,Towson Tigers,home,2025-11-08,2025-11-08,2025-11-08T20:00Z,,65.0,48.0,17.0,0,0,0,0,0,0,0,0,0,0,0.0,,,,,,,,,,0.0,False,True,post,Final,Final,2026-01-21T22:20:26Z,espn,v1.3.2,Houston Cougars,Towson Tigers,0.0,e23556cfb4e1cf33542e21848a40523acace05ab
401824810,119.0,Towson Tigers,Houston Cougars,away,2025-11-08,2025-11-08,2025-11-08T20:00Z,,48.0,65.0,-17.0,0,0,0,0,0,0,0,0,0,0,0.0,,,,,,,,,,0.0,False,True,post,Final,Final,2026-01-21T22:20:26Z,espn,v1.3.2,Houston Cougars,Towson Tigers,0.0,8adc9b26a1ae4f90a89084ad3a52f1dfa560831a
401826785,8.0,Arkansas Razorbacks,Michigan State Spartans,away,2025-11-08,2025-11-09,2025-11-09T00:00Z,,66.0,69.0,-3.0,0,0,0,0,0,0,0,0,0,0,0.0,,,,,,,,,,0.0,False,True,post,Final,Final,2026-01-21T22:20:26Z,espn,v1.3.2,Michigan State Spartans,Arkansas Razorbacks,0.0,d3254c842932d346e24a8842dfed8e0b2607c554
401826785,127.0,Michigan State Spartans,Arkansas Razorbacks,home,2025-11-08,2025-11-09,2025-11-09T00:00Z,,69.0,66.0,3.0,0,0,0,0,0,0,0,0,0,0,0.0,,,,,,,,,,0.0,False,True,post,Final,Final,2026-01-21T22:20:26Z,espn,v1.3.2,Michigan State Spartans,Arkansas Razorbacks,0.0,5652fc500a132d7d328377ddf5cfe9d3e2e12536
401812660,252.0,BYU Cougars,Holy Cross Crusaders,home,2025-11-08,2025-11-09,2025-11-09T02:00Z,,98.0,53.0,45.0,0,0,0,0,0,0,0,0,0,0,0.0,,,,,,,,,,0.0,False,True,post,Final,Final,2026-01-21T22:20:24Z,espn,v1.3.2,BYU Cougars,Holy Cross Crusaders,1.0,290beb263e4fbbfe49e70d779150ca4eb8242665
401812660,107.0,Holy Cross Crusaders,BYU Cougars,away,2025-11-08,2025-11-09,2025-11-09T02:00Z,,53.0,98.0,-45.0,0,0,0,0,0,0,0,0,0,0,0.0,,,,,,,,,,0.0,False,True,post,Final,Final,2026-01-21T22:20:24Z,espn,v1.3.2,BYU Cougars,Holy Cross Crusaders,1.0,4ba5abadaad3fe8f4f250be04234a4e8bbef87a9
401824032,2250.0,Gonzaga Bulldogs,Oklahoma Sooners,home,2025-11-08,2025-11-09,2025-11-09T03:30Z,,83.0,68.0,15.0,0,0,0,0,0,0,0,0,0,0,0.0,,,,,,,,,,0.0,False,True,post,Final,Final,2026-01-21T22:20:25Z,espn,v1.3.2,Gonzaga Bulldogs,Oklahoma Sooners,0.0,1c1eaef12fd53093894de3c379aff3e51e0c6045
401824032,201.0,Oklahoma Sooners,Gonzaga Bulldogs,away,2025-11-08,2025-11-09,2025-11-09T03:30Z,,68.0,83.0,-15.0,0,0,0,0,0,0,0,0,0,0,0.0,,,,,,,,,,0.0,False,True,post,Final,Final,2026-01-21T22:20:25Z,espn,v1.3.2,Gonzaga Bulldogs,Oklahoma Sooners,0.0,d4eec13955c78686c706b47f018716c237e65479
401812600,108.0,Harvard Crimson,New Hampshire Wildcats,home,2025-11-09,2025-11-09,2025-11-09T17:00Z,,86.0,75.0,11.0,0,0,0,0,0,0,0,0,0,0,0.0,,,,,,,,,,0.0,False,True,post,Final,Final,2026-01-21T22:20:27Z,espn,v1.3.2,Harvard Crimson,New Hampshire Wildcats,0.0,34ec2352a30654ed7abaf4c8172126a22a55f65d
401812600,160.0,New Hampshire Wildcats,Harvard Crimson,away,2025-11-09,2025-11-09,2025-11-09T17:00Z,,75.0,86.0,-11.0,0,0,0,0,0,0,0,0,0,0,0.0,,,,,,,,,,0.0,False,True,post,Final,Final,2026-01-21T22:20:27Z,espn,v1.3.2,Harvard Crimson,New Hampshire Wildcats,0.0,3f34d3630db97f9eb78ffa430a2be8a3d86bd22b
401828296,2097.0,Campbell Fighting Camels,Western Michigan Broncos,home,2025-11-09,2025-11-09,2025-11-09T17:30Z,,91.0,82.0,9.0,0,0,0,0,0,0,0,0,0,0,0.0,,,,,,,,,,0.0,False,True,post,Final,Final,2026-01-21T22:20:37Z,espn,v1.3.2,Campbell Fighting Camels,Western Michigan Broncos,0.0,f334c398f1525d247474271b5263a4f0b52407b7
401828296,2711.0,Western Michigan Broncos,Campbell Fighting Camels,away,2025-11-09,2025-11-09,2025-11-09T17:30Z,,82.0,91.0,-9.0,0,0,0,0,0,0,0,0,0,0,0.0,,,,,,,,,,0.0,False,True,post,Final,Final,2026-01-21T22:20:37Z,espn,v1.3.2,Campbell Fighting Camels,Western Michigan Broncos,0.0,dbdc5c096820ed1e38aff8115adbc3b4b8a60e12
401812574,44.0,American University Eagles,Pennsylvania Quakers,home,2025-11-09,2025-11-09,2025-11-09T18:00Z,,84.0,78.0,6.0,0,0,0,0,0,0,0,0,0,0,0.0,,,,,,,,,,0.0,False,True,post,Final,Final,2026-01-21T22:20:27Z,espn,v1.3.2,American University Eagles,Pennsylvania Quakers,0.0,be1556e3401c9a69c31c6c00a0d701e3b10e69c5
401812574,219.0,Pennsylvania Quakers,American University Eagles,away,2025-11-09,2025-11-09,2025-11-09T18:00Z,,78.0,84.0,-6.0,0,0,0,0,0,0,0,0,0,0,0.0,,,,,,,,,,0.0,False,True,post,Final,Final,2026-01-21T22:20:27Z,espn,v1.3.2,American University Eagles,Pennsylvania Quakers,0.0,a91338233a76ca80a3015cea4347790583fece4b
401822758,2154.0,Coppin State Eagles,James Madison Dukes,away,2025-11-09,2025-11-09,2025-11-09T18:00Z,,70.0,84.0,-14.0,0,0,0,0,0,0,0,0,0,0,0.0,,,,,,,,,,0.0,False,True,post,Final,Final,2026-01-21T22:20:30Z,espn,v1.3.2,James Madison Dukes,Coppin State Eagles,0.0,743bdf4ba6c8146fe147393b5496ac7e8c7e8048
401822758,256.0,James Madison Dukes,Coppin State Eagles,home,2025-11-09,2025-11-09,2025-11-09T18:00Z,,84.0,70.0,14.0,0,0,0,0,0,0,0,0,0,0,0.0,,,,,,,,,,0.0,False,True,post,Final,Final,2026-01-21T22:20:30Z,espn,v1.3.2,James Madison Dukes,Coppin State Eagles,0.0,5eef09920d4fe6917085de3dbfddbe7700618ecc
401823022,84.0,Indiana Hoosiers,Marquette Golden Eagles,away,2025-11-09,2025-11-09,2025-11-09T18:00Z,,100.0,77.0,23.0,0,0,0,0,0,0,0,0,0,0,0.0,,,,,,,,,,0.0,False,True,post,Final,Final,2026-01-21T22:20:31Z,espn,v1.3.2,Marquette Golden Eagles,Indiana Hoosiers,1.0,693cb3db8482ce07f27bd6ef5be363c2bc31e0b0
401823022,269.0,Marquette Golden Eagles,Indiana Hoosiers,home,2025-11-09,2025-11-09,2025-11-09T18:00Z,,77.0,100.0,-23.0,0,0,0,0,0,0,0,0,0,0,0.0,,,,,,,,,,0.0,False,True,post,Final,Final,2026-01-21T22:20:31Z,espn,v1.3.2,Marquette Golden Eagles,Indiana Hoosiers,1.0,cfbffd81683d58e92a5a7563674a2d2506e544de
401826732,2026.0,App State Mountaineers,North Carolina Central Eagles,home,2025-11-09,2025-11-09,2025-11-09T18:00Z,,76.0,54.0,22.0,0,0,0,0,0,0,0,0,0,0,0.0,,,,,,,,,,0.0,False,True,post,Final,Final,2026-01-21T22:20:36Z,espn,v1.3.2,App State Mountaineers,North Carolina Central Eagles,1.0,39bbf3c93b76a3969d4af6163678dcfa89896b00
401826732,2428.0,North Carolina Central Eagles,App State Mountaineers,away,2025-11-09,2025-11-09,2025-11-09T18:00Z,,54.0,76.0,-22.0,0,0,0,0,0,0,0,0,0,0,0.0,,,,,,,,,,0.0,False,True,post,Final,Final,2026-01-21T22:20:36Z,espn,v1.3.2,App State Mountaineers,North Carolina Central Eagles,1.0,9f8c7c99e5ad448e3751c3c9378efaeb0798be2e
401811103,127162.0,Ozark Christian Ambassadors,South Dakota Coyotes,away,2025-11-09,2025-11-09,2025-11-09T19:00Z,,65.0,121.0,-56.0,0,0,0,0,0,0,0,0,0,0,0.0,,,,,,,,,,0.0,False,True,post,Final,Final,2026-01-21T22:20:27Z,espn,v1.3.2,South Dakota Coyotes,Ozark Christian Ambassadors,1.0,a0100b06d645c95d3c08b464c4f7191b3224f655
401811103,233.0,South Dakota Coyotes,Ozark Christian Ambassadors,home,2025-11-09,2025-11-09,2025-11-09T19:00Z,,121.0,65.0,56.0,0,0,0,0,0,0,0,0,0,0,0.0,,,,,,,,,,0.0,False,True,post,Final,Final,2026-01-21T22:20:27Z,espn,v1.3.2,South Dakota Coyotes,Ozark Christian Ambassadors,1.0,8cacff258d6ba80630778371179aa4f24ea2b5ca
401813254,172.0,Cornell Big Red,Illinois State Redbirds,away,2025-11-09,2025-11-09,2025-11-09T19:00Z,,65.0,76.0,-11.0,0,0,0,0,0,0,0,0,0,0,0.0,,,,,,,,,,0.0,False,True,post,Final,Final,2026-01-21T22:20:28Z,espn,v1.3.2,Illinois State Redbirds,Cornell Big Red,0.0,49d4af85391cd9d37c3d35afd8e968c737fa2fbc
401813254,2287.0,Illinois State Redbirds,Cornell Big Red,home,2025-11-09,2025-11-09,2025-11-09T19:00Z,,76.0,65.0,11.0,0,0,0,0,0,0,0,0,0,0,0.0,,,,,,,,,,0.0,False,True,post,Final,Final,2026-01-21T22:20:28Z,espn,v1.3.2,Illinois State Redbirds,Cornell Big Red,0.0,61e2a95ca538cec7b2a790953a88d4548df2e72f
401813287,197.0,Oklahoma State Cowboys,Texas A&M Aggies,home,2025-11-09,2025-11-09,2025-11-09T19:00Z,,87.0,63.0,24.0,0,0,0,0,0,0,0,0,0,0,0.0,,,,,,,,,,0.0,False,True,post,Final,Final,2026-01-21T22:20:28Z,espn,v1.3.2,Oklahoma State Cowboys,Texas A&M Aggies,1.0,8f4b0f1de136e289581166ad77492504b8abfb41
401813287,245.0,Texas A&M Aggies,Oklahoma State Cowboys,away,2025-11-09,2025-11-09,2025-11-09T19:00Z,,63.0,87.0,-24.0,0,0,0,0,0,0,0,0,0,0,0.0,,,,,,,,,,0.0,False,True,post,Final,Final,2026-01-21T22:20:28Z,espn,v1.3.2,Oklahoma State Cowboys,Texas A&M Aggies,1.0,b610309b9cbb7e1d760a8322b4852f40074bea01
401813320,159.0,Dartmouth Big Green,Marist Red Foxes,home,2025-11-09,2025-11-09,2025-11-09T19:00Z,,56.0,75.0,-19.0,0,0,0,0,0,0,0,0,0,0,0.0,,,,,,,,,,0.0,False,True,post,Final,Final,2026-01-21T22:20:28Z,espn,v1.3.2,Dartmouth Big Green,Marist Red Foxes,1.0,fb330f40cebbcac62f4c48208e7e899c332183c1
401813320,2368.0,Marist Red Foxes,Dartmouth Big Green,away,2025-11-09,2025-11-09,2025-11-09T19:00Z,,75.0,56.0,19.0,0,0,0,0,0,0,0,0,0,0,0.0,,,,,,,,,,0.0,False,True,post,Final,Final,2026-01-21T22:20:28Z,espn,v1.3.2,Dartmouth Big Green,Marist Red Foxes,1.0,1f97395a4a023f6597bc302c78de564e3cf84f69
401818548,225.0,Brown Bears,Vermont Catamounts,home,2025-11-09,2025-11-09,2025-11-09T19:00Z,,84.0,89.0,-5.0,0,0,0,0,0,0,0,0,0,0,0.0,,,,,,,,,,0.0,False,True,post,Final,Final/2OT,2026-01-21T22:20:29Z,espn,v1.3.2,Brown Bears,Vermont Catamounts,0.0,a6dcb3b890650917c3651705ee6d8d27e99277f1
401818548,261.0,Vermont Catamounts,Brown Bears,away,2025-11-09,2025-11-09,2025-11-09T19:00Z,,89.0,84.0,5.0,0,0,0,0,0,0,0,0,0,0,0.0,,,,,,,,,,0.0,False,True,post,Final,Final/2OT,2026-01-21T22:20:29Z,espn,v1.3.2,Brown Bears,Vermont Catamounts,0.0,09d6a8458bc79518f6c8037a4abc695b80e81ab8
401820542,2460.0,Northern Iowa Panthers,South Dakota State Jackrabbits,home,2025-11-09,2025-11-09,2025-11-09T19:00Z,,65.0,58.0,7.0,0,0,0,0,0,0,0,0,0,0,0.0,,,,,,,,,,0.0,False,True,post,Final,Final,2026-01-21T22:20:30Z,espn,v1.3.2,Northern Iowa Panthers,South Dakota State Jackrabbits,0.0,56358b2fa0dd6958c482fdd5ebe92e341c7d3abc
401820542,2571.0,South Dakota State Jackrabbits,Northern Iowa Panthers,away,2025-11-09,2025-11-09,2025-11-09T19:00Z,,58.0,65.0,-7.0,0,0,0,0,0,0,0,0,0,0,0.0,,,,,,,,,,0.0,False,True,post,Final,Final,2026-01-21T22:20:30Z,espn,v1.3.2,Northern Iowa Panthers,South Dakota State Jackrabbits,0.0,ce85f5f70986b9ea2f901a22bb7019157037d559
401823256,2463.0,Cal State Northridge Matadors,North Dakota Fighting Hawks,away,2025-11-09,2025-11-09,2025-11-09T19:00Z,,93.0,85.0,8.0,0,0,0,0,0,0,0,0,0,0,0.0,,,,,,,,,,0.0,False,True,post,Final,Final,2026-01-21T22:20:31Z,espn,v1.3.2,North Dakota Fighting Hawks,Cal State Northridge Matadors,0.0,762fea178640c390ccd231632dc73606ae5340f4
401823256,155.0,North Dakota Fighting Hawks,Cal State Northridge Matadors,home,2025-11-09,2025-11-09,2025-11-09T19:00Z,,85.0,93.0,-8.0,0,0,0,0,0,0,0,0,0,0,0.0,,,,,,,,,,0.0,False,True,post,Final,Final,2026-01-21T22:20:31Z,espn,v1.3.2,North Dakota Fighting Hawks,Cal State Northridge Matadors,0.0,ad2a3100e1e9c237f975bb683348295b7d4c5303
401823393,2936.0,Dominican (IL) Dominican,Purdue Fort Wayne Mastodons,away,2025-11-09,2025-11-09,2025-11-09T19:00Z,,56.0,137.0,-81.0,0,0,0,0,0,0,0,0,0,0,0.0,,,,,,,,,,0.0,False,True,post,Final,Final,2026-01-21T22:20:31Z,espn,v1.3.2,Purdue Fort Wayne Mastodons,Dominican (IL) Dominican,1.0,bd5a37b6cfb0330cb89a41e6497ac28b887a05a2
401823393,2870.0,Purdue Fort Wayne Mastodons,Dominican (IL) Dominican,home,2025-11-09,2025-11-09,2025-11-09T19:00Z,,137.0,56.0,81.0,0,0,0,0,0,0,0,0,0,0,0.0,,,,,,,,,,0.0,False,True,post,Final,Final,2026-01-21T22:20:31Z,espn,v1.3.2,Purdue Fort Wayne Mastodons,Dominican (IL) Dominican,1.0,703e2e8d495a4cd2892cd246c2c9a0e882eafd8b
401823417,189.0,Bowling Green Falcons,Le Moyne Dolphins,home,2025-11-09,2025-11-09,2025-11-09T19:00Z,,83.0,60.0,23.0,0,0,0,0,0,0,0,0,0,0,0.0,,,,,,,,,,0.0,False,True,post,Final,Final,2026-01-21T22:20:33Z,espn,v1.3.2,Bowling Green Falcons,Le Moyne Dolphins,1.0,096a8d225d5d3b10ec63ec0be29ecc10bf4db70b
401823417,2330.0,Le Moyne Dolphins,Bowling Green Falcons,away,2025-11-09,2025-11-09,2025-11-09T19:00Z,,60.0,83.0,-23.0,0,0,0,0,0,0,0,0,0,0,0.0,,,,,,,,,,0.0,False,True,post,Final,Final,2026-01-21T22:20:33Z,espn,v1.3.2,Bowling Green Falcons,Le Moyne Dolphins,1.0,525e7549cf2c891d7bc6108e43424dd8bb397d78
401823485,288.0,Lipscomb Bisons,Mercer Bears,away,2025-11-09,2025-11-09,2025-11-09T19:00Z,,77.0,92.0,-15.0,0,0,0,0,0,0,0,0,0,0,0.0,,,,,,,,,,0.0,False,True,post,Final,Final,2026-01-21T22:20:33Z,espn,v1.3.2,Mercer Bears,Lipscomb Bisons,0.0,e6d36801c2d2d835eceadd59c61b01e7ae0cda4a
401823485,2382.0,Mercer Bears,Lipscomb Bisons,home,2025-11-09,2025-11-09,2025-11-09T19:00Z,,92.0,77.0,15.0,0,0,0,0,0,0,0,0,0,0,0.0,,,,,,,,,,0.0,False,True,post,Final,Final,2026-01-21T22:20:33Z,espn,v1.3.2,Mercer Bears,Lipscomb Bisons,0.0,113e2e900b3f91b947903ba2b20cf7775656d133
401828576,61.0,Georgia Bulldogs,Morehead State Eagles,home,2025-11-09,2025-11-09,2025-11-09T19:00Z,,120.0,81.0,39.0,0,0,0,0,0,0,0,0,0,0,0.0,,,,,,,,,,0.0,False,True,post,Final,Final,2026-01-21T22:20:38Z,espn,v1.3.2,Georgia Bulldogs,Morehead State Eagles,1.0,fbcf19b30164fe7bb7a51d79e08776b16c966887
401828576,2413.0,Morehead State Eagles,Georgia Bulldogs,away,2025-11-09,2025-11-09,2025-11-09T19:00Z,,81.0,120.0,-39.0,0,0,0,0,0,0,0,0,0,0,0.0,,,,,,,,,,0.0,False,True,post,Final,Final,2026-01-21T22:20:38Z,espn,v1.3.2,Georgia Bulldogs,Morehead State Eagles,1.0,4d41ec5d25f4f25032c971746ac40ce2816a1cb8
401819814,9.0,Arizona State Sun Devils,Utah Tech Trailblazers,home,2025-11-09,2025-11-09,2025-11-09T20:00Z,,81.0,66.0,15.0,0,0,0,0,0,0,0,0,0,0,0.0,,,,,,,,,,0.0,False,True,post,Final,Final,2026-01-21T22:20:29Z,espn,v1.3.2,Arizona State Sun Devils,Utah Tech Trailblazers,0.0,a0f50a8522fb31b23a565ba6f8237c389872715f
401819814,3101.0,Utah Tech Trailblazers,Arizona State Sun Devils,away,2025-11-09,2025-11-09,2025-11-09T20:00Z,,66.0,81.0,-15.0,0,0,0,0,0,0,0,0,0,0,0.0,,,,,,,,,,0.0,False,True,post,Final,Final,2026-01-21T22:20:29Z,espn,v1.3.2,Arizona State Sun Devils,Utah Tech Trailblazers,0.0,24e1f84ce4e223f860d9b21ed75468ee932c3848
401819916,2329.0,Lehigh Mountain Hawks,West Virginia Mountaineers,away,2025-11-09,2025-11-09,2025-11-09T20:00Z,,47.0,69.0,-22.0,0,0,0,0,0,0,0,0,0,0,0.0,,,,,,,,,,0.0,False,True,post,Final,Final,2026-01-21T22:20:30Z,espn,v1.3.2,West Virginia Mountaineers,Lehigh Mountain Hawks,1.0,f897f1204aec3afc45a7430c2d7cb11add5904ba
401819916,277.0,West Virginia Mountaineers,Lehigh Mountain Hawks,home,2025-11-09,2025-11-09,2025-11-09T20:00Z,,69.0,47.0,22.0,0,0,0,0,0,0,0,0,0,0,0.0,,,,,,,,,,0.0,False,True,post,Final,Final,2026-01-21T22:20:30Z,espn,v1.3.2,West Virginia Mountaineers,Lehigh Mountain Hawks,1.0,09e0c41b285862280815853c8c1b6e27ebf67e33
401825577,2172.0,Denver Pioneers,Montana State Bobcats,away,2025-11-09,2025-11-09,2025-11-09T20:00Z,,75.0,73.0,2.0,0,0,0,0,0,0,0,0,0,0,0.0,,,,,,,,,,0.0,False,True,post,Final,Final,2026-01-21T22:20:35Z,espn,v1.3.2,Montana State Bobcats,Denver Pioneers,0.0,0ad7e16f0bcef38ef80c1544e809509a4d4f53df
401825577,147.0,Montana State Bobcats,Denver Pioneers,home,2025-11-09,2025-11-09,2025-11-09T20:00Z,,73.0,75.0,-2.0,0,0,0,0,0,0,0,0,0,0,0.0,,,,,,,,,,0.0,False,True,post,Final,Final,2026-01-21T22:20:35Z,espn,v1.3.2,Montana State Bobcats,Denver Pioneers,0.0,f7e2c066e25ab1ba381876f7d85f360f3a2b37c8
401826896,2348.0,Louisiana Tech Bulldogs,Lyon Scots,home,2025-11-09,2025-11-09,2025-11-09T20:00Z,,93.0,35.0,58.0,0,0,0,0,0,0,0,0,0,0,0.0,,,,,,,,,,0.0,False,True,post,Final,Final,2026-01-21T22:20:36Z,espn,v1.3.2,Louisiana Tech Bulldogs,Lyon Scots,1.0,be09b9a8ea46dd1e689513ee589c4a842dc66134
401826896,2358.0,Lyon Scots,Louisiana Tech Bulldogs,away,2025-11-09,2025-11-09,2025-11-09T20:00Z,,35.0,93.0,-58.0,0,0,0,0,0,0,0,0,0,0,0.0,,,,,,,,,,0.0,False,True,post,Final,Final,2026-01-21T22:20:36Z,espn,v1.3.2,Louisiana Tech Bulldogs,Lyon Scots,1.0,aa754e48122c4462c70d3c3817fb3e24f8352e9a
401828912,339.0,Evansville Purple Aces,Oakland City Mighty Oaks,home,2025-11-09,2025-11-09,2025-11-09T21:00Z,,76.0,47.0,29.0,0,0,0,0,0,0,0,0,0,0,0.0,,,,,,,,,,0.0,False,True,post,Final,Final,2026-01-21T22:20:38Z,espn,v1.3.2,Evansville Purple Aces,Oakland City Mighty Oaks,1.0,8497c662cd5319df841a3b0e37408719eecd60af
401828912,2474.0,Oakland City Mighty Oaks,Evansville Purple Aces,away,2025-11-09,2025-11-09,2025-11-09T21:00Z,,47.0,76.0,-29.0,0,0,0,0,0,0,0,0,0,0,0.0,,,,,,,,,,0.0,False,True,post,Final,Final,2026-01-21T22:20:38Z,espn,v1.3.2,Evansville Purple Aces,Oakland City Mighty Oaks,1.0,988ba0e78ae9ae0b5c1d12f0c114aedc70c51322
401823515,142.0,Missouri Tigers,VMI Keydets,home,2025-11-09,2025-11-09,2025-11-09T21:30Z,,106.0,68.0,38.0,0,0,0,0,0,0,0,0,0,0,0.0,,,,,,,,,,0.0,False,True,post,Final,Final,2026-01-21T22:20:33Z,espn,v1.3.2,Missouri Tigers,VMI Keydets,1.0,7302615726a6f00b498b2355a5a7b3f49079f92b
401823515,2678.0,VMI Keydets,Missouri Tigers,away,2025-11-09,2025-11-09,2025-11-09T21:30Z,,68.0,106.0,-38.0,0,0,0,0,0,0,0,0,0,0,0.0,,,,,,,,,,0.0,False,True,post,Final,Final,2026-01-21T22:20:33Z,espn,v1.3.2,Missouri Tigers,VMI Keydets,1.0,aa7cced4272df8d2d7331d50172e22b484c335f6
401823555,304.0,Idaho State Bengals,San Diego State Aztecs,away,2025-11-09,2025-11-09,2025-11-09T22:00Z,,57.0,73.0,-16.0,0,0,0,0,0,0,0,0,0,0,0.0,,,,,,,,,,0.0,False,True,post,Final,Final,2026-01-21T22:20:34Z,espn,v1.3.2,San Diego State Aztecs,Idaho State Bengals,0.0,ca2b3270797b8ec8ae9310503dd3886dd53f1ff4
401823555,21.0,San Diego State Aztecs,Idaho State Bengals,home,2025-11-09,2025-11-09,2025-11-09T22:00Z,,73.0,57.0,16.0,0,0,0,0,0,0,0,0,0,0,0.0,,,,,,,,,,0.0,False,True,post,Final,Final,2026-01-21T22:20:34Z,espn,v1.3.2,San Diego State Aztecs,Idaho State Bengals,0.0,21ed4db1094f973995051055602aecb4814ffaef
401824089,2501.0,Portland Pilots,UC Davis Aggies,home,2025-11-09,2025-11-09,2025-11-09T22:00Z,,67.0,63.0,4.0,0,0,0,0,0,0,0,0,0,0,0.0,,,,,,,,,,0.0,False,True,post,Final,Final,2026-01-21T22:20:35Z,espn,v1.3.2,Portland Pilots,UC Davis Aggies,0.0,826a8f121b0f262bf91f332fc8953986dad8f9dc
401824089,302.0,UC Davis Aggies,Portland Pilots,away,2025-11-09,2025-11-09,2025-11-09T22:00Z,,63.0,67.0,-4.0,0,0,0,0,0,0,0,0,0,0,0.0,,,,,,,,,,0.0,False,True,post,Final,Final,2026-01-21T22:20:35Z,espn,v1.3.2,Portland Pilots,UC Davis Aggies,0.0,8091b46fc70817734f78f1b3859458cafddb223e
401828276,2350.0,Loyola Chicago Ramblers,North Texas Mean Green,home,2025-11-09,2025-11-09,2025-11-09T22:00Z,,62.0,64.0,-2.0,0,0,0,0,0,0,0,0,0,0,0.0,,,,,,,,,,0.0,False,True,post,Final,Final,2026-01-21T22:20:37Z,espn,v1.3.2,Loyola Chicago Ramblers,North Texas Mean Green,0.0,f8e24646ba093fdb43dab35313427f7fbda37276
401828276,249.0,North Texas Mean Green,Loyola Chicago Ramblers,away,2025-11-09,2025-11-09,2025-11-09T22:00Z,,64.0,62.0,2.0,0,0,0,0,0,0,0,0,0,0,0.0,,,,,,,,,,0.0,False,True,post,Final,Final,2026-01-21T22:20:37Z,espn,v1.3.2,Loyola Chicago Ramblers,North Texas Mean Green,0.0,0eca293feb52481dc3a81de847f58e4efcfe30f2
401823808,36.0,Colorado State Rams,Omaha Mavericks,home,2025-11-09,2025-11-09,2025-11-09T23:00Z,,97.0,74.0,23.0,0,0,0,0,0,0,0,0,0,0,0.0,,,,,,,,,,0.0,False,True,post,Final,Final,2026-01-21T22:20:34Z,espn,v1.3.2,Colorado State Rams,Omaha Mavericks,1.0,60fe4af9bab7fde3eaf500210798e6d5f7a45179
401823808,2437.0,Omaha Mavericks,Colorado State Rams,away,2025-11-09,2025-11-09,2025-11-09T23:00Z,,74.0,97.0,-23.0,0,0,0,0,0,0,0,0,0,0,0.0,,,,,,,,,,0.0,False,True,post,Final,Final,2026-01-21T22:20:34Z,espn,v1.3.2,Colorado State Rams,Omaha Mavericks,1.0,2a4c2228b684ffc2b5142cafd560ae988016cb6c
401823858,2363.0,Manhattan Jaspers,USC Trojans,away,2025-11-09,2025-11-09,2025-11-09T23:00Z,,83.0,114.0,-31.0,0,0,0,0,0,0,0,0,0,0,0.0,,,,,,,,,,0.0,False,True,post,Final,Final,2026-01-21T22:20:34Z,espn,v1.3.2,USC Trojans,Manhattan Jaspers,1.0,7c698da9a277e0c8bcb4c71fe57722fb01234379
401823858,30.0,USC Trojans,Manhattan Jaspers,home,2025-11-09,2025-11-09,2025-11-09T23:00Z,,114.0,83.0,31.0,0,0,0,0,0,0,0,0,0,0,0.0,,,,,,,,,,0.0,False,True,post,Final,Final,2026-01-21T22:20:34Z,espn,v1.3.2,USC Trojans,Manhattan Jaspers,1.0,2e54822aad9e909524621d1ead330a03b84101ab
401826772,2226.0,Florida Atlantic Owls,Liberty Flames,away,2025-11-09,2025-11-09,2025-11-09T23:00Z,,68.0,88.0,-20.0,0,0,0,0,0,0,0,0,0,0,0.0,,,,,,,,,,0.0,False,True,post,Final,Final,2026-01-21T22:20:36Z,espn,v1.3.2,Liberty Flames,Florida Atlantic Owls,1.0,63dbe8a8e8aeee9c50a0aa8ba8ab0eee28ec3cca
401826772,2335.0,Liberty Flames,Florida Atlantic Owls,home,2025-11-09,2025-11-09,2025-11-09T23:00Z,,88.0,68.0,20.0,0,0,0,0,0,0,0,0,0,0,0.0,,,,,,,,,,0.0,False,True,post,Final,Final,2026-01-21T22:20:36Z,espn,v1.3.2,Liberty Flames,Florida Atlantic Owls,1.0,3a1a01407407261223af62b2e34e9950f8613af0
401827088,2755.0,Grambling Tigers,Howard Bison,away,2025-11-09,2025-11-09,2025-11-09T23:00Z,,73.0,70.0,3.0,0,0,0,0,0,0,0,0,0,0,0.0,,,,,,,,,,0.0,False,True,post,Final,Final,2026-01-21T22:20:37Z,espn,v1.3.2,Howard Bison,Grambling Tigers,0.0,632290addc37ad42e111f2ecba155a31fb00a25e
401827088,47.0,Howard Bison,Grambling Tigers,home,2025-11-09,2025-11-09,2025-11-09T23:00Z,,70.0,73.0,-3.0,0,0,0,0,0,0,0,0,0,0,0.0,,,,,,,,,,0.0,False,True,post,Final,Final,2026-01-21T22:20:37Z,espn,v1.3.2,Howard Bison,Grambling Tigers,0.0,51ca8cd2b70b9616357ee90436a5eb0338198cdf
401827257,2579.0,South Carolina Gamecocks,Southern Miss Golden Eagles,home,2025-11-09,2025-11-09,2025-11-09T23:30Z,,83.0,79.0,4.0,0,0,0,0,0,0,0,0,0,0,0.0,,,,,,,,,,0.0,False,True,post,Final,Final/OT,2026-01-21T22:20:37Z,espn,v1.3.2,South Carolina Gamecocks,Southern Miss Golden Eagles,0.0,1a05cee8eff151eb4e2491eedb170017ef32a06a
401827257,2572.0,Southern Miss Golden Eagles,South Carolina Gamecocks,away,2025-11-09,2025-11-09,2025-11-09T23:30Z,,79.0,83.0,-4.0,0,0,0,0,0,0,0,0,0,0,0.0,,,,,,,,,,0.0,False,True,post,Final,Final/OT,2026-01-21T22:20:37Z,espn,v1.3.2,South Carolina Gamecocks,Southern Miss Golden Eagles,0.0,2497230222a4158f24487c2fb30f32652d135460
401829390,3077.0,Kentucky Christian Knights,UT Martin Skyhawks,away,2025-11-09,2025-11-10,2025-11-10T00:30Z,,42.0,97.0,-55.0,0,0,0,0,0,0,0,0,0,0,0.0,,,,,,,,,,0.0,False,True,post,Final,Final,2026-01-21T22:20:39Z,espn,v1.3.2,UT Martin Skyhawks,Kentucky Christian Knights,1.0,fbd3c4c85e0b46d11fec14483de1657bb8c00f31
401829390,2630.0,UT Martin Skyhawks,Kentucky Christian Knights,home,2025-11-09,2025-11-10,2025-11-10T00:30Z,,97.0,42.0,55.0,0,0,0,0,0,0,0,0,0,0,0.0,,,,,,,,,,0.0,False,True,post,Final,Final,2026-01-21T22:20:39Z,espn,v1.3.2,UT Martin Skyhawks,Kentucky Christian Knights,1.0,0b13d49c17112424749447cfa45ee56d340c62e7
401819824,239.0,Baylor Bears,Washington Huskies,home,2025-11-09,2025-11-10,2025-11-10T01:30Z,,78.0,69.0,9.0,0,0,0,0,0,0,0,0,0,0,0.0,,,,,,,,,,0.0,False,True,post,Final,Final,2026-01-21T22:20:29Z,espn,v1.3.2,Baylor Bears,Washington Huskies,0.0,cf0438ec43b74dc663b5120220c05a1980e8aa2f
401819824,264.0,Washington Huskies,Baylor Bears,away,2025-11-09,2025-11-10,2025-11-10T01:30Z,,69.0,78.0,-9.0,0,0,0,0,0,0,0,0,0,0,0.0,,,,,,,,,,0.0,False,True,post,Final,Final,2026-01-21T22:20:29Z,espn,v1.3.2,Baylor Bears,Washington Huskies,0.0,b026ef6f49b29680c6a088810f19e84994e04f23
401824896,2837.0,East Texas A&M Lions,Hawai'i Rainbow Warriors,away,2025-11-09,2025-11-10,2025-11-10T06:00Z,,74.0,100.0,-26.0,0,0,0,0,0,0,0,0,0,0,0.0,,,,,,,,,,0.0,False,True,post,Final,Final,2026-01-21T22:20:35Z,espn,v1.3.2,Hawai'i Rainbow Warriors,East Texas A&M Lions,1.0,d3a4725c4f52f59f2b93234814749dfd176df497
401824896,62.0,Hawai'i Rainbow Warriors,East Texas A&M Lions,home,2025-11-09,2025-11-10,2025-11-10T06:00Z,,100.0,74.0,26.0,0,0,0,0,0,0,0,0,0,0,0.0,,,,,,,,,,0.0,False,True,post,Final,Final,2026-01-21T22:20:35Z,espn,v1.3.2,Hawai'i Rainbow Warriors,East Texas A&M Lions,1.0,268ef069dec4d382d54fbb10c0d331f36a47815e
401812787,171.0,Columbia Lions,UConn Huskies,away,2025-11-10,2025-11-10,2025-11-10T23:30Z,,62.0,89.0,-27.0,0,0,0,0,0,0,0,0,0,0,0.0,,,,,,,,,,0.0,False,True,post,Final,Final,2026-01-21T22:20:39Z,espn,v1.3.2,UConn Huskies,Columbia Lions,1.0,e636aa94200a3380f4804c75ce4fcb490a81959d
401812787,41.0,UConn Huskies,Columbia Lions,home,2025-11-10,2025-11-10,2025-11-10T23:30Z,,89.0,62.0,27.0,0,0,0,0,0,0,0,0,0,0,0.0,,,,,,,,,,0.0,False,True,post,Final,Final,2026-01-21T22:20:39Z,espn,v1.3.2,UConn Huskies,Columbia Lions,1.0,bb94437a4989731dbf53fc8c1736f34aed3722f5
401819872,66.0,Iowa State Cyclones,Mississippi State Bulldogs,home,2025-11-10,2025-11-11,2025-11-11T01:00Z,,96.0,80.0,16.0,0,0,0,0,0,0,0,0,0,0,0.0,,,,,,,,,,0.0,False,True,post,Final,Final,2026-01-21T22:20:40Z,espn,v1.3.2,Iowa State Cyclones,Mississippi State Bulldogs,0.0,71d8ef6e960ac299139f1de8b0dd1f6be454665e
401819872,344.0,Mississippi State Bulldogs,Iowa State Cyclones,away,2025-11-10,2025-11-11,2025-11-11T01:00Z,,80.0,96.0,-16.0,0,0,0,0,0,0,0,0,0,0,0.0,,,,,,,,,,0.0,False,True,post,Final,Final,2026-01-21T22:20:40Z,espn,v1.3.2,Iowa State Cyclones,Mississippi State Bulldogs,0.0,2a3c6d312a48b6a8f5994f388d6c78fdd53a179b
401813758,26.0,UCLA Bruins,West Georgia Wolves,home,2025-11-10,2025-11-11,2025-11-11T03:00Z,,83.0,62.0,21.0,0,0,0,0,0,0,0,0,0,0,0.0,,,,,,,,,,0.0,False,True,post,Final,Final,2026-01-21T22:20:39Z,espn,v1.3.2,UCLA Bruins,West Georgia Wolves,1.0,4ddd89944e19da51f4506c6febbd2295b11b2070
401813758,2698.0,West Georgia Wolves,UCLA Bruins,away,2025-11-10,2025-11-11,2025-11-11T03:00Z,,62.0,83.0,-21.0,0,0,0,0,0,0,0,0,0,0,0.0,,,,,,,,,,0.0,False,True,post,Final,Final,2026-01-21T22:20:39Z,espn,v1.3.2,UCLA Bruins,West Georgia Wolves,1.0,570c9ca89f412b0b6056d7cf2e123388b5c64ed0
401817529,130.0,Michigan Wolverines,Wake Forest Demon Deacons,home,2025-11-11,2025-11-11,2025-11-11T23:30Z,,85.0,84.0,1.0,0,0,0,0,0,0,0,0,0,0,0.0,,,,,,,,,,0.0,False,True,post,Final,Final/OT,2026-01-21T22:20:42Z,espn,v1.3.2,Michigan Wolverines,Wake Forest Demon Deacons,0.0,37c11909c516a18f4364e1798948c2410b764a17
401817529,154.0,Wake Forest Demon Deacons,Michigan Wolverines,away,2025-11-11,2025-11-11,2025-11-11T23:30Z,,84.0,85.0,-1.0,0,0,0,0,0,0,0,0,0,0,0.0,,,,,,,,,,0.0,False,True,post,Final,Final/OT,2026-01-21T22:20:42Z,espn,v1.3.2,Michigan Wolverines,Wake Forest Demon Deacons,0.0,dd28516ce867268d45b446d9ea30d80257a72b61
401817230,349.0,Army Black Knights,Duke Blue Devils,home,2025-11-11,2025-11-12,2025-11-12T00:00Z,,59.0,114.0,-55.0,0,0,0,0,0,0,0,0,0,0,0.0,,,,,,,,,,0.0,False,True,post,Final,Final,2026-01-21T22:20:40Z,espn,v1.3.2,Army Black Knights,Duke Blue Devils,1.0,038a9d560754824eb25730bb13106291ae0a1a77
401817230,150.0,Duke Blue Devils,Army Black Knights,away,2025-11-11,2025-11-12,2025-11-12T00:00Z,,114.0,59.0,55.0,0,0,0,0,0,0,0,0,0,0,0.0,,,,,,,,,,0.0,False,True,post,Final,Final,2026-01-21T22:20:40Z,espn,v1.3.2,Army Black Knights,Duke Blue Devils,1.0,ceb5a63a79975ab47efbe8da993f4b67ca1170a7
401817264,153.0,North Carolina Tar Heels,Radford Highlanders,home,2025-11-11,2025-11-12,2025-11-12T00:00Z,,89.0,74.0,15.0,0,0,0,0,0,0,0,0,0,0,0.0,,,,,,,,,,0.0,False,True,post,Final,Final,2026-01-21T22:20:41Z,espn,v1.3.2,North Carolina Tar Heels,Radford Highlanders,0.0,f85d8e1d2a52544b70bdcd7e792e74ee910671a3
401817264,2515.0,Radford Highlanders,North Carolina Tar Heels,away,2025-11-11,2025-11-12,2025-11-12T00:00Z,,74.0,89.0,-15.0,0,0,0,0,0,0,0,0,0,0,0.0,,,,,,,,,,0.0,False,True,post,Final,Final,2026-01-21T22:20:41Z,espn,v1.3.2,North Carolina Tar Heels,Radford Highlanders,0.0,36aa9b19340a05b3decc330029fe94abd5cb4299
401826707,57.0,Florida Gators,Florida State Seminoles,home,2025-11-11,2025-11-12,2025-11-12T00:00Z,,78.0,76.0,2.0,0,0,0,0,0,0,0,0,0,0,0.0,,,,,,,,,,0.0,False,True,post,Final,Final,2026-01-21T22:20:44Z,espn,v1.3.2,Florida Gators,Florida State Seminoles,0.0,b2b2870e57c5cc42dce3746b941135ce51b93190
401826707,52.0,Florida State Seminoles,Florida Gators,away,2025-11-11,2025-11-12,2025-11-12T00:00Z,,76.0,78.0,-2.0,0,0,0,0,0,0,0,0,0,0,0.0,,,,,,,,,,0.0,False,True,post,Final,Final,2026-01-21T22:20:44Z,espn,v1.3.2,Florida Gators,Florida State Seminoles,0.0,300acd5fea5dece64c3e1101ef5dd362c4e8234b
401817241,96.0,Kentucky Wildcats,Louisville Cardinals,away,2025-11-11,2025-11-12,2025-11-12T01:00Z,,88.0,96.0,-8.0,0,0,0,0,0,0,0,0,0,0,0.0,,,,,,,,,,0.0,False,True,post,Final,Final,2026-01-21T22:20:41Z,espn,v1.3.2,Louisville Cardinals,Kentucky Wildcats,0.0,4283d16ec079b6d94cfbcf90ff1ef73e3c8282db
401817241,97.0,Louisville Cardinals,Kentucky Wildcats,home,2025-11-11,2025-11-12,2025-11-12T01:00Z,,96.0,88.0,8.0,0,0,0,0,0,0,0,0,0,0,0.0,,,,,,,,,,0.0,False,True,post,Final,Final,2026-01-21T22:20:41Z,espn,v1.3.2,Louisville Cardinals,Kentucky Wildcats,0.0,2d2305c51a276a116b1551ca1801bf88e7c5d7b1
401819883,2305.0,Kansas Jayhawks,Texas A&M-Corpus Christi Islanders,home,2025-11-11,2025-11-12,2025-11-12T01:00Z,,77.0,46.0,31.0,0,0,0,0,0,0,0,0,0,0,0.0,,,,,,,,,,0.0,False,True,post,Final,Final,2026-01-21T22:20:42Z,espn,v1.3.2,Kansas Jayhawks,Texas A&M-Corpus Christi Islanders,1.0,90264b328d55798454db533290ba0ec37e002f09
401819883,357.0,Texas A&M-Corpus Christi Islanders,Kansas Jayhawks,away,2025-11-11,2025-11-12,2025-11-12T01:00Z,,46.0,77.0,-31.0,0,0,0,0,0,0,0,0,0,0,0.0,,,,,,,,,,0.0,False,True,post,Final,Final,2026-01-21T22:20:42Z,espn,v1.3.2,Kansas Jayhawks,Texas A&M-Corpus Christi Islanders,1.0,d653c75dd156aec293da9d8af5d5c738eabcdba7
401823476,2.0,Auburn Tigers,Wofford Terriers,home,2025-11-11,2025-11-12,2025-11-12T01:00Z,,93.0,62.0,31.0,0,0,0,0,0,0,0,0,0,0,0.0,,,,,,,,,,0.0,False,True,post,Final,Final,2026-01-21T22:20:44Z,espn,v1.3.2,Auburn Tigers,Wofford Terriers,1.0,e047b815dac145ae957b505ad41e22b1fad17e15
401823476,2747.0,Wofford Terriers,Auburn Tigers,away,2025-11-11,2025-11-12,2025-11-12T01:00Z,,62.0,93.0,-31.0,0,0,0,0,0,0,0,0,0,0,0.0,,,,,,,,,,0.0,False,True,post,Final,Final,2026-01-21T22:20:44Z,espn,v1.3.2,Auburn Tigers,Wofford Terriers,1.0,433321bb088b4077fd3cd22b7349495a1e5fc40d
401824935,8.0,Arkansas Razorbacks,Central Arkansas Bears,home,2025-11-11,2025-11-12,2025-11-12T01:00Z,,93.0,56.0,37.0,0,0,0,0,0,0,0,0,0,0,0.0,,,,,,,,,,0.0,False,True,post,Final,Final,2026-01-21T22:20:44Z,espn,v1.3.2,Arkansas Razorbacks,Central Arkansas Bears,1.0,cef23c176c8ddd5b5a8cf795533cc823373517a7
401824935,2110.0,Central Arkansas Bears,Arkansas Razorbacks,away,2025-11-11,2025-11-12,2025-11-12T01:00Z,,56.0,93.0,-37.0,0,0,0,0,0,0,0,0,0,0,0.0,,,,,,,,,,0.0,False,True,post,Final,Final,2026-01-21T22:20:44Z,espn,v1.3.2,Arkansas Razorbacks,Central Arkansas Bears,1.0,3886bd09e65568e4e0a6368508eb02b2bdf40b40
401811097,356.0,Illinois Fighting Illini,Texas Tech Red Raiders,home,2025-11-11,2025-11-12,2025-11-12T01:30Z,,81.0,77.0,4.0,0,0,0,0,0,0,0,0,0,0,0.0,,,,,,,,,,0.0,False,True,post,Final,Final,2026-01-21T22:20:40Z,espn,v1.3.2,Illinois Fighting Illini,Texas Tech Red Raiders,0.0,2c2bc5c7f405715c1759b5fc1e17ae95aeef2afa
401811097,2641.0,Texas Tech Red Raiders,Illinois Fighting Illini,away,2025-11-11,2025-11-12,2025-11-12T01:30Z,,77.0,81.0,-4.0,0,0,0,0,0,0,0,0,0,0,0.0,,,,,,,,,,0.0,False,True,post,Final,Final,2026-01-21T22:20:40Z,espn,v1.3.2,Illinois Fighting Illini,Texas Tech Red Raiders,0.0,8e2f9c969bc334f538574fa59a5931d4b25684a0
401822319,2050.0,Ball State Cardinals,Wisconsin Badgers,away,2025-11-11,2025-11-12,2025-11-12T01:30Z,,55.0,86.0,-31.0,0,0,0,0,0,0,0,0,0,0,0.0,,,,,,,,,,0.0,False,True,post,Final,Final,2026-01-21T22:20:43Z,espn,v1.3.2,Wisconsin Badgers,Ball State Cardinals,1.0,02b44bd67c1745f3167b3718ba5ac228dd9cbdfd
401822319,275.0,Wisconsin Badgers,Ball State Cardinals,home,2025-11-11,2025-11-12,2025-11-12T01:30Z,,86.0,55.0,31.0,0,0,0,0,0,0,0,0,0,0,0.0,,,,,,,,,,0.0,False,True,post,Final,Final,2026-01-21T22:20:43Z,espn,v1.3.2,Wisconsin Badgers,Ball State Cardinals,1.0,6f3c4e63bc64487b0e34318315d15280cbd176aa
401819835,252.0,BYU Cougars,Delaware Blue Hens,home,2025-11-11,2025-11-12,2025-11-12T02:00Z,,85.0,68.0,17.0,0,0,0,0,0,0,0,0,0,0,0.0,,,,,,,,,,0.0,False,True,post,Final,Final,2026-01-21T22:20:42Z,espn,v1.3.2,BYU Cougars,Delaware Blue Hens,0.0,5353439fe752f21a1df6a28d7a59e7aa473ccb4a
401819835,48.0,Delaware Blue Hens,BYU Cougars,away,2025-11-11,2025-11-12,2025-11-12T02:00Z,,68.0,85.0,-17.0,0,0,0,0,0,0,0,0,0,0,0.0,,,,,,,,,,0.0,False,True,post,Final,Final,2026-01-21T22:20:42Z,espn,v1.3.2,BYU Cougars,Delaware Blue Hens,0.0,5c9624ce3dbd8646da82159914a1539eaf060fb1
401825588,12.0,Arizona Wildcats,Northern Arizona Lumberjacks,home,2025-11-11,2025-11-12,2025-11-12T02:00Z,,84.0,49.0,35.0,0,0,0,0,0,0,0,0,0,0,0.0,,,,,,,,,,0.0,False,True,post,Final,Final,2026-01-21T22:20:44Z,espn,v1.3.2,Arizona Wildcats,Northern Arizona Lumberjacks,1.0,087227d952da9a1a5e92989dd316b95a784fe927
401825588,2464.0,Northern Arizona Lumberjacks,Arizona Wildcats,away,2025-11-11,2025-11-12,2025-11-12T02:00Z,,49.0,84.0,-35.0,0,0,0,0,0,0,0,0,0,0,0.0,,,,,,,,,,0.0,False,True,post,Final,Final,2026-01-21T22:20:44Z,espn,v1.3.2,Arizona Wildcats,Northern Arizona Lumberjacks,1.0,b539192ba752004d829a6d5a59ceb557c58aac8c
401820831,156.0,Creighton Bluejays,Gonzaga Bulldogs,away,2025-11-11,2025-11-12,2025-11-12T03:00Z,,63.0,90.0,-27.0,0,0,0,0,0,0,0,0,0,0,0.0,,,,,,,,,,0.0,False,True,post,Final,Final,2026-01-21T22:20:43Z,espn,v1.3.2,Gonzaga Bulldogs,Creighton Bluejays,1.0,0e1ba8836cec05a07462b92323aaff81904e394d
401820831,2250.0,Gonzaga Bulldogs,Creighton Bluejays,home,2025-11-11,2025-11-12,2025-11-12T03:00Z,,90.0,63.0,27.0,0,0,0,0,0,0,0,0,0,0,0.0,,,,,,,,,,0.0,False,True,post,Final,Final,2026-01-21T22:20:43Z,espn,v1.3.2,Gonzaga Bulldogs,Creighton Bluejays,1.0,e9b49292ed3860099341a22286ca4bb26d3d36e2
401823442,2454.0,North Florida Ospreys,Tennessee Volunteers,away,2025-11-12,2025-11-13,2025-11-13T00:00Z,,66.0,99.0,-33.0,0,0,0,0,0,0,0,0,0,0,0.0,,,,,,,,,,0.0,False,True,post,Final,Final,2026-01-21T22:20:45Z,espn,v1.3.2,Tennessee Volunteers,North Florida Ospreys,1.0,d780d9d0f290dd7fe85cb40a422c8efbb5ba946c
401823442,2633.0,Tennessee Volunteers,North Florida Ospreys,home,2025-11-12,2025-11-13,2025-11-13T00:00Z,,99.0,66.0,33.0,0,0,0,0,0,0,0,0,0,0,0.0,,,,,,,,,,0.0,False,True,post,Final,Final,2026-01-21T22:20:45Z,espn,v1.3.2,Tennessee Volunteers,North Florida Ospreys,1.0,f8774af481ece375a289ce5ebee8bf6236b58f26
401824811,248.0,Houston Cougars,Oakland Golden Grizzlies,home,2025-11-12,2025-11-13,2025-11-13T01:00Z,,78.0,45.0,33.0,0,0,0,0,0,0,0,0,0,0,0.0,,,,,,,,,,0.0,False,True,post,Final,Final,2026-01-21T22:20:45Z,espn,v1.3.2,Houston Cougars,Oakland Golden Grizzlies,1.0,97f977ba5df00d497cf0fcdf405d5190f648da62
401824811,2473.0,Oakland Golden Grizzlies,Houston Cougars,away,2025-11-12,2025-11-13,2025-11-13T01:00Z,,45.0,78.0,-33.0,0,0,0,0,0,0,0,0,0,0,0.0,,,,,,,,,,0.0,False,True,post,Final,Final,2026-01-21T22:20:45Z,espn,v1.3.2,Houston Cougars,Oakland Golden Grizzlies,1.0,701bd986757ae6f6c074cb004e3796fce719e705
401827220,127.0,Michigan State Spartans,San José State Spartans,home,2025-11-13,2025-11-13,2025-11-13T23:30Z,,79.0,60.0,19.0,0,0,0,0,0,0,0,0,0,0,0.0,,,,,,,,,,0.0,False,True,post,Final,Final,2026-01-21T22:20:46Z,espn,v1.3.2,Michigan State Spartans,San José State Spartans,1.0,cd93487de33e94e3c34fe389eaaeec00c237354c
401827220,23.0,San José State Spartans,Michigan State Spartans,away,2025-11-13,2025-11-13,2025-11-13T23:30Z,,60.0,79.0,-19.0,0,0,0,0,0,0,0,0,0,0,0.0,,,,,,,,,,0.0,False,True,post,Final,Final,2026-01-21T22:20:46Z,espn,v1.3.2,Michigan State Spartans,San José State Spartans,1.0,6dbdcacbee72b2698697f0c0f99340d543064874
401812262,333.0,Alabama Crimson Tide,Purdue Boilermakers,home,2025-11-13,2025-11-14,2025-11-14T00:00Z,,80.0,87.0,-7.0,0,0,0,0,0,0,0,0,0,0,0.0,,,,,,,,,,0.0,False,True,post,Final,Final,2026-01-21T22:20:46Z,espn,v1.3.2,Alabama Crimson Tide,Purdue Boilermakers,0.0,35566440018747248519d04ddf2e3d91f07caa62
401812262,2509.0,Purdue Boilermakers,Alabama Crimson Tide,away,2025-11-13,2025-11-14,2025-11-14T00:00Z,,87.0,80.0,7.0,0,0,0,0,0,0,0,0,0,0,0.0,,,,,,,,,,0.0,False,True,post,Final,Final,2026-01-21T22:20:46Z,espn,v1.3.2,Alabama Crimson Tide,Purdue Boilermakers,0.0,c93d3e7a04e904c5a42507f7974f03462a156a73
401817231,150.0,Duke Blue Devils,Indiana State Sycamores,home,2025-11-14,2025-11-15,2025-11-15T00:00Z,,100.0,62.0,38.0,0,0,0,0,0,0,0,0,0,0,0.0,,,,,,,,,,0.0,False,True,post,Final,Final,2026-01-21T22:20:48Z,espn,v1.3.2,Duke Blue Devils,Indiana State Sycamores,1.0,e0b40b5f637d99a8fa05b4fe295d9249dfe454ad
401817231,282.0,Indiana State Sycamores,Duke Blue Devils,away,2025-11-14,2025-11-15,2025-11-15T00:00Z,,62.0,100.0,-38.0,0,0,0,0,0,0,0,0,0,0,0.0,,,,,,,,,,0.0,False,True,post,Final,Final,2026-01-21T22:20:48Z,espn,v1.3.2,Duke Blue Devils,Indiana State Sycamores,1.0,daff9d2dbdc7de26df1beb315a452670c38c91b2
401822356,2197.0,Eastern Illinois Panthers,Kentucky Wildcats,away,2025-11-14,2025-11-15,2025-11-15T00:00Z,,53.0,99.0,-46.0,0,0,0,0,0,0,0,0,0,0,0.0,,,,,,,,,,0.0,False,True,post,Final,Final,2026-01-21T22:20:50Z,espn,v1.3.2,Kentucky Wildcats,Eastern Illinois Panthers,1.0,7df8f8a35eb33e8e4fcc0e3d4ac04e4480eba214
401822356,96.0,Kentucky Wildcats,Eastern Illinois Panthers,home,2025-11-14,2025-11-15,2025-11-15T00:00Z,,99.0,53.0,46.0,0,0,0,0,0,0,0,0,0,0,0.0,,,,,,,,,,0.0,False,True,post,Final,Final,2026-01-21T22:20:50Z,espn,v1.3.2,Kentucky Wildcats,Eastern Illinois Panthers,1.0,ecc6565c286c66c9659905b05f04e3b003742463
401819900,270.0,Milwaukee Panthers,Texas Tech Red Raiders,away,2025-11-14,2025-11-15,2025-11-15T01:00Z,,63.0,80.0,-17.0,0,0,0,0,0,0,0,0,0,0,0.0,,,,,,,,,,0.0,False,True,post,Final,Final,2026-01-21T22:20:49Z,espn,v1.3.2,Texas Tech Red Raiders,Milwaukee Panthers,0.0,ac27320978fba290b4e0b6526211bbb7e319ef0d
401819900,2641.0,Texas Tech Red Raiders,Milwaukee Panthers,home,2025-11-14,2025-11-15,2025-11-15T01:00Z,,80.0,63.0,17.0,0,0,0,0,0,0,0,0,0,0,0.0,,,,,,,,,,0.0,False,True,post,Final,Final,2026-01-21T22:20:49Z,espn,v1.3.2,Texas Tech Red Raiders,Milwaukee Panthers,0.0,c9371eec10a2f7b6b329ae15ef0d4aa7875de435
401820832,156.0,Creighton Bluejays,Maryland Eastern Shore Hawks,home,2025-11-14,2025-11-15,2025-11-15T01:00Z,,84.0,45.0,39.0,0,0,0,0,0,0,0,0,0,0,0.0,,,,,,,,,,0.0,False,True,post,Final,Final,2026-01-21T22:20:49Z,espn,v1.3.2,Creighton Bluejays,Maryland Eastern Shore Hawks,1.0,080221560ce56d85261bfa85992afdb691de8a20
401820832,2379.0,Maryland Eastern Shore Hawks,Creighton Bluejays,away,2025-11-14,2025-11-15,2025-11-15T01:00Z,,45.0,84.0,-39.0,0,0,0,0,0,0,0,0,0,0,0.0,,,,,,,,,,0.0,False,True,post,Final,Final,2026-01-21T22:20:49Z,espn,v1.3.2,Creighton Bluejays,Maryland Eastern Shore Hawks,1.0,e8bb05a4c70254d11085c7c5be55cc4d703e8598
401826786,8.0,Arkansas Razorbacks,Samford Bulldogs,home,2025-11-14,2025-11-15,2025-11-15T01:00Z,,79.0,75.0,4.0,0,0,0,0,0,0,0,0,0,0,0.0,,,,,,,,,,0.0,False,True,post,Final,Final,2026-01-21T22:20:50Z,espn,v1.3.2,Arkansas Razorbacks,Samford Bulldogs,0.0,3f2252440c0b6bb92a45e5c6500bbf30fdc626bd
401826786,2535.0,Samford Bulldogs,Arkansas Razorbacks,away,2025-11-14,2025-11-15,2025-11-15T01:00Z,,75.0,79.0,-4.0,0,0,0,0,0,0,0,0,0,0,0.0,,,,,,,,,,0.0,False,True,post,Final,Final,2026-01-21T22:20:50Z,espn,v1.3.2,Arkansas Razorbacks,Samford Bulldogs,0.0,e4245705a8913c57fdd31ee5793b8a878f6e7e1f
401812252,130.0,Michigan Wolverines,TCU Horned Frogs,away,2025-11-14,2025-11-15,2025-11-15T02:00Z,,67.0,63.0,4.0,0,0,0,0,0,0,0,0,0,0,0.0,,,,,,,,,,0.0,False,True,post,Final,Final,2026-01-21T22:20:47Z,espn,v1.3.2,TCU Horned Frogs,Michigan Wolverines,0.0,0eba41cc5b9c74486fac8cf1f066e35a01c157a6
401812252,2628.0,TCU Horned Frogs,Michigan Wolverines,home,2025-11-14,2025-11-15,2025-11-15T02:00Z,,63.0,67.0,-4.0,0,0,0,0,0,0,0,0,0,0,0.0,,,,,,,,,,0.0,False,True,post,Final,Final,2026-01-21T22:20:47Z,espn,v1.3.2,TCU Horned Frogs,Michigan Wolverines,0.0,14468fe0be603d3f46a6ad6a4574ec89c11842b0
401817265,2428.0,North Carolina Central Eagles,North Carolina Tar Heels,away,2025-11-14,2025-11-15,2025-11-15T02:00Z,,53.0,97.0,-44.0,0,0,0,0,0,0,0,0,0,0,0.0,,,,,,,,,,0.0,False,True,post,Final,Final,2026-01-21T22:20:48Z,espn,v1.3.2,North Carolina Tar Heels,North Carolina Central Eagles,1.0,0dee58238c73e33ba944b905544684895ac4a0ce
401817265,153.0,North Carolina Tar Heels,North Carolina Central Eagles,home,2025-11-14,2025-11-15,2025-11-15T02:00Z,,97.0,53.0,44.0,0,0,0,0,0,0,0,0,0,0,0.0,,,,,,,,,,0.0,False,True,post,Final,Final,2026-01-21T22:20:48Z,espn,v1.3.2,North Carolina Tar Heels,North Carolina Central Eagles,1.0,77698785f031a8feace909d313b4c3c7fac1c0b7
401827180,2142.0,Colgate Raiders,Illinois Fighting Illini,away,2025-11-14,2025-11-15,2025-11-15T02:00Z,,65.0,84.0,-19.0,0,0,0,0,0,0,0,0,0,0,0.0,,,,,,,,,,0.0,False,True,post,Final,Final,2026-01-21T22:20:50Z,espn,v1.3.2,Illinois Fighting Illini,Colgate Raiders,1.0,85ce853baa9c1995aeda13773d6f99bdb4a812c2
401827180,356.0,Illinois Fighting Illini,Colgate Raiders,home,2025-11-14,2025-11-15,2025-11-15T02:00Z,,84.0,65.0,19.0,0,0,0,0,0,0,0,0,0,0,0.0,,,,,,,,,,0.0,False,True,post,Final,Final,2026-01-21T22:20:50Z,espn,v1.3.2,Illinois Fighting Illini,Colgate Raiders,1.0,e7a55d35b2bdaf5b4b81e72d60600bb131d0f7d4
401813759,12.0,Arizona Wildcats,UCLA Bruins,away,2025-11-14,2025-11-15,2025-11-15T03:00Z,,69.0,65.0,4.0,0,0,0,0,0,0,0,0,0,0,0.0,,,,,,,,,,0.0,False,True,post,Final,Final,2026-01-21T22:20:47Z,espn,v1.3.2,UCLA Bruins,Arizona Wildcats,0.0,20eaaf4c2f3b801f5f8287373fe6bac4873ec6dc
401813759,26.0,UCLA Bruins,Arizona Wildcats,home,2025-11-14,2025-11-15,2025-11-15T03:00Z,,65.0,69.0,-4.0,0,0,0,0,0,0,0,0,0,0,0.0,,,,,,,,,,0.0,False,True,post,Final,Final,2026-01-21T22:20:47Z,espn,v1.3.2,UCLA Bruins,Arizona Wildcats,0.0,c5a241bd34a57f83f3437f8590ba50d2d95ad5fb
401819815,9.0,Arizona State Sun Devils,Gonzaga Bulldogs,home,2025-11-14,2025-11-15,2025-11-15T04:00Z,,65.0,77.0,-12.0,0,0,0,0,0,0,0,0,0,0,0.0,,,,,,,,,,0.0,False,True,post,Final,Final,2026-01-21T22:20:48Z,espn,v1.3.2,Arizona State Sun Devils,Gonzaga Bulldogs,0.0,70b038c5371dba9ff3d400be6eb371dcd63f66dd
401819815,2250.0,Gonzaga Bulldogs,Arizona State Sun Devils,away,2025-11-14,2025-11-15,2025-11-15T04:00Z,,77.0,65.0,12.0,0,0,0,0,0,0,0,0,0,0,0.0,,,,,,,,,,0.0,False,True,post,Final,Final,2026-01-21T22:20:48Z,espn,v1.3.2,Arizona State Sun Devils,Gonzaga Bulldogs,0.0,b4ce8d2ca990237e0c394deb1edc20b84b68b93c
401817242,97.0,Louisville Cardinals,Ohio Bobcats,home,2025-11-15,2025-11-15,2025-11-15T17:00Z,,106.0,81.0,25.0,0,0,0,0,0,0,0,0,0,0,0.0,,,,,,,,,,0.0,False,True,post,Final,Final,2026-01-21T22:20:56Z,espn,v1.3.2,Louisville Cardinals,Ohio Bobcats,1.0,c49c7a76198f9b8a784fc6e5dddbc4b20b265a7b
401817242,195.0,Ohio Bobcats,Louisville Cardinals,away,2025-11-15,2025-11-15,2025-11-15T17:00Z,,81.0,106.0,-25.0,0,0,0,0,0,0,0,0,0,0,0.0,,,,,,,,,,0.0,False,True,post,Final,Final,2026-01-21T22:20:56Z,espn,v1.3.2,Louisville Cardinals,Ohio Bobcats,1.0,d7689eb56d130f021c633044a7b1588c1531601a
401819884,2305.0,Kansas Jayhawks,Princeton Tigers,home,2025-11-15,2025-11-15,2025-11-15T19:00Z,,76.0,57.0,19.0,0,0,0,0,0,0,0,0,0,0,0.0,,,,,,,,,,0.0,False,True,post,Final,Final,2026-01-21T22:20:57Z,espn,v1.3.2,Kansas Jayhawks,Princeton Tigers,1.0,2e666eaa436fac45ab463bce27167c783e1880b9
401819884,163.0,Princeton Tigers,Kansas Jayhawks,away,2025-11-15,2025-11-15,2025-11-15T19:00Z,,57.0,76.0,-19.0,0,0,0,0,0,0,0,0,0,0,0.0,,,,,,,,,,0.0,False,True,post,Final,Final,2026-01-21T22:20:57Z,espn,v1.3.2,Kansas Jayhawks,Princeton Tigers,1.0,2cbe44c011b9b934ad8b084e2d073387b95eba41
401826915,2599.0,St. John's Red Storm,William & Mary Tribe,home,2025-11-15,2025-11-15,2025-11-15T23:00Z,,93.0,60.0,33.0,0,0,0,0,0,0,0,0,0,0,0.0,,,,,,,,,,0.0,False,True,post,Final,Final,2026-01-21T22:20:57Z,espn,v1.3.2,St. John's Red Storm,William & Mary Tribe,1.0,fef4b9ef0d448116bd59a5bc48fb8b3f6fbbba1d
401826915,2729.0,William & Mary Tribe,St. John's Red Storm,away,2025-11-15,2025-11-15,2025-11-15T23:00Z,,60.0,93.0,-33.0,0,0,0,0,0,0,0,0,0,0,0.0,,,,,,,,,,0.0,False,True,post,Final,Final,2026-01-21T22:20:57Z,espn,v1.3.2,St. John's Red Storm,William & Mary Tribe,1.0,3189a35a7fb202fd67c5d8e79b32e48f049191eb
401812788,252.0,BYU Cougars,UConn Huskies,away,2025-11-15,2025-11-16,2025-11-16T00:00Z,,84.0,86.0,-2.0,0,0,0,0,0,0,0,0,0,0,0.0,,,,,,,,,,0.0,False,True,post,Final,Final,2026-01-21T22:20:56Z,espn,v1.3.2,UConn Huskies,BYU Cougars,0.0,706cefb5a7f3b78ee082273c6b9ba17d2d3cfc01
401812788,41.0,UConn Huskies,BYU Cougars,home,2025-11-15,2025-11-16,2025-11-16T00:00Z,,86.0,84.0,2.0,0,0,0,0,0,0,0,0,0,0,0.0,,,,,,,,,,0.0,False,True,post,Final,Final,2026-01-21T22:20:56Z,espn,v1.3.2,UConn Huskies,BYU Cougars,0.0,c3780a6447c4995bf1d966d95c97f6f3e0fcfd02
401809305,2.0,Auburn Tigers,Houston Cougars,home,2025-11-16,2025-11-16,2025-11-16T20:00Z,,72.0,73.0,-1.0,0,0,0,0,0,0,0,0,0,0,0.0,,,,,,,,,,0.0,False,True,post,Final,Final,2026-01-21T22:20:57Z,espn,v1.3.2,Auburn Tigers,Houston Cougars,0.0,cbc3f39dfbc4cb1fce21be3d0402f48341b35cfd
401809305,248.0,Houston Cougars,Auburn Tigers,away,2025-11-16,2025-11-16,2025-11-16T20:00Z,,73.0,72.0,1.0,0,0,0,0,0,0,0,0,0,0,0.0,,,,,,,,,,0.0,False,True,post,Final,Final,2026-01-21T22:20:57Z,espn,v1.3.2,Auburn Tigers,Houston Cougars,0.0,2b50e9c186b051df8051f2a9305143523b91c68b
401820598,2006.0,Akron Zips,Purdue Boilermakers,away,2025-11-16,2025-11-17,2025-11-17T00:30Z,,79.0,97.0,-18.0,0,0,0,0,0,0,0,0,0,0,0.0,,,,,,,,,,0.0,False,True,post,Final,Final,2026-01-21T22:20:58Z,espn,v1.3.2,Purdue Boilermakers,Akron Zips,1.0,62b38a5eb61d460b88db2b230a79c32abc869236
401820598,2509.0,Purdue Boilermakers,Akron Zips,home,2025-11-16,2025-11-17,2025-11-17T00:30Z,,97.0,79.0,18.0,0,0,0,0,0,0,0,0,0,0,0.0,,,,,,,,,,0.0,False,True,post,Final,Final,2026-01-21T22:20:58Z,espn,v1.3.2,Purdue Boilermakers,Akron Zips,1.0,e7be7b7dfd92bfe118c4483f98a0f1b23719f98a
401809416,57.0,Florida Gators,Miami Hurricanes,home,2025-11-16,2025-11-17,2025-11-17T01:30Z,,82.0,68.0,14.0,0,0,0,0,0,0,0,0,0,0,0.0,,,,,,,,,,0.0,False,True,post,Final,Final,2026-01-21T22:20:58Z,espn,v1.3.2,Florida Gators,Miami Hurricanes,0.0,095755242b36941b89e180cc7fc807d480a2c46b
401809416,2390.0,Miami Hurricanes,Florida Gators,away,2025-11-16,2025-11-17,2025-11-17T01:30Z,,68.0,82.0,-14.0,0,0,0,0,0,0,0,0,0,0,0.0,,,,,,,,,,0.0,False,True,post,Final,Final,2026-01-21T22:20:58Z,espn,v1.3.2,Florida Gators,Miami Hurricanes,0.0,c2a13b4cf5f4c1d60124d36b37724bb35f90550d
401817255,152.0,NC State Wolfpack,VCU Rams,home,2025-11-17,2025-11-18,2025-11-18T00:00Z,,85.0,79.0,6.0,0,0,0,0,0,0,0,0,0,0,0.0,,,,,,,,,,0.0,False,True,post,Final,Final,2026-01-21T22:20:58Z,espn,v1.3.2,NC State Wolfpack,VCU Rams,0.0,f17d4e735d28dc7bcd3ecac129d8cdf62eef970e
401817255,2670.0,VCU Rams,NC State Wolfpack,away,2025-11-17,2025-11-18,2025-11-18T00:00Z,,79.0,85.0,-6.0,0,0,0,0,0,0,0,0,0,0,0.0,,,,,,,,,,0.0,False,True,post,Final,Final,2026-01-21T22:20:58Z,espn,v1.3.2,NC State Wolfpack,VCU Rams,0.0,4491060f4161081b63f6915e14e0f33f3f6377ad
401819873,66.0,Iowa State Cyclones,Stonehill Skyhawks,home,2025-11-17,2025-11-18,2025-11-18T01:00Z,,96.0,57.0,39.0,0,0,0,0,0,0,0,0,0,0,0.0,,,,,,,,,,0.0,False,True,post,Final,Final,2026-01-21T22:20:59Z,espn,v1.3.2,Iowa State Cyclones,Stonehill Skyhawks,1.0,4e4cc2c6d2db73698aa10e4cbf7bedb4757eb0c8
401819873,284.0,Stonehill Skyhawks,Iowa State Cyclones,away,2025-11-17,2025-11-18,2025-11-18T01:00Z,,57.0,96.0,-39.0,0,0,0,0,0,0,0,0,0,0,0.0,,,,,,,,,,0.0,False,True,post,Final,Final,2026-01-21T22:20:59Z,espn,v1.3.2,Iowa State Cyclones,Stonehill Skyhawks,1.0,d09b3293a94b58051422609194fb299539ced9a5
401826912,2565.0,SIU Edwardsville Cougars,Wisconsin Badgers,away,2025-11-17,2025-11-18,2025-11-18T01:00Z,,69.0,94.0,-25.0,0,0,0,0,0,0,0,0,0,0,0.0,,,,,,,,,,0.0,False,True,post,Final,Final,2026-01-21T22:21:00Z,espn,v1.3.2,Wisconsin Badgers,SIU Edwardsville Cougars,1.0,6ca69537ec541521c2b28b5812ab6ff625cd8569
401826912,275.0,Wisconsin Badgers,SIU Edwardsville Cougars,home,2025-11-17,2025-11-18,2025-11-18T01:00Z,,94.0,69.0,25.0,0,0,0,0,0,0,0,0,0,0,0.0,,,,,,,,,,0.0,False,True,post,Final,Final,2026-01-21T22:21:00Z,espn,v1.3.2,Wisconsin Badgers,SIU Edwardsville Cougars,1.0,07972e3187bc407001b21b8172e3951f40a7df2c
401826807,242.0,Rice Owls,Tennessee Volunteers,away,2025-11-17,2025-11-18,2025-11-18T01:30Z,,66.0,91.0,-25.0,0,0,0,0,0,0,0,0,0,0,0.0,,,,,,,,,,0.0,False,True,post,Final,Final,2026-01-21T22:21:00Z,espn,v1.3.2,Tennessee Volunteers,Rice Owls,1.0,cff32a83fa99290bb4142230d4f8b6afb128adfe
401826807,2633.0,Tennessee Volunteers,Rice Owls,home,2025-11-17,2025-11-18,2025-11-18T01:30Z,,91.0,66.0,25.0,0,0,0,0,0,0,0,0,0,0,0.0,,,,,,,,,,0.0,False,True,post,Final,Final,2026-01-21T22:21:00Z,espn,v1.3.2,Tennessee Volunteers,Rice Owls,1.0,aef0d277d34d01846fac97c036d91694fa7706d4
401823542,2250.0,Gonzaga Bulldogs,Southern Utah Thunderbirds,home,2025-11-17,2025-11-18,2025-11-18T02:00Z,,122.0,50.0,72.0,0,0,0,0,0,0,0,0,0,0,0.0,,,,,,,,,,0.0,False,True,post,Final,Final,2026-01-21T22:20:59Z,espn,v1.3.2,Gonzaga Bulldogs,Southern Utah Thunderbirds,1.0,ed3058685a101f513b4e296e2bdfe0936faddf38
401823542,253.0,Southern Utah Thunderbirds,Gonzaga Bulldogs,away,2025-11-17,2025-11-18,2025-11-18T02:00Z,,50.0,122.0,-72.0,0,0,0,0,0,0,0,0,0,0,0.0,,,,,,,,,,0.0,False,True,post,Final,Final,2026-01-21T22:20:59Z,espn,v1.3.2,Gonzaga Bulldogs,Southern Utah Thunderbirds,1.0,857beeaf5486409e2cc044202ffc325440b02a90
401827221,96.0,Kentucky Wildcats,Michigan State Spartans,home,2025-11-18,2025-11-18,2025-11-18T23:30Z,,66.0,83.0,-17.0,0,0,0,0,0,0,0,0,0,0,0.0,,,,,,,,,,0.0,False,True,post,Final,Final,2026-01-21T22:21:02Z,espn,v1.3.2,Kentucky Wildcats,Michigan State Spartans,0.0,55702a80959a0db5b29c869dce561acf2ffadd36
401827221,127.0,Michigan State Spartans,Kentucky Wildcats,away,2025-11-18,2025-11-18,2025-11-18T23:30Z,,83.0,66.0,17.0,0,0,0,0,0,0,0,0,0,0,0.0,,,,,,,,,,0.0,False,True,post,Final,Final,2026-01-21T22:21:02Z,espn,v1.3.2,Kentucky Wildcats,Michigan State Spartans,0.0,5adbfa1b2fa6386f4bbdfce595e861300f536bd6
401817266,2426.0,Navy Midshipmen,North Carolina Tar Heels,away,2025-11-18,2025-11-19,2025-11-19T00:00Z,,61.0,73.0,-12.0,0,0,0,0,0,0,0,0,0,0,0.0,,,,,,,,,,0.0,False,True,post,Final,Final,2026-01-21T22:21:01Z,espn,v1.3.2,North Carolina Tar Heels,Navy Midshipmen,0.0,a37efcc82704d7a3474ceb825f9c05015529b526
401817266,153.0,North Carolina Tar Heels,Navy Midshipmen,home,2025-11-18,2025-11-19,2025-11-19T00:00Z,,73.0,61.0,12.0,0,0,0,0,0,0,0,0,0,0,0.0,,,,,,,,,,0.0,False,True,post,Final,Final,2026-01-21T22:21:01Z,espn,v1.3.2,North Carolina Tar Heels,Navy Midshipmen,0.0,f4fec5b7d7be5b2f3f9d6671b3c15b557e78f9d1
401826787,8.0,Arkansas Razorbacks,Winthrop Eagles,home,2025-11-18,2025-11-19,2025-11-19T01:00Z,,84.0,83.0,1.0,0,0,0,0,0,0,0,0,0,0,0.0,,,,,,,,,,0.0,False,True,post,Final,Final,2026-01-21T22:21:02Z,espn,v1.3.2,Arkansas Razorbacks,Winthrop Eagles,0.0,d4f8c9e23516561781714f8039331282077957f7
401826787,2737.0,Winthrop Eagles,Arkansas Razorbacks,away,2025-11-18,2025-11-19,2025-11-19T01:00Z,,83.0,84.0,-1.0,0,0,0,0,0,0,0,0,0,0,0.0,,,,,,,,,,0.0,False,True,post,Final,Final,2026-01-21T22:21:02Z,espn,v1.3.2,Arkansas Razorbacks,Winthrop Eagles,0.0,aa3aad1c85b6064152b8f7a88ae2575ff21b16b1
401817232,150.0,Duke Blue Devils,Kansas Jayhawks,home,2025-11-18,2025-11-19,2025-11-19T02:00Z,,78.0,66.0,12.0,0,0,0,0,0,0,0,0,0,0,0.0,,,,,,,,,,0.0,False,True,post,Final,Final,2026-01-21T22:21:01Z,espn,v1.3.2,Duke Blue Devils,Kansas Jayhawks,0.0,beddec2c99cd556d79339b0afc8d59dc7bbcfcf5
401817232,2305.0,Kansas Jayhawks,Duke Blue Devils,away,2025-11-18,2025-11-19,2025-11-19T02:00Z,,66.0,78.0,-12.0,0,0,0,0,0,0,0,0,0,0,0.0,,,,,,,,,,0.0,False,True,post,Final,Final,2026-01-21T22:21:01Z,espn,v1.3.2,Duke Blue Devils,Kansas Jayhawks,0.0,9c82627aff2a6ecda06e6e7c188326d21de96206
401813760,16.0,Sacramento State Hornets,UCLA Bruins,away,2025-11-18,2025-11-19,2025-11-19T03:30Z,,48.0,79.0,-31.0,0,0,0,0,0,0,0,0,0,0,0.0,,,,,,,,,,0.0,False,True,post,Final,Final,2026-01-21T22:21:01Z,espn,v1.3.2,UCLA Bruins,Sacramento State Hornets,1.0,be5cf2c7d662d0e290b3dff6dcab762ea959f6da
401813760,26.0,UCLA Bruins,Sacramento State Hornets,home,2025-11-18,2025-11-19,2025-11-19T03:30Z,,79.0,48.0,31.0,0,0,0,0,0,0,0,0,0,0,0.0,,,,,,,,,,0.0,False,True,post,Final,Final,2026-01-21T22:21:01Z,espn,v1.3.2,UCLA Bruins,Sacramento State Hornets,1.0,6df77de2e3a1d671844b13c5858cf2e7d874361a
401822996,130.0,Michigan Wolverines,Middle Tennessee Blue Raiders,home,2025-11-19,2025-11-19,2025-11-19T23:30Z,,86.0,61.0,25.0,0,0,0,0,0,0,0,0,0,0,0.0,,,,,,,,,,0.0,False,True,post,Final,Final,2026-01-21T22:21:03Z,espn,v1.3.2,Michigan Wolverines,Middle Tennessee Blue Raiders,1.0,f2fa13a12c399d8e688c06c454a85edacc895126
401822996,2393.0,Middle Tennessee Blue Raiders,Michigan Wolverines,away,2025-11-19,2025-11-19,2025-11-19T23:30Z,,61.0,86.0,-25.0,0,0,0,0,0,0,0,0,0,0,0.0,,,,,,,,,,0.0,False,True,post,Final,Final,2026-01-21T22:21:03Z,espn,v1.3.2,Michigan Wolverines,Middle Tennessee Blue Raiders,1.0,16d9eb2a327ed9af55fb50fa4263b096bc958693
401812789,12.0,Arizona Wildcats,UConn Huskies,away,2025-11-19,2025-11-20,2025-11-20T00:00Z,,71.0,67.0,4.0,0,0,0,0,0,0,0,0,0,0,0.0,,,,,,,,,,0.0,False,True,post,Final,Final,2026-01-21T22:21:03Z,espn,v1.3.2,UConn Huskies,Arizona Wildcats,0.0,03eeb53649dba33ff8775ac00a6abd9f9e912dca
401812789,41.0,UConn Huskies,Arizona Wildcats,home,2025-11-19,2025-11-20,2025-11-20T00:00Z,,67.0,71.0,-4.0,0,0,0,0,0,0,0,0,0,0,0.0,,,,,,,,,,0.0,False,True,post,Final,Final,2026-01-21T22:21:03Z,espn,v1.3.2,UConn Huskies,Arizona Wildcats,0.0,b1bb315e92718f00bbc0be4d419157e73aed6e80
401823477,2.0,Auburn Tigers,Jackson State Tigers,home,2025-11-19,2025-11-20,2025-11-20T02:00Z,,112.0,66.0,46.0,0,0,0,0,0,0,0,0,0,0,0.0,,,,,,,,,,0.0,False,True,post,Final,Final,2026-01-21T22:21:04Z,espn,v1.3.2,Auburn Tigers,Jackson State Tigers,1.0,3816a30101e5920a86b795c0a14320ecb8938545
401823477,2296.0,Jackson State Tigers,Auburn Tigers,away,2025-11-19,2025-11-20,2025-11-20T02:00Z,,66.0,112.0,-46.0,0,0,0,0,0,0,0,0,0,0,0.0,,,,,,,,,,0.0,False,True,post,Final,Final,2026-01-21T22:21:04Z,espn,v1.3.2,Auburn Tigers,Jackson State Tigers,1.0,22c41157b5595c83c810d495004058d1ea88e812
401811098,333.0,Alabama Crimson Tide,Illinois Fighting Illini,away,2025-11-19,2025-11-20,2025-11-20T02:15Z,,90.0,86.0,4.0,0,0,0,0,0,0,0,0,0,0,0.0,,,,,,,,,,0.0,False,True,post,Final,Final,2026-01-21T22:21:03Z,espn,v1.3.2,Illinois Fighting Illini,Alabama Crimson Tide,0.0,643343ae7ff517fdf22c234649fa470a91fb7b06
401811098,356.0,Illinois Fighting Illini,Alabama Crimson Tide,home,2025-11-19,2025-11-20,2025-11-20T02:15Z,,86.0,90.0,-4.0,0,0,0,0,0,0,0,0,0,0,0.0,,,,,,,,,,0.0,False,True,post,Final,Final,2026-01-21T22:21:03Z,espn,v1.3.2,Illinois Fighting Illini,Alabama Crimson Tide,0.0,0c6e1582439af2a7bc32aac758a6e5c5ed315318
401823636,235.0,Memphis Tigers,Purdue Boilermakers,away,2025-11-20,2025-11-20,2025-11-20T23:00Z,,71.0,80.0,-9.0,0,0,0,0,0,0,0,0,0,0,0.0,,,,,,,,,,0.0,False,True,post,Final,Final,2026-01-21T22:21:05Z,espn,v1.3.2,Purdue Boilermakers,Memphis Tigers,0.0,d9069fe0fbb1c80a96a9ceb1a06a740713023088
401823636,2509.0,Purdue Boilermakers,Memphis Tigers,home,2025-11-20,2025-11-20,2025-11-20T23:00Z,,80.0,71.0,9.0,0,0,0,0,0,0,0,0,0,0,0.0,,,,,,,,,,0.0,False,True,post,Final,Final,2026-01-21T22:21:05Z,espn,v1.3.2,Purdue Boilermakers,Memphis Tigers,0.0,d3e7a4658e9c31d10117a0a1a8555d82ef0b9a58
401809078,2083.0,Bucknell Bison,St. John's Red Storm,away,2025-11-20,2025-11-21,2025-11-21T00:00Z,,49.0,97.0,-48.0,0,0,0,0,0,0,0,0,0,0,0.0,,,,,,,,,,0.0,False,True,post,Final,Final,2026-01-21T22:21:04Z,espn,v1.3.2,St. John's Red Storm,Bucknell Bison,1.0,034620685fdf956a43bad7f30c004bce12acabef
401809078,2599.0,St. John's Red Storm,Bucknell Bison,home,2025-11-20,2025-11-21,2025-11-21T00:00Z,,97.0,49.0,48.0,0,0,0,0,0,0,0,0,0,0,0.0,,,,,,,,,,0.0,False,True,post,Final,Final,2026-01-21T22:21:04Z,espn,v1.3.2,St. John's Red Storm,Bucknell Bison,1.0,9e8def4e9057f9aeed07b9610bd0ff951e48f0a4
401829386,2634.0,Tennessee State Tigers,Tennessee Volunteers,away,2025-11-20,2025-11-21,2025-11-21T00:00Z,,60.0,89.0,-29.0,0,0,0,0,0,0,0,0,0,0,0.0,,,,,,,,,,0.0,False,True,post,Final,Final,2026-01-21T22:21:06Z,espn,v1.3.2,Tennessee Volunteers,Tennessee State Tigers,1.0,c5b0304064cbb6b31e05f74cc2c232299ff30781
401829386,2633.0,Tennessee Volunteers,Tennessee State Tigers,home,2025-11-20,2025-11-21,2025-11-21T00:00Z,,89.0,60.0,29.0,0,0,0,0,0,0,0,0,0,0,0.0,,,,,,,,,,0.0,False,True,post,Final,Final,2026-01-21T22:21:06Z,espn,v1.3.2,Tennessee Volunteers,Tennessee State Tigers,1.0,708393db94ecdc5189860ac883faec501c291507
401817531,2641.0,Texas Tech Red Raiders,Wake Forest Demon Deacons,home,2025-11-20,2025-11-21,2025-11-21T01:59Z,,84.0,83.0,1.0,0,0,0,0,0,0,0,0,0,0,0.0,,,,,,,,,,0.0,False,True,post,Final,Final,2026-01-21T22:21:05Z,espn,v1.3.2,Texas Tech Red Raiders,Wake Forest Demon Deacons,0.0,b62b69690da091dce7035817e75aa54da6222f4e
401817531,154.0,Wake Forest Demon Deacons,Texas Tech Red Raiders,away,2025-11-20,2025-11-21,2025-11-21T01:59Z,,83.0,84.0,-1.0,0,0,0,0,0,0,0,0,0,0,0.0,,,,,,,,,,0.0,False,True,post,Final,Final,2026-01-21T22:21:05Z,espn,v1.3.2,Texas Tech Red Raiders,Wake Forest Demon Deacons,0.0,480576a9899cebfe76ba50cae522f6cc73a5260e
401812629,248.0,Houston Cougars,Rider Broncs,home,2025-11-20,2025-11-21,2025-11-21T02:00Z,,91.0,45.0,46.0,0,0,0,0,0,0,0,0,0,0,0.0,,,,,,,,,,0.0,False,True,post,Final,Final,2026-01-21T22:21:04Z,espn,v1.3.2,Houston Cougars,Rider Broncs,1.0,e4439ab1f57bce04685727a54727e6889e0c3bd1
401812629,2520.0,Rider Broncs,Houston Cougars,away,2025-11-20,2025-11-21,2025-11-21T02:00Z,,45.0,91.0,-46.0,0,0,0,0,0,0,0,0,0,0,0.0,,,,,,,,,,0.0,False,True,post,Final,Final,2026-01-21T22:21:04Z,espn,v1.3.2,Houston Cougars,Rider Broncs,1.0,058b85722b142ff6edd23e0c041231758cdb64c0
401819836,252.0,BYU Cougars,Wisconsin Badgers,home,2025-11-21,2025-11-21,2025-11-21T21:00Z,,98.0,70.0,28.0,0,0,0,0,0,0,0,0,0,0,0.0,,,,,,,,,,0.0,False,True,post,Final,Final,2026-01-21T22:21:07Z,espn,v1.3.2,BYU Cougars,Wisconsin Badgers,1.0,1e081e37c68bdf45729040e99ba9710d247977a3
401819836,275.0,Wisconsin Badgers,BYU Cougars,away,2025-11-21,2025-11-21,2025-11-21T21:00Z,,70.0,98.0,-28.0,0,0,0,0,0,0,0,0,0,0,0.0,,,,,,,,,,0.0,False,True,post,Final,Final,2026-01-21T22:21:07Z,espn,v1.3.2,BYU Cougars,Wisconsin Badgers,1.0,d6f21092a71f16cfe478d75768a9d80031ee46de
401817243,2132.0,Cincinnati Bearcats,Louisville Cardinals,home,2025-11-21,2025-11-21,2025-11-21T23:30Z,,64.0,74.0,-10.0,0,0,0,0,0,0,0,0,0,0,0.0,,,,,,,,,,0.0,False,True,post,Final,Final,2026-01-21T22:21:07Z,espn,v1.3.2,Cincinnati Bearcats,Louisville Cardinals,0.0,24d1b9ecd4760c83425d1ccc17b542620f6b0db6
401817243,97.0,Louisville Cardinals,Cincinnati Bearcats,away,2025-11-21,2025-11-21,2025-11-21T23:30Z,,74.0,64.0,10.0,0,0,0,0,0,0,0,0,0,0,0.0,,,,,,,,,,0.0,False,True,post,Final,Final,2026-01-21T22:21:07Z,espn,v1.3.2,Cincinnati Bearcats,Louisville Cardinals,0.0,7e3f882ef42389363993965b093b6c9939b9abac
401823371,2174.0,Detroit Mercy Titans,Michigan State Spartans,away,2025-11-21,2025-11-21,2025-11-21T23:30Z,,56.0,84.0,-28.0,0,0,0,0,0,0,0,0,0,0,0.0,,,,,,,,,,0.0,False,True,post,Final,Final,2026-01-21T22:21:08Z,espn,v1.3.2,Michigan State Spartans,Detroit Mercy Titans,1.0,a07ffb3a688af6b086b4c323d0464f763cb3e652
401823371,127.0,Michigan State Spartans,Detroit Mercy Titans,home,2025-11-21,2025-11-21,2025-11-21T23:30Z,,84.0,56.0,28.0,0,0,0,0,0,0,0,0,0,0,0.0,,,,,,,,,,0.0,False,True,post,Final,Final,2026-01-21T22:21:08Z,espn,v1.3.2,Michigan State Spartans,Detroit Mercy Titans,1.0,16b989c4aa0bf2054c7caacced2d574fd0ae586d
401813377,150.0,Duke Blue Devils,Niagara Purple Eagles,home,2025-11-21,2025-11-22,2025-11-22T00:00Z,,100.0,42.0,58.0,0,0,0,0,0,0,0,0,0,0,0.0,,,,,,,,,,0.0,False,True,post,Final,Final,2026-01-21T22:21:06Z,espn,v1.3.2,Duke Blue Devils,Niagara Purple Eagles,1.0,ea6f19b6d91db148ac1ebed63e3f1a0170eeef9e
401813377,315.0,Niagara Purple Eagles,Duke Blue Devils,away,2025-11-21,2025-11-22,2025-11-22T00:00Z,,42.0,100.0,-58.0,0,0,0,0,0,0,0,0,0,0,0.0,,,,,,,,,,0.0,False,True,post,Final,Final,2026-01-21T22:21:06Z,espn,v1.3.2,Duke Blue Devils,Niagara Purple Eagles,1.0,92ba8fbb755d44bb93c5f73531677e5b66e5de42
401820187,96.0,Kentucky Wildcats,Loyola Maryland Greyhounds,home,2025-11-21,2025-11-22,2025-11-22T00:00Z,,88.0,46.0,42.0,0,0,0,0,0,0,0,0,0,0,0.0,,,,,,,,,,0.0,False,True,post,Final,Final,2026-01-21T22:21:08Z,espn,v1.3.2,Kentucky Wildcats,Loyola Maryland Greyhounds,1.0,153ee2b442bfee8c93c1b6e13f1b948f0ff8b220
401820187,2352.0,Loyola Maryland Greyhounds,Kentucky Wildcats,away,2025-11-21,2025-11-22,2025-11-22T00:00Z,,46.0,88.0,-42.0,0,0,0,0,0,0,0,0,0,0,0.0,,,,,,,,,,0.0,False,True,post,Final,Final,2026-01-21T22:21:08Z,espn,v1.3.2,Kentucky Wildcats,Loyola Maryland Greyhounds,1.0,c0d9847724fafa73d39f3d279559ded0689dda64
401827489,57.0,Florida Gators,Merrimack Warriors,home,2025-11-21,2025-11-22,2025-11-22T00:00Z,,80.0,45.0,35.0,0,0,0,0,0,0,0,0,0,0,0.0,,,,,,,,,,0.0,False,True,post,Final,Final,2026-01-21T22:21:09Z,espn,v1.3.2,Florida Gators,Merrimack Warriors,1.0,c4d28b7ab819f64e4104978615a3fa2039117175
401827489,2771.0,Merrimack Warriors,Florida Gators,away,2025-11-21,2025-11-22,2025-11-22T00:00Z,,45.0,80.0,-35.0,0,0,0,0,0,0,0,0,0,0,0.0,,,,,,,,,,0.0,False,True,post,Final,Final,2026-01-21T22:21:09Z,espn,v1.3.2,Florida Gators,Merrimack Warriors,1.0,c1b025db3ca940819215dfdf6fd9097456af8c17
401826788,8.0,Arkansas Razorbacks,Jackson State Tigers,home,2025-11-21,2025-11-22,2025-11-22T01:00Z,,115.0,61.0,54.0,0,0,0,0,0,0,0,0,0,0,0.0,,,,,,,,,,0.0,False,True,post,Final,Final,2026-01-21T22:21:08Z,espn,v1.3.2,Arkansas Razorbacks,Jackson State Tigers,1.0,418554c18fde8b56756cca1d1df64db4c8dfa5bf
401826788,2296.0,Jackson State Tigers,Arkansas Razorbacks,away,2025-11-21,2025-11-22,2025-11-22T01:00Z,,61.0,115.0,-54.0,0,0,0,0,0,0,0,0,0,0,0.0,,,,,,,,,,0.0,False,True,post,Final,Final,2026-01-21T22:21:08Z,espn,v1.3.2,Arkansas Razorbacks,Jackson State Tigers,1.0,e90c62eea36ecff966cdd6058fc4456a36f69dc9
401823637,2509.0,Purdue Boilermakers,Texas Tech Red Raiders,home,2025-11-21,2025-11-22,2025-11-22T02:30Z,,86.0,56.0,30.0,0,0,0,0,0,0,0,0,0,0,0.0,,,,,,,,,,0.0,False,True,post,Final,Final,2026-01-21T22:21:08Z,espn,v1.3.2,Purdue Boilermakers,Texas Tech Red Raiders,1.0,9ac23d4dbcc96d8395a370261f325f6f9ed80f8d
401823637,2641.0,Texas Tech Red Raiders,Purdue Boilermakers,away,2025-11-21,2025-11-22,2025-11-22T02:30Z,,56.0,86.0,-30.0,0,0,0,0,0,0,0,0,0,0,0.0,,,,,,,,,,0.0,False,True,post,Final,Final,2026-01-21T22:21:08Z,espn,v1.3.2,Purdue Boilermakers,Texas Tech Red Raiders,1.0,bca017d2b82b9420a505e7363e0526814740e216
401813761,2506.0,Presbyterian Blue Hose,UCLA Bruins,away,2025-11-21,2025-11-22,2025-11-22T03:30Z,,46.0,86.0,-40.0,0,0,0,0,0,0,0,0,0,0,0.0,,,,,,,,,,0.0,False,True,post,Final,Final,2026-01-21T22:21:07Z,espn,v1.3.2,UCLA Bruins,Presbyterian Blue Hose,1.0,c9468d684bde8ad43167399d68f2615cc8fa7c88
401813761,26.0,UCLA Bruins,Presbyterian Blue Hose,home,2025-11-21,2025-11-22,2025-11-22T03:30Z,,86.0,46.0,40.0,0,0,0,0,0,0,0,0,0,0,0.0,,,,,,,,,,0.0,False,True,post,Final,Final,2026-01-21T22:21:07Z,espn,v1.3.2,UCLA Bruins,Presbyterian Blue Hose,1.0,7eb30e8a61e2a783946de4618d85bfed58f5a154
401812356,356.0,Illinois Fighting Illini,Long Island University Sharks,home,2025-11-22,2025-11-22,2025-11-22T19:00Z,,98.0,58.0,40.0,0,0,0,0,0,0,0,0,0,0,0.0,,,,,,,,,,0.0,False,True,post,Final,Final,2026-01-21T22:21:09Z,espn,v1.3.2,Illinois Fighting Illini,Long Island University Sharks,1.0,5370c6b755d6796c37aa4fddf19695d693df85b4
401812356,112358.0,Long Island University Sharks,Illinois Fighting Illini,away,2025-11-22,2025-11-22,2025-11-22T19:00Z,,58.0,98.0,-40.0,0,0,0,0,0,0,0,0,0,0,0.0,,,,,,,,,,0.0,False,True,post,Final,Final,2026-01-21T22:21:09Z,espn,v1.3.2,Illinois Fighting Illini,Long Island University Sharks,1.0,eb1ad4f2867e1eb384caa9b675bb7f5380e198cd
401817233,150.0,Duke Blue Devils,Howard Bison,home,2025-11-23,2025-11-23,2025-11-23T21:00Z,,93.0,56.0,37.0,0,0,0,0,0,0,0,0,0,0,0.0,,,,,,,,,,0.0,False,True,post,Final,Final,2026-01-21T22:21:10Z,espn,v1.3.2,Duke Blue Devils,Howard Bison,1.0,c90e8b35b3bb48b75cce7f2ee1d0176fea5a3dfc
401817233,47.0,Howard Bison,Duke Blue Devils,away,2025-11-23,2025-11-23,2025-11-23T21:00Z,,56.0,93.0,-37.0,0,0,0,0,0,0,0,0,0,0,0.0,,,,,,,,,,0.0,False,True,post,Final,Final,2026-01-21T22:21:10Z,espn,v1.3.2,Duke Blue Devils,Howard Bison,1.0,61d94185873761861dd9db2d044aa4416272c0e9
401812790,2803.0,Bryant Bulldogs,UConn Huskies,away,2025-11-23,2025-11-23,2025-11-23T23:00Z,,49.0,72.0,-23.0,0,0,0,0,0,0,0,0,0,0,0.0,,,,,,,,,,0.0,False,True,post,Final,Final,2026-01-21T22:21:10Z,espn,v1.3.2,UConn Huskies,Bryant Bulldogs,1.0,b1bebab54096ff4d7dfe01541dd0d0d804c52f15
401812790,41.0,UConn Huskies,Bryant Bulldogs,home,2025-11-23,2025-11-23,2025-11-23T23:00Z,,72.0,49.0,23.0,0,0,0,0,0,0,0,0,0,0,0.0,,,,,,,,,,0.0,False,True,post,Final,Final,2026-01-21T22:21:10Z,espn,v1.3.2,UConn Huskies,Bryant Bulldogs,1.0,d1fbc38b971be49ac2b7ff795f88ad3dc01e6b1b
401827435,164.0,Rutgers Scarlet Knights,Tennessee Volunteers,away,2025-11-24,2025-11-24,2025-11-24T18:00Z,,60.0,85.0,-25.0,0,0,0,0,0,0,0,0,0,0,0.0,,,,,,,,,,0.0,False,True,post,Final,Final,2026-01-21T22:21:14Z,espn,v1.3.2,Tennessee Volunteers,Rutgers Scarlet Knights,1.0,9f6add44f6cddd78da6c6b85e50314cc55e1493c
401827435,2633.0,Tennessee Volunteers,Rutgers Scarlet Knights,home,2025-11-24,2025-11-24,2025-11-24T18:00Z,,85.0,60.0,25.0,0,0,0,0,0,0,0,0,0,0,0.0,,,,,,,,,,0.0,False,True,post,Final,Final,2026-01-21T22:21:14Z,espn,v1.3.2,Tennessee Volunteers,Rutgers Scarlet Knights,1.0,8797656b37962c8c70e48a7dee5cdba88ff4940a
401817256,152.0,NC State Wolfpack,Seton Hall Pirates,home,2025-11-24,2025-11-24,2025-11-24T19:30Z,,74.0,85.0,-11.0,0,0,0,0,0,0,0,0,0,0,0.0,,,,,,,,,,0.0,False,True,post,Final,Final,2026-01-21T22:21:11Z,espn,v1.3.2,NC State Wolfpack,Seton Hall Pirates,0.0,da86b4dc3e8c92d72d2048a60cc0f14ad814e270
401817256,2550.0,Seton Hall Pirates,NC State Wolfpack,away,2025-11-24,2025-11-24,2025-11-24T19:30Z,,85.0,74.0,11.0,0,0,0,0,0,0,0,0,0,0,0.0,,,,,,,,,,0.0,False,True,post,Final,Final,2026-01-21T22:21:11Z,espn,v1.3.2,NC State Wolfpack,Seton Hall Pirates,0.0,d1cd32a6c3c7c37d0c379a816cb5bf5026dee03f
401819874,66.0,Iowa State Cyclones,St. John's Red Storm,away,2025-11-24,2025-11-24,2025-11-24T21:30Z,,83.0,82.0,1.0,0,0,0,0,0,0,0,0,0,0,0.0,,,,,,,,,,0.0,False,True,post,Final,Final,2026-01-21T22:21:12Z,espn,v1.3.2,St. John's Red Storm,Iowa State Cyclones,0.0,0a9a90c3496404c369214de774f2dfe764051e64
401819874,2599.0,St. John's Red Storm,Iowa State Cyclones,home,2025-11-24,2025-11-24,2025-11-24T21:30Z,,82.0,83.0,-1.0,0,0,0,0,0,0,0,0,0,0,0.0,,,,,,,,,,0.0,False,True,post,Final,Final,2026-01-21T22:21:12Z,espn,v1.3.2,St. John's Red Storm,Iowa State Cyclones,0.0,762c1d5f8ad832d2e048541479e1b6c6510ee4df
401817481,248.0,Houston Cougars,Syracuse Orange,home,2025-11-24,2025-11-24,2025-11-24T23:00Z,,78.0,74.0,4.0,0,0,0,0,0,0,0,0,0,0,0.0,,,,,,,,,,0.0,False,True,post,Final,Final/OT,2026-01-21T22:21:12Z,espn,v1.3.2,Houston Cougars,Syracuse Orange,0.0,1ec006aac01f7a435ac136fa76347d8ec7275a92
401817481,183.0,Syracuse Orange,Houston Cougars,away,2025-11-24,2025-11-24,2025-11-24T23:00Z,,74.0,78.0,-4.0,0,0,0,0,0,0,0,0,0,0,0.0,,,,,,,,,,0.0,False,True,post,Final,Final/OT,2026-01-21T22:21:12Z,espn,v1.3.2,Houston Cougars,Syracuse Orange,0.0,3eb37f1558dd9b930b6d652b1a11b1c822e4bfa3
401817244,2199.0,Eastern Michigan Eagles,Louisville Cardinals,away,2025-11-24,2025-11-25,2025-11-25T00:00Z,,46.0,87.0,-41.0,0,0,0,0,0,0,0,0,0,0,0.0,,,,,,,,,,0.0,False,True,post,Final,Final,2026-01-21T22:21:11Z,espn,v1.3.2,Louisville Cardinals,Eastern Michigan Eagles,1.0,edaf1543f5c6496d67a5a5571326493e7e621f15
401817244,97.0,Louisville Cardinals,Eastern Michigan Eagles,home,2025-11-24,2025-11-25,2025-11-25T00:00Z,,87.0,46.0,41.0,0,0,0,0,0,0,0,0,0,0,0.0,,,,,,,,,,0.0,False,True,post,Final,Final,2026-01-21T22:21:11Z,espn,v1.3.2,Louisville Cardinals,Eastern Michigan Eagles,1.0,79a4f988af588318f72f6a46f2d01328c84648fa
401823478,2.0,Auburn Tigers,Oregon Ducks,away,2025-11-24,2025-11-25,2025-11-25T01:00Z,,84.0,73.0,11.0,0,0,0,0,0,0,0,0,0,0,0.0,,,,,,,,,,0.0,False,True,post,Final,Final,2026-01-21T22:21:12Z,espn,v1.3.2,Oregon Ducks,Auburn Tigers,0.0,1a5b92e13b58ec2c24c130953a5fc6af41e7ff4e
401823478,2483.0,Oregon Ducks,Auburn Tigers,home,2025-11-24,2025-11-25,2025-11-25T01:00Z,,73.0,84.0,-11.0,0,0,0,0,0,0,0,0,0,0,0.0,,,,,,,,,,0.0,False,True,post,Final,Final,2026-01-21T22:21:12Z,espn,v1.3.2,Oregon Ducks,Auburn Tigers,0.0,0840da4b85c3df009602da542b77eb3ffc2e51d6
401827181,356.0,Illinois Fighting Illini,UT Rio Grande Valley Vaqueros,home,2025-11-24,2025-11-25,2025-11-25T01:00Z,,87.0,73.0,14.0,0,0,0,0,0,0,0,0,0,0,0.0,,,,,,,,,,0.0,False,True,post,Final,Final,2026-01-21T22:21:13Z,espn,v1.3.2,Illinois Fighting Illini,UT Rio Grande Valley Vaqueros,0.0,2decc787d9747b90febec96d840d344dc932d7e1
401827181,292.0,UT Rio Grande Valley Vaqueros,Illinois Fighting Illini,away,2025-11-24,2025-11-25,2025-11-25T01:00Z,,73.0,87.0,-14.0,0,0,0,0,0,0,0,0,0,0,0.0,,,,,,,,,,0.0,False,True,post,Final,Final,2026-01-21T22:21:13Z,espn,v1.3.2,Illinois Fighting Illini,UT Rio Grande Valley Vaqueros,0.0,ff11c61cedc0638744e5bc8956f9d5971c1a82f7
401812263,333.0,Alabama Crimson Tide,Gonzaga Bulldogs,home,2025-11-24,2025-11-25,2025-11-25T02:30Z,,85.0,95.0,-10.0,0,0,0,0,0,0,0,0,0,0,0.0,,,,,,,,,,0.0,False,True,post,Final,Final,2026-01-21T22:21:10Z,espn,v1.3.2,Alabama Crimson Tide,Gonzaga Bulldogs,0.0,fb1b86d6a9b8f87a0a5fc19f8e41fa537b899b58
401812263,2250.0,Gonzaga Bulldogs,Alabama Crimson Tide,away,2025-11-24,2025-11-25,2025-11-25T02:30Z,,95.0,85.0,10.0,0,0,0,0,0,0,0,0,0,0,0.0,,,,,,,,,,0.0,False,True,post,Final,Final,2026-01-21T22:21:10Z,espn,v1.3.2,Alabama Crimson Tide,Gonzaga Bulldogs,0.0,0d9d9bfa643186a6a00b8f60f466a51e94c66d78
401823764,130.0,Michigan Wolverines,San Diego State Aztecs,home,2025-11-24,2025-11-25,2025-11-25T03:30Z,,94.0,54.0,40.0,0,0,0,0,0,0,0,0,0,0,0.0,,,,,,,,,,0.0,False,True,post,Final,Final,2026-01-21T22:21:13Z,espn,v1.3.2,Michigan Wolverines,San Diego State Aztecs,1.0,e579397f4e842fcd313b5e87e173a7cae36d9630
401823764,21.0,San Diego State Aztecs,Michigan Wolverines,away,2025-11-24,2025-11-25,2025-11-25T03:30Z,,54.0,94.0,-40.0,0,0,0,0,0,0,0,0,0,0,0.0,,,,,,,,,,0.0,False,True,post,Final,Final,2026-01-21T22:21:13Z,espn,v1.3.2,Michigan Wolverines,San Diego State Aztecs,1.0,a927f45f24600136550f3061dedb21834b511455
401826740,12.0,Arizona Wildcats,Denver Pioneers,home,2025-11-24,2025-11-25,2025-11-25T03:30Z,,103.0,73.0,30.0,0,0,0,0,0,0,0,0,0,0,0.0,,,,,,,,,,0.0,False,True,post,Final,Final,2026-01-21T22:21:13Z,espn,v1.3.2,Arizona Wildcats,Denver Pioneers,1.0,7905abf4e9a8231bd142f74e5275dfa234388c95
401826740,2172.0,Denver Pioneers,Arizona Wildcats,away,2025-11-24,2025-11-25,2025-11-25T03:30Z,,73.0,103.0,-30.0,0,0,0,0,0,0,0,0,0,0,0.0,,,,,,,,,,0.0,False,True,post,Final,Final,2026-01-21T22:21:13Z,espn,v1.3.2,Arizona Wildcats,Denver Pioneers,1.0,e4b66b74552e128b06c17c1e0a97aa867616ce3e
401820810,151.0,East Carolina Pirates,Michigan State Spartans,home,2025-11-25,2025-11-25,2025-11-25T18:00Z,,56.0,89.0,-33.0,0,0,0,0,0,0,0,0,0,0,0.0,,,,,,,,,,0.0,False,True,post,Final,Final,2026-01-21T22:21:16Z,espn,v1.3.2,East Carolina Pirates,Michigan State Spartans,1.0,c34a215b0a3cc31edcfaed0ba9acf0037df734d5
401820810,127.0,Michigan State Spartans,East Carolina Pirates,away,2025-11-25,2025-11-25,2025-11-25T18:00Z,,89.0,56.0,33.0,0,0,0,0,0,0,0,0,0,0,0.0,,,,,,,,,,0.0,False,True,post,Final,Final,2026-01-21T22:21:16Z,espn,v1.3.2,East Carolina Pirates,Michigan State Spartans,1.0,6ceb2036efa008dbe1e1cf2b125e7a791eef0c53
401819875,156.0,Creighton Bluejays,Iowa State Cyclones,away,2025-11-25,2025-11-25,2025-11-25T19:00Z,,60.0,78.0,-18.0,0,0,0,0,0,0,0,0,0,0,0.0,,,,,,,,,,0.0,False,True,post,Final,Final,2026-01-21T22:21:16Z,espn,v1.3.2,Iowa State Cyclones,Creighton Bluejays,1.0,c1da9f95c77515640b24ecb7398a11e3568e963f
401819875,66.0,Iowa State Cyclones,Creighton Bluejays,home,2025-11-25,2025-11-25,2025-11-25T19:00Z,,78.0,60.0,18.0,0,0,0,0,0,0,0,0,0,0,0.0,,,,,,,,,,0.0,False,True,post,Final,Final,2026-01-21T22:21:16Z,espn,v1.3.2,Iowa State Cyclones,Creighton Bluejays,1.0,5c98a1aff04f292132986388c9fb766d9ce0df75
401831198,68.0,Boise State Broncos,NC State Wolfpack,home,2025-11-25,2025-11-25,2025-11-25T19:30Z,,70.0,81.0,-11.0,0,0,0,0,0,0,0,0,0,0,0.0,,,,,,,,,,0.0,False,True,post,Final,Final,2026-01-21T22:21:18Z,espn,v1.3.2,Boise State Broncos,NC State Wolfpack,0.0,341f828f93282aeba345e311ba7bc8f591c97f98
401831198,152.0,NC State Wolfpack,Boise State Broncos,away,2025-11-25,2025-11-25,2025-11-25T19:30Z,,81.0,70.0,11.0,0,0,0,0,0,0,0,0,0,0,0.0,,,,,,,,,,0.0,False,True,post,Final,Final,2026-01-21T22:21:18Z,espn,v1.3.2,Boise State Broncos,NC State Wolfpack,0.0,2afd2eb4d28a2f32b136c7316b6226e7092957fc
401819827,239.0,Baylor Bears,St. John's Red Storm,home,2025-11-25,2025-11-25,2025-11-25T21:30Z,,81.0,96.0,-15.0,0,0,0,0,0,0,0,0,0,0,0.0,,,,,,,,,,0.0,False,True,post,Final,Final,2026-01-21T22:21:15Z,espn,v1.3.2,Baylor Bears,St. John's Red Storm,0.0,8d2b71069f7466c4e644f60a0871acbe217d7613
401819827,2599.0,St. John's Red Storm,Baylor Bears,away,2025-11-25,2025-11-25,2025-11-25T21:30Z,,96.0,81.0,15.0,0,0,0,0,0,0,0,0,0,0,0.0,,,,,,,,,,0.0,False,True,post,Final,Final,2026-01-21T22:21:15Z,espn,v1.3.2,Baylor Bears,St. John's Red Storm,0.0,67eca50c6ca8dc4f7bd0afb056e838e241538f91
401817198,153.0,North Carolina Tar Heels,St. Bonaventure Bonnies,home,2025-11-25,2025-11-25,2025-11-25T23:00Z,,85.0,70.0,15.0,0,0,0,0,0,0,0,0,0,0,0.0,,,,,,,,,,0.0,False,True,post,Final,Final,2026-01-21T22:21:15Z,espn,v1.3.2,North Carolina Tar Heels,St. Bonaventure Bonnies,0.0,7bfa2a3f26ee3807580edb3c6f6529138c564f49
401817198,179.0,St. Bonaventure Bonnies,North Carolina Tar Heels,away,2025-11-25,2025-11-25,2025-11-25T23:00Z,,70.0,85.0,-15.0,0,0,0,0,0,0,0,0,0,0,0.0,,,,,,,,,,0.0,False,True,post,Final,Final,2026-01-21T22:21:15Z,espn,v1.3.2,North Carolina Tar Heels,St. Bonaventure Bonnies,0.0,60550aa21ec1d0b6087e6978120dfa9016b3cd62
401824812,248.0,Houston Cougars,Tennessee Volunteers,home,2025-11-25,2025-11-25,2025-11-25T23:00Z,,73.0,76.0,-3.0,0,0,0,0,0,0,0,0,0,0,0.0,,,,,,,,,,0.0,False,True,post,Final,Final,2026-01-21T22:21:18Z,espn,v1.3.2,Houston Cougars,Tennessee Volunteers,0.0,270a7888764a6a607d5276a19696c6886d885270
401824812,2633.0,Tennessee Volunteers,Houston Cougars,away,2025-11-25,2025-11-25,2025-11-25T23:00Z,,76.0,73.0,3.0,0,0,0,0,0,0,0,0,0,0,0.0,,,,,,,,,,0.0,False,True,post,Final,Final,2026-01-21T22:21:18Z,espn,v1.3.2,Houston Cougars,Tennessee Volunteers,0.0,8318bcb0cc5a6063f278dcb024c2d34f204b0f94
401819892,84.0,Indiana Hoosiers,Kansas State Wildcats,home,2025-11-25,2025-11-26,2025-11-26T01:00Z,,86.0,69.0,17.0,0,0,0,0,0,0,0,0,0,0,0.0,,,,,,,,,,0.0,False,True,post,Final,Final,2026-01-21T22:21:16Z,espn,v1.3.2,Indiana Hoosiers,Kansas State Wildcats,0.0,9f1847211ddc52bff2ec89e688d1196589054b6f
401819892,2306.0,Kansas State Wildcats,Indiana Hoosiers,away,2025-11-25,2025-11-26,2025-11-26T01:00Z,,69.0,86.0,-17.0,0,0,0,0,0,0,0,0,0,0,0.0,,,,,,,,,,0.0,False,True,post,Final,Final,2026-01-21T22:21:16Z,espn,v1.3.2,Indiana Hoosiers,Kansas State Wildcats,0.0,21d8b5212656a1e5125bf986382c72d3291fa0d7
401823479,2.0,Auburn Tigers,Michigan Wolverines,away,2025-11-25,2025-11-26,2025-11-26T01:30Z,,72.0,102.0,-30.0,0,0,0,0,0,0,0,0,0,0,0.0,,,,,,,,,,0.0,False,True,post,Final,Final,2026-01-21T22:21:17Z,espn,v1.3.2,Michigan Wolverines,Auburn Tigers,1.0,567f490eb33713d7429a06311636aa26f6dbe754
401823479,130.0,Michigan Wolverines,Auburn Tigers,home,2025-11-25,2025-11-26,2025-11-26T01:30Z,,102.0,72.0,30.0,0,0,0,0,0,0,0,0,0,0,0.0,,,,,,,,,,0.0,False,True,post,Final,Final,2026-01-21T22:21:17Z,espn,v1.3.2,Michigan Wolverines,Auburn Tigers,1.0,7903b035836c54e419090f6dac6bae4bf68aea14
401824033,2250.0,Gonzaga Bulldogs,Maryland Terrapins,home,2025-11-25,2025-11-26,2025-11-26T02:30Z,,100.0,61.0,39.0,0,0,0,0,0,0,0,0,0,0,0.0,,,,,,,,,,0.0,False,True,post,Final,Final,2026-01-21T22:21:17Z,espn,v1.3.2,Gonzaga Bulldogs,Maryland Terrapins,1.0,53667d55335cac711d12a276c290b9021f8cbcaa
401824033,120.0,Maryland Terrapins,Gonzaga Bulldogs,away,2025-11-25,2025-11-26,2025-11-26T02:30Z,,61.0,100.0,-39.0,0,0,0,0,0,0,0,0,0,0,0.0,,,,,,,,,,0.0,False,True,post,Final,Final,2026-01-21T22:21:17Z,espn,v1.3.2,Gonzaga Bulldogs,Maryland Terrapins,1.0,6f3598ec8872646dded81c88b1ebfe40b1e17dbf
401813762,25.0,California Golden Bears,UCLA Bruins,home,2025-11-25,2025-11-26,2025-11-26T03:00Z,,80.0,72.0,8.0,0,0,0,0,0,0,0,0,0,0,0.0,,,,,,,,,,0.0,False,True,post,Final,Final,2026-01-21T22:21:14Z,espn,v1.3.2,California Golden Bears,UCLA Bruins,0.0,ff7fcd530e2d64e4ad79ed3084ef1ce91c48b772
401813762,26.0,UCLA Bruins,California Golden Bears,away,2025-11-25,2025-11-26,2025-11-26T03:00Z,,72.0,80.0,-8.0,0,0,0,0,0,0,0,0,0,0,0.0,,,,,,,,,,0.0,False,True,post,Final,Final,2026-01-21T22:21:14Z,espn,v1.3.2,California Golden Bears,UCLA Bruins,0.0,8c402b7b48245b5fcb3dd6b5e166611a8f128cf3
401812264,333.0,Alabama Crimson Tide,UNLV Rebels,home,2025-11-25,2025-11-26,2025-11-26T04:59Z,,115.0,76.0,39.0,0,0,0,0,0,0,0,0,0,0,0.0,,,,,,,,,,0.0,False,True,post,Final,Final,2026-01-21T22:21:14Z,espn,v1.3.2,Alabama Crimson Tide,UNLV Rebels,1.0,3ffecb0b5658c725c00de4bec4ea7c4b1ea34515
401812264,2439.0,UNLV Rebels,Alabama Crimson Tide,away,2025-11-25,2025-11-26,2025-11-26T04:59Z,,76.0,115.0,-39.0,0,0,0,0,0,0,0,0,0,0,0.0,,,,,,,,,,0.0,False,True,post,Final,Final,2026-01-21T22:21:14Z,espn,v1.3.2,Alabama Crimson Tide,UNLV Rebels,1.0,036dbb20a9f5f4587c2c581f72ff42ee5d917202
401823362,238.0,Vanderbilt Commodores,Western Kentucky Hilltoppers,away,2025-11-26,2025-11-26,2025-11-26T17:00Z,,83.0,78.0,5.0,0,0,0,0,0,0,0,0,0,0,0.0,,,,,,,,,,0.0,False,True,post,Final,Final,2026-01-21T22:21:19Z,espn,v1.3.2,Western Kentucky Hilltoppers,Vanderbilt Commodores,0.0,03148ef4cc8a91a06ba1d9e93e888abaa9762641
401823362,98.0,Western Kentucky Hilltoppers,Vanderbilt Commodores,home,2025-11-26,2025-11-26,2025-11-26T17:00Z,,78.0,83.0,-5.0,0,0,0,0,0,0,0,0,0,0,0.0,,,,,,,,,,0.0,False,True,post,Final,Final,2026-01-21T22:21:19Z,espn,v1.3.2,Western Kentucky Hilltoppers,Vanderbilt Commodores,0.0,6f96ff5435af6531b76edc27751947cf20422172
401808897,2443.0,New Orleans Privateers,Texas Tech Red Raiders,away,2025-11-26,2025-11-26,2025-11-26T18:00Z,,50.0,82.0,-32.0,0,0,0,0,0,0,0,0,0,0,0.0,,,,,,,,,,0.0,False,True,post,Final,Final,2026-01-21T22:21:18Z,espn,v1.3.2,Texas Tech Red Raiders,New Orleans Privateers,1.0,31a90764b7d33f6e1234e38eee69a6f438528dda
401808897,2641.0,Texas Tech Red Raiders,New Orleans Privateers,home,2025-11-26,2025-11-26,2025-11-26T18:00Z,,82.0,50.0,32.0,0,0,0,0,0,0,0,0,0,0,0.0,,,,,,,,,,0.0,False,True,post,Final,Final,2026-01-21T22:21:18Z,espn,v1.3.2,Texas Tech Red Raiders,New Orleans Privateers,1.0,4d642347888fb9dcef2e54f0d9724b6777155f36
401831216,66.0,Iowa State Cyclones,Syracuse Orange,home,2025-11-26,2025-11-26,2025-11-26T18:00Z,,95.0,64.0,31.0,0,0,0,0,0,0,0,0,0,0,0.0,,,,,,,,,,0.0,False,True,post,Final,Final,2026-01-21T22:21:21Z,espn,v1.3.2,Iowa State Cyclones,Syracuse Orange,1.0,61780ddc41c0751713759c233addf74a38e3e189
401831216,183.0,Syracuse Orange,Iowa State Cyclones,away,2025-11-26,2025-11-26,2025-11-26T18:00Z,,64.0,95.0,-31.0,0,0,0,0,0,0,0,0,0,0,0.0,,,,,,,,,,0.0,False,True,post,Final,Final,2026-01-21T22:21:21Z,espn,v1.3.2,Iowa State Cyclones,Syracuse Orange,1.0,e553aec5c15eaca0f522c1898009461a237142c9
401831217,248.0,Houston Cougars,Notre Dame Fighting Irish,home,2025-11-26,2025-11-26,2025-11-26T20:30Z,,66.0,56.0,10.0,0,0,0,0,0,0,0,0,0,0,0.0,,,,,,,,,,0.0,False,True,post,Final,Final,2026-01-21T22:21:21Z,espn,v1.3.2,Houston Cougars,Notre Dame Fighting Irish,0.0,d67178e8874a824071e58e36211ba519d643530f
401831217,87.0,Notre Dame Fighting Irish,Houston Cougars,away,2025-11-26,2025-11-26,2025-11-26T20:30Z,,56.0,66.0,-10.0,0,0,0,0,0,0,0,0,0,0,0.0,,,,,,,,,,0.0,False,True,post,Final,Final,2026-01-21T22:21:21Z,espn,v1.3.2,Houston Cougars,Notre Dame Fighting Irish,0.0,c711ba0468ed2d11e7c85fa79389080628190d77
401826832,96.0,Kentucky Wildcats,Tennessee Tech Golden Eagles,home,2025-11-26,2025-11-27,2025-11-27T00:00Z,,104.0,54.0,50.0,0,0,0,0,0,0,0,0,0,0,0.0,,,,,,,,,,0.0,False,True,post,Final,Final,2026-01-21T22:21:20Z,espn,v1.3.2,Kentucky Wildcats,Tennessee Tech Golden Eagles,1.0,09e827cb428dffc17fe94d54387add77ef63b745
401826832,2635.0,Tennessee Tech Golden Eagles,Kentucky Wildcats,away,2025-11-26,2025-11-27,2025-11-27T00:00Z,,54.0,104.0,-50.0,0,0,0,0,0,0,0,0,0,0,0.0,,,,,,,,,,0.0,False,True,post,Final,Final,2026-01-21T22:21:20Z,espn,v1.3.2,Kentucky Wildcats,Tennessee Tech Golden Eagles,1.0,dcee5202feb4c72c5ae009b794b23242db239c73
401831215,2305.0,Kansas Jayhawks,Tennessee Volunteers,away,2025-11-26,2025-11-27,2025-11-27T00:00Z,,81.0,76.0,5.0,0,0,0,0,0,0,0,0,0,0,0.0,,,,,,,,,,0.0,False,True,post,Final,Final,2026-01-21T22:21:20Z,espn,v1.3.2,Tennessee Volunteers,Kansas Jayhawks,0.0,61b06400adc42dfe5829cd552b22f8d6c3030d20
401831215,2633.0,Tennessee Volunteers,Kansas Jayhawks,home,2025-11-26,2025-11-27,2025-11-27T00:00Z,,76.0,81.0,-5.0,0,0,0,0,0,0,0,0,0,0,0.0,,,,,,,,,,0.0,False,True,post,Final,Final,2026-01-21T22:21:20Z,espn,v1.3.2,Tennessee Volunteers,Kansas Jayhawks,0.0,e8418568e22176b12d20ec331fe932c695b28afd
401831218,2.0,Auburn Tigers,St. John's Red Storm,home,2025-11-26,2025-11-27,2025-11-27T01:00Z,,85.0,74.0,11.0,0,0,0,0,0,0,0,0,0,0,0.0,,,,,,,,,,0.0,False,True,post,Final,Final,2026-01-21T22:21:21Z,espn,v1.3.2,Auburn Tigers,St. John's Red Storm,0.0,b7369940778d49425a3148b814a299864ddf30ab
401831218,2599.0,St. John's Red Storm,Auburn Tigers,away,2025-11-26,2025-11-27,2025-11-27T01:00Z,,74.0,85.0,-11.0,0,0,0,0,0,0,0,0,0,0,0.0,,,,,,,,,,0.0,False,True,post,Final,Final,2026-01-21T22:21:21Z,espn,v1.3.2,Auburn Tigers,St. John's Red Storm,0.0,b7b277e1ed89b464cca7d1e903f32c9c6ec62ae2
401817245,97.0,Louisville Cardinals,NJIT Highlanders,home,2025-11-26,2025-11-27,2025-11-27T02:00Z,,104.0,47.0,57.0,0,0,0,0,0,0,0,0,0,0,0.0,,,,,,,,,,0.0,False,True,post,Final,Final,2026-01-21T22:21:19Z,espn,v1.3.2,Louisville Cardinals,NJIT Highlanders,1.0,b832cf3dbe271ad694cbaf839a7814fc1443be8c
401817245,2885.0,NJIT Highlanders,Louisville Cardinals,away,2025-11-26,2025-11-27,2025-11-27T02:00Z,,47.0,104.0,-57.0,0,0,0,0,0,0,0,0,0,0,0.0,,,,,,,,,,0.0,False,True,post,Final,Final,2026-01-21T22:21:19Z,espn,v1.3.2,Louisville Cardinals,NJIT Highlanders,1.0,3ba1fd39471e87fbdf9dcd5e2fbbda90b8377830
401831202,152.0,NC State Wolfpack,Texas Longhorns,away,2025-11-26,2025-11-27,2025-11-27T02:30Z,,97.0,102.0,-5.0,0,0,0,0,0,0,0,0,0,0,0.0,,,,,,,,,,0.0,False,True,post,Final,Final,2026-01-21T22:21:20Z,espn,v1.3.2,Texas Longhorns,NC State Wolfpack,0.0,ad59ee268894b2111e1cb613662ea39427dd2453
401831202,251.0,Texas Longhorns,NC State Wolfpack,home,2025-11-26,2025-11-27,2025-11-27T02:30Z,,102.0,97.0,5.0,0,0,0,0,0,0,0,0,0,0,0.0,,,,,,,,,,0.0,False,True,post,Final,Final,2026-01-21T22:21:20Z,espn,v1.3.2,Texas Longhorns,NC State Wolfpack,0.0,ba5e3ac3125aa93f04bf5e2b200ba0ff26c37f1c
401831214,2250.0,Gonzaga Bulldogs,Michigan Wolverines,away,2025-11-26,2025-11-27,2025-11-27T02:30Z,,61.0,101.0,-40.0,0,0,0,0,0,0,0,0,0,0,0.0,,,,,,,,,,0.0,False,True,post,Final,Final,2026-01-21T22:21:20Z,espn,v1.3.2,Michigan Wolverines,Gonzaga Bulldogs,1.0,01107044c6c8d1fcf5914868f1c72352a4ed6a08
401831214,130.0,Michigan Wolverines,Gonzaga Bulldogs,home,2025-11-26,2025-11-27,2025-11-27T02:30Z,,101.0,61.0,40.0,0,0,0,0,0,0,0,0,0,0,0.0,,,,,,,,,,0.0,False,True,post,Final,Final,2026-01-21T22:21:20Z,espn,v1.3.2,Michigan Wolverines,Gonzaga Bulldogs,1.0,f5c1170f9e66aad94103038844021a82c9eee61f
401831220,333.0,Alabama Crimson Tide,Maryland Terrapins,home,2025-11-26,2025-11-27,2025-11-27T04:59Z,,105.0,72.0,33.0,0,0,0,0,0,0,0,0,0,0,0.0,,,,,,,,,,0.0,False,True,post,Final,Final,2026-01-21T22:21:22Z,espn,v1.3.2,Alabama Crimson Tide,Maryland Terrapins,1.0,2ecb50871b00551e4312ad68c90751300d3ae0fc
401831220,120.0,Maryland Terrapins,Alabama Crimson Tide,away,2025-11-26,2025-11-27,2025-11-27T04:59Z,,72.0,105.0,-33.0,0,0,0,0,0,0,0,0,0,0,0.0,,,,,,,,,,0.0,False,True,post,Final,Final,2026-01-21T22:21:22Z,espn,v1.3.2,Alabama Crimson Tide,Maryland Terrapins,1.0,23791efba7b0190c1cf4633be41351db848985a7
401830752,2670.0,VCU Rams,Vanderbilt Commodores,away,2025-11-27,2025-11-27,2025-11-27T17:00Z,,74.0,89.0,-15.0,0,0,0,0,0,0,0,0,0,0,0.0,,,,,,,,,,0.0,False,True,post,Final,Final,2026-01-21T22:21:23Z,espn,v1.3.2,Vanderbilt Commodores,VCU Rams,0.0,59e2cda704864924e399336063c16d91d644bf2c
401830752,238.0,Vanderbilt Commodores,VCU Rams,home,2025-11-27,2025-11-27,2025-11-27T17:00Z,,89.0,74.0,15.0,0,0,0,0,0,0,0,0,0,0,0.0,,,,,,,,,,0.0,False,True,post,Final,Final,2026-01-21T22:21:23Z,espn,v1.3.2,Vanderbilt Commodores,VCU Rams,0.0,ad253b7013b8212c7ed820634d8f37e918fb6a18
401809047,57.0,Florida Gators,TCU Horned Frogs,home,2025-11-27,2025-11-27,2025-11-27T20:00Z,,80.0,84.0,-4.0,0,0,0,0,0,0,0,0,0,0,0.0,,,,,,,,,,0.0,False,True,post,Final,Final,2026-01-21T22:21:22Z,espn,v1.3.2,Florida Gators,TCU Horned Frogs,0.0,b88e074576a22dc1a1a5e2e68bcea7a3353677b2
401809047,2628.0,TCU Horned Frogs,Florida Gators,away,2025-11-27,2025-11-27,2025-11-27T20:00Z,,84.0,80.0,4.0,0,0,0,0,0,0,0,0,0,0,0.0,,,,,,,,,,0.0,False,True,post,Final,Final,2026-01-21T22:21:22Z,espn,v1.3.2,Florida Gators,TCU Horned Frogs,0.0,b67f7a7b78733d8f34a551f51a9325eefb175fdb
401817267,127.0,Michigan State Spartans,North Carolina Tar Heels,away,2025-11-27,2025-11-27,2025-11-27T21:30Z,,74.0,58.0,16.0,0,0,0,0,0,0,0,0,0,0,0.0,,,,,,,,,,0.0,False,True,post,Final,Final,2026-01-21T22:21:23Z,espn,v1.3.2,North Carolina Tar Heels,Michigan State Spartans,0.0,8fe71505686db32c4f2b22c007022df1329e549a
401817267,153.0,North Carolina Tar Heels,Michigan State Spartans,home,2025-11-27,2025-11-27,2025-11-27T21:30Z,,58.0,74.0,-16.0,0,0,0,0,0,0,0,0,0,0,0.0,,,,,,,,,,0.0,False,True,post,Final,Final,2026-01-21T22:21:23Z,espn,v1.3.2,North Carolina Tar Heels,Michigan State Spartans,0.0,1e6204ef28a9bba84dc59a148b00bd731729d033
401809419,252.0,BYU Cougars,Miami Hurricanes,away,2025-11-27,2025-11-27,2025-11-27T22:00Z,,72.0,62.0,10.0,0,0,0,0,0,0,0,0,0,0,0.0,,,,,,,,,,0.0,False,True,post,Final,Final,2026-01-21T22:21:22Z,espn,v1.3.2,Miami Hurricanes,BYU Cougars,0.0,c2449aaa65fe409e1a948faf0d4325064f71f2d0
401809419,2390.0,Miami Hurricanes,BYU Cougars,home,2025-11-27,2025-11-27,2025-11-27T22:00Z,,62.0,72.0,-10.0,0,0,0,0,0,0,0,0,0,0,0.0,,,,,,,,,,0.0,False,True,post,Final,Final,2026-01-21T22:21:22Z,espn,v1.3.2,Miami Hurricanes,BYU Cougars,0.0,87a1647a075fba90decc02f94b7a804f165ebf02
401817234,8.0,Arkansas Razorbacks,Duke Blue Devils,home,2025-11-27,2025-11-28,2025-11-28T01:00Z,,71.0,80.0,-9.0,0,0,0,0,0,0,0,0,0,0,0.0,,,,,,,,,,0.0,False,True,post,Final,Final,2026-01-21T22:21:23Z,espn,v1.3.2,Arkansas Razorbacks,Duke Blue Devils,0.0,e581e55290a4cffd64c02e574da18ba4be9f85a8
401817234,150.0,Duke Blue Devils,Arkansas Razorbacks,away,2025-11-27,2025-11-28,2025-11-28T01:00Z,,80.0,71.0,9.0,0,0,0,0,0,0,0,0,0,0,0.0,,,,,,,,,,0.0,False,True,post,Final,Final,2026-01-21T22:21:23Z,espn,v1.3.2,Arkansas Razorbacks,Duke Blue Devils,0.0,3c17a96233434c793ae53b2dd3fc1199da860e6c
401822359,2197.0,Eastern Illinois Panthers,Purdue Boilermakers,away,2025-11-28,2025-11-28,2025-11-28T17:00Z,,62.0,109.0,-47.0,0,0,0,0,0,0,0,0,0,0,0.0,,,,,,,,,,0.0,False,True,post,Final,Final,2026-01-21T22:21:24Z,espn,v1.3.2,Purdue Boilermakers,Eastern Illinois Panthers,1.0,18cc9b41503376af6e81f5fc2acc0d5acc0fee34
401822359,2509.0,Purdue Boilermakers,Eastern Illinois Panthers,home,2025-11-28,2025-11-28,2025-11-28T17:00Z,,109.0,62.0,47.0,0,0,0,0,0,0,0,0,0,0,0.0,,,,,,,,,,0.0,False,True,post,Final,Final,2026-01-21T22:21:24Z,espn,v1.3.2,Purdue Boilermakers,Eastern Illinois Panthers,1.0,063c02e2ae3c14c38864b404fa953b5a9dc99de6
401811096,356.0,Illinois Fighting Illini,UConn Huskies,away,2025-11-28,2025-11-28,2025-11-28T17:30Z,,61.0,74.0,-13.0,0,0,0,0,0,0,0,0,0,0,0.0,,,,,,,,,,0.0,False,True,post,Final,Final,2026-01-21T22:21:24Z,espn,v1.3.2,UConn Huskies,Illinois Fighting Illini,0.0,3a2f4da336d00d8f9a115fa4c593a4b1724b45fa
401811096,41.0,UConn Huskies,Illinois Fighting Illini,home,2025-11-28,2025-11-28,2025-11-28T17:30Z,,74.0,61.0,13.0,0,0,0,0,0,0,0,0,0,0,0.0,,,,,,,,,,0.0,False,True,post,Final,Final,2026-01-21T22:21:24Z,espn,v1.3.2,UConn Huskies,Illinois Fighting Illini,0.0,00dd007ca7ce9e2819d52353ae3b00a17fd374f2
401830879,2608.0,Saint Mary's Gaels,Vanderbilt Commodores,away,2025-11-28,2025-11-28,2025-11-28T18:00Z,,71.0,96.0,-25.0,0,0,0,0,0,0,0,0,0,0,0.0,,,,,,,,,,0.0,False,True,post,Final,Final,2026-01-21T22:21:24Z,espn,v1.3.2,Vanderbilt Commodores,Saint Mary's Gaels,1.0,00d2f3571c337344eb227c26dce483e1ab708d98
401830879,238.0,Vanderbilt Commodores,Saint Mary's Gaels,home,2025-11-28,2025-11-28,2025-11-28T18:00Z,,96.0,71.0,25.0,0,0,0,0,0,0,0,0,0,0,0.0,,,,,,,,,,0.0,False,True,post,Final,Final,2026-01-21T22:21:24Z,espn,v1.3.2,Vanderbilt Commodores,Saint Mary's Gaels,1.0,400927a0b33508a8fcc920fc39efe4f1437f22cf
401831223,57.0,Florida Gators,Providence Friars,home,2025-11-28,2025-11-28,2025-11-28T20:00Z,,90.0,78.0,12.0,0,0,0,0,0,0,0,0,0,0,0.0,,,,,,,,,,0.0,False,True,post,Final,Final,2026-01-21T22:21:25Z,espn,v1.3.2,Florida Gators,Providence Friars,0.0,f65bfed8516d002f57d825fa11be1210ab2f3688
401831223,2507.0,Providence Friars,Florida Gators,away,2025-11-28,2025-11-28,2025-11-28T20:00Z,,78.0,90.0,-12.0,0,0,0,0,0,0,0,0,0,0,0.0,,,,,,,,,,0.0,False,True,post,Final,Final,2026-01-21T22:21:25Z,espn,v1.3.2,Florida Gators,Providence Friars,0.0,c5f5edc2a76431a551c67bd7670b2c1cd5240ed1
401830886,252.0,BYU Cougars,Dayton Flyers,away,2025-11-28,2025-11-29,2025-11-29T02:30Z,,83.0,79.0,4.0,0,0,0,0,0,0,0,0,0,0,0.0,,,,,,,,,,0.0,False,True,post,Final,Final,2026-01-21T22:21:25Z,espn,v1.3.2,Dayton Flyers,BYU Cougars,0.0,b2fa5de48cbc88d6c7c7cbab84dd452150de5956
401830886,2168.0,Dayton Flyers,BYU Cougars,home,2025-11-28,2025-11-29,2025-11-29T02:30Z,,79.0,83.0,-4.0,0,0,0,0,0,0,0,0,0,0,0.0,,,,,,,,,,0.0,False,True,post,Final,Final,2026-01-21T22:21:25Z,espn,v1.3.2,Dayton Flyers,BYU Cougars,0.0,2b74f323ddbe7dcf96f4a90cfe8301d3407ea199
401827111,2065.0,Bethune-Cookman Wildcats,Indiana Hoosiers,away,2025-11-29,2025-11-29,2025-11-29T17:00Z,,56.0,100.0,-44.0,0,0,0,0,0,0,0,0,0,0,0.0,,,,,,,,,,0.0,False,True,post,Final,Final,2026-01-21T22:21:26Z,espn,v1.3.2,Indiana Hoosiers,Bethune-Cookman Wildcats,1.0,388d8929e90471c7640187803db1c8591d1943d0
401827111,84.0,Indiana Hoosiers,Bethune-Cookman Wildcats,home,2025-11-29,2025-11-29,2025-11-29T17:00Z,,100.0,56.0,44.0,0,0,0,0,0,0,0,0,0,0,0.0,,,,,,,,,,0.0,False,True,post,Final,Final,2026-01-21T22:21:26Z,espn,v1.3.2,Indiana Hoosiers,Bethune-Cookman Wildcats,1.0,a42a08f0d4d3f8f3dba92500d26330a44dd7ebe6
401826886,12.0,Arizona Wildcats,Norfolk State Spartans,home,2025-11-29,2025-11-29,2025-11-29T21:00Z,,98.0,61.0,37.0,0,0,0,0,0,0,0,0,0,0,0.0,,,,,,,,,,0.0,False,True,post,Final,Final,2026-01-21T22:21:25Z,espn,v1.3.2,Arizona Wildcats,Norfolk State Spartans,1.0,1809273654a98b5eaa3566a86514d1086169e715
401826886,2450.0,Norfolk State Spartans,Arizona Wildcats,away,2025-11-29,2025-11-29,2025-11-29T21:00Z,,61.0,98.0,-37.0,0,0,0,0,0,0,0,0,0,0,0.0,,,,,,,,,,0.0,False,True,post,Final,Final,2026-01-21T22:21:25Z,espn,v1.3.2,Arizona Wildcats,Norfolk State Spartans,1.0,ff971fa0de4366f8ab78a93240a0a47fa3d22705
401819901,2641.0,Texas Tech Red Raiders,Wyoming Cowboys,home,2025-11-30,2025-11-30,2025-11-30T20:00Z,,76.0,72.0,4.0,0,0,0,0,0,0,0,0,0,0,0.0,,,,,,,,,,0.0,False,True,post,Final,Final,2026-01-21T22:21:26Z,espn,v1.3.2,Texas Tech Red Raiders,Wyoming Cowboys,0.0,0b4332825ef842f85506afb665d20a57b50af2f5
401819901,2751.0,Wyoming Cowboys,Texas Tech Red Raiders,away,2025-11-30,2025-11-30,2025-11-30T20:00Z,,72.0,76.0,-4.0,0,0,0,0,0,0,0,0,0,0,0.0,,,,,,,,,,0.0,False,True,post,Final,Final,2026-01-21T22:21:26Z,espn,v1.3.2,Texas Tech Red Raiders,Wyoming Cowboys,0.0,5163620b0728aba69a621e00f18001a21a7da79c
401827016,2347.0,Louisiana Christian Wildcats,Southern Jaguars,away,2025-12-01,2025-12-01,2025-12-01T17:00Z,,48.0,101.0,-53.0,0,0,0,0,0,0,0,0,0,0,0.0,,,,,,,,,,0.0,False,True,post,Final,Final,2026-01-21T22:21:36Z,espn,v1.3.2,Southern Jaguars,Louisiana Christian Wildcats,1.0,ca5bd95cca70f2d3d0c10065459fa043743096aa
401827016,2582.0,Southern Jaguars,Louisiana Christian Wildcats,home,2025-12-01,2025-12-01,2025-12-01T17:00Z,,101.0,48.0,53.0,0,0,0,0,0,0,0,0,0,0,0.0,,,,,,,,,,0.0,False,True,post,Final,Final,2026-01-21T22:21:36Z,espn,v1.3.2,Southern Jaguars,Louisiana Christian Wildcats,1.0,2b6267788bf0e651f0c9b97606e342a1fcbe67fe
401837346,2130.0,Chicago State Cougars,St. Xavier  (IL) Cougars,home,2025-12-01,2025-12-01,2025-12-01T17:00Z,,85.0,62.0,23.0,0,0,0,0,0,0,0,0,0,0,0.0,,,,,,,,,,0.0,False,True,post,Final,Final,2026-01-21T22:21:37Z,espn,v1.3.2,Chicago State Cougars,St. Xavier  (IL) Cougars,1.0,8d01624c7759ee83f810493faf9fa4d665f0cfb6
401837346,2615.0,St. Xavier  (IL) Cougars,Chicago State Cougars,away,2025-12-01,2025-12-01,2025-12-01T17:00Z,,62.0,85.0,-23.0,0,0,0,0,0,0,0,0,0,0,0.0,,,,,,,,,,0.0,False,True,post,Final,Final,2026-01-21T22:21:37Z,espn,v1.3.2,Chicago State Cougars,St. Xavier  (IL) Cougars,1.0,c2df49c527c1c7e120bf532e3e3623a208addda7
401823470,2119.0,Central State (OH) Marauders,Toledo Rockets,away,2025-12-01,2025-12-01,2025-12-01T23:30Z,,58.0,102.0,-44.0,0,0,0,0,0,0,0,0,0,0,0.0,,,,,,,,,,0.0,False,True,post,Final,Final,2026-01-21T22:21:34Z,espn,v1.3.2,Toledo Rockets,Central State (OH) Marauders,1.0,34803cb527608a963870d7208e35939283cd66ed
401823470,2649.0,Toledo Rockets,Central State (OH) Marauders,home,2025-12-01,2025-12-01,2025-12-01T23:30Z,,102.0,58.0,44.0,0,0,0,0,0,0,0,0,0,0,0.0,,,,,,,,,,0.0,False,True,post,Final,Final,2026-01-21T22:21:34Z,espn,v1.3.2,Toledo Rockets,Central State (OH) Marauders,1.0,c48b0c70a8148c19df530538a22b82c0b23f7178
401823565,218.0,Temple Owls,Villanova Wildcats,away,2025-12-01,2025-12-01,2025-12-01T23:30Z,,56.0,74.0,-18.0,0,0,0,0,0,0,0,0,0,0,0.0,,,,,,,,,,0.0,False,True,post,Final,Final,2026-01-21T22:21:35Z,espn,v1.3.2,Villanova Wildcats,Temple Owls,1.0,d7a8353987064a22956b1c5797dc9aa002e8fa3c
401823565,222.0,Villanova Wildcats,Temple Owls,home,2025-12-01,2025-12-01,2025-12-01T23:30Z,,74.0,56.0,18.0,0,0,0,0,0,0,0,0,0,0,0.0,,,,,,,,,,0.0,False,True,post,Final,Final,2026-01-21T22:21:35Z,espn,v1.3.2,Villanova Wildcats,Temple Owls,1.0,6cc6ee3c4065caba18d1f78c12606f3c5b1eb3b7
401812384,2598.0,Saint Francis Red Flash,Xavier Musketeers,away,2025-12-01,2025-12-02,2025-12-02T00:00Z,,74.0,96.0,-22.0,0,0,0,0,0,0,0,0,0,0,0.0,,,,,,,,,,0.0,False,True,post,Final,Final,2026-01-21T22:21:27Z,espn,v1.3.2,Xavier Musketeers,Saint Francis Red Flash,1.0,51f08e96fd4240d8f1cb238b0f36c59d4f330e9b
401812384,2752.0,Xavier Musketeers,Saint Francis Red Flash,home,2025-12-01,2025-12-02,2025-12-02T00:00Z,,96.0,74.0,22.0,0,0,0,0,0,0,0,0,0,0,0.0,,,,,,,,,,0.0,False,True,post,Final,Final,2026-01-21T22:21:27Z,espn,v1.3.2,Xavier Musketeers,Saint Francis Red Flash,1.0,2fec66925c876165853aa722471a2720d04935d3
401819846,2132.0,Cincinnati Bearcats,Tarleton State Texans,home,2025-12-01,2025-12-02,2025-12-02T00:00Z,,76.0,58.0,18.0,0,0,0,0,0,0,0,0,0,0,0.0,,,,,,,,,,0.0,False,True,post,Final,Final,2026-01-21T22:21:27Z,espn,v1.3.2,Cincinnati Bearcats,Tarleton State Texans,1.0,16a9c558ee974d549d0ad806b988978490e8b0b3
401819846,2627.0,Tarleton State Texans,Cincinnati Bearcats,away,2025-12-01,2025-12-02,2025-12-02T00:00Z,,58.0,76.0,-18.0,0,0,0,0,0,0,0,0,0,0,0.0,,,,,,,,,,0.0,False,True,post,Final,Final,2026-01-21T22:21:27Z,espn,v1.3.2,Cincinnati Bearcats,Tarleton State Texans,1.0,4c866bc01004af6f50a558e9c56d2ad4759261a0
401823437,55.0,Jacksonville State Gamecocks,North Alabama Lions,home,2025-12-01,2025-12-02,2025-12-02T00:00Z,,66.0,73.0,-7.0,0,0,0,0,0,0,0,0,0,0,0.0,,,,,,,,,,0.0,False,True,post,Final,Final,2026-01-21T22:21:34Z,espn,v1.3.2,Jacksonville State Gamecocks,North Alabama Lions,0.0,6ade72ece91f70d7f5cde8af33cbaab512899063
401823437,2453.0,North Alabama Lions,Jacksonville State Gamecocks,away,2025-12-01,2025-12-02,2025-12-02T00:00Z,,73.0,66.0,7.0,0,0,0,0,0,0,0,0,0,0,0.0,,,,,,,,,,0.0,False,True,post,Final,Final,2026-01-21T22:21:34Z,espn,v1.3.2,Jacksonville State Gamecocks,North Alabama Lions,0.0,46b2591d5dafe1c8d5873f9cc6a4004524e1cf0e
401824308,48.0,Delaware Blue Hens,Iona Gaels,home,2025-12-01,2025-12-02,2025-12-02T00:00Z,,66.0,89.0,-23.0,0,0,0,0,0,0,0,0,0,0,0.0,,,,,,,,,,0.0,False,True,post,Final,Final,2026-01-21T22:21:35Z,espn,v1.3.2,Delaware Blue Hens,Iona Gaels,1.0,3444e096468773650da86772f38e10ae623a7024
401824308,314.0,Iona Gaels,Delaware Blue Hens,away,2025-12-01,2025-12-02,2025-12-02T00:00Z,,89.0,66.0,23.0,0,0,0,0,0,0,0,0,0,0,0.0,,,,,,,,,,0.0,False,True,post,Final,Final,2026-01-21T22:21:35Z,espn,v1.3.2,Delaware Blue Hens,Iona Gaels,1.0,f965b248ec630a9afa1aced985daec6eb11b4355
401825387,2653.0,Troy Trojans,West Georgia Wolves,home,2025-12-01,2025-12-02,2025-12-02T00:00Z,,89.0,93.0,-4.0,0,0,0,0,0,0,0,0,0,0,0.0,,,,,,,,,,0.0,False,True,post,Final,Final/2OT,2026-01-21T22:21:36Z,espn,v1.3.2,Troy Trojans,West Georgia Wolves,0.0,23cc8cfbea5b64babd59f8a7a1ac421121314933
401825387,2698.0,West Georgia Wolves,Troy Trojans,away,2025-12-01,2025-12-02,2025-12-02T00:00Z,,93.0,89.0,4.0,0,0,0,0,0,0,0,0,0,0,0.0,,,,,,,,,,0.0,False,True,post,Final,Final/2OT,2026-01-21T22:21:36Z,espn,v1.3.2,Troy Trojans,West Georgia Wolves,0.0,76bf204e84a477517665caf90eea252084f09892
401827523,3111.0,Apprentice School Builders,Hampton Pirates,away,2025-12-01,2025-12-02,2025-12-02T00:00Z,,58.0,94.0,-36.0,0,0,0,0,0,0,0,0,0,0,0.0,,,,,,,,,,0.0,False,True,post,Final,Final,2026-01-21T22:21:36Z,espn,v1.3.2,Hampton Pirates,Apprentice School Builders,1.0,6c7f51c5c5bd4b69a15ab0de6116281d687845bc
401827523,2261.0,Hampton Pirates,Apprentice School Builders,home,2025-12-01,2025-12-02,2025-12-02T00:00Z,,94.0,58.0,36.0,0,0,0,0,0,0,0,0,0,0,0.0,,,,,,,,,,0.0,False,True,post,Final,Final,2026-01-21T22:21:36Z,espn,v1.3.2,Hampton Pirates,Apprentice School Builders,1.0,2ab8e99e2fd80a7f0732194ddd1eac2596f63a4b
401808731,2916.0,Incarnate Word Cardinals,McNeese Cowboys,home,2025-12-01,2025-12-02,2025-12-02T00:30Z,,71.0,67.0,4.0,0,0,0,0,0,0,0,0,0,0,0.0,,,,,,,,,,0.0,False,True,post,Final,Final,2026-01-21T22:21:26Z,espn,v1.3.2,Incarnate Word Cardinals,McNeese Cowboys,0.0,c27f05aae7ffab07fe09cad7faa9a1b065e0ea8c
401808731,2377.0,McNeese Cowboys,Incarnate Word Cardinals,away,2025-12-01,2025-12-02,2025-12-02T00:30Z,,67.0,71.0,-4.0,0,0,0,0,0,0,0,0,0,0,0.0,,,,,,,,,,0.0,False,True,post,Final,Final,2026-01-21T22:21:26Z,espn,v1.3.2,Incarnate Word Cardinals,McNeese Cowboys,0.0,48fec21e82bfe3d85fa289e73ddfb21484796241
401822998,2393.0,Middle Tennessee Blue Raiders,UAB Blazers,home,2025-12-01,2025-12-02,2025-12-02T00:30Z,,76.0,61.0,15.0,0,0,0,0,0,0,0,0,0,0,0.0,,,,,,,,,,0.0,False,True,post,Final,Final,2026-01-21T22:21:29Z,espn,v1.3.2,Middle Tennessee Blue Raiders,UAB Blazers,0.0,987b8e002b69d3ff450f32040bb3ae96e1436945
401822998,5.0,UAB Blazers,Middle Tennessee Blue Raiders,away,2025-12-01,2025-12-02,2025-12-02T00:30Z,,61.0,76.0,-15.0,0,0,0,0,0,0,0,0,0,0,0.0,,,,,,,,,,0.0,False,True,post,Final,Final,2026-01-21T22:21:29Z,espn,v1.3.2,Middle Tennessee Blue Raiders,UAB Blazers,0.0,234df9d0acd68ae9950158640547a1a7f2909080
401819893,189.0,Bowling Green Falcons,Kansas State Wildcats,away,2025-12-01,2025-12-02,2025-12-02T01:00Z,,82.0,66.0,16.0,0,0,0,0,0,0,0,0,0,0,0.0,,,,,,,,,,0.0,False,True,post,Final,Final,2026-01-21T22:21:28Z,espn,v1.3.2,Kansas State Wildcats,Bowling Green Falcons,0.0,1082a9751ac1d919a3ff0ac949272af9e703e62c
401819893,2306.0,Kansas State Wildcats,Bowling Green Falcons,home,2025-12-01,2025-12-02,2025-12-02T01:00Z,,66.0,82.0,-16.0,0,0,0,0,0,0,0,0,0,0,0.0,,,,,,,,,,0.0,False,True,post,Final,Final,2026-01-21T22:21:28Z,espn,v1.3.2,Kansas State Wildcats,Bowling Green Falcons,0.0,b04ce19315e2d90337b757bf8b9882e64008b3ed
401820546,2141.0,Coe Kohawks,Northern Iowa Panthers,away,2025-12-01,2025-12-02,2025-12-02T01:00Z,,34.0,99.0,-65.0,0,0,0,0,0,0,0,0,0,0,0.0,,,,,,,,,,0.0,False,True,post,Final,Final,2026-01-21T22:21:28Z,espn,v1.3.2,Northern Iowa Panthers,Coe Kohawks,1.0,02d820c858158e913648bc287b7fd87ecefd7d3c
401820546,2460.0,Northern Iowa Panthers,Coe Kohawks,home,2025-12-01,2025-12-02,2025-12-02T01:00Z,,99.0,34.0,65.0,0,0,0,0,0,0,0,0,0,0,0.0,,,,,,,,,,0.0,False,True,post,Final,Final,2026-01-21T22:21:28Z,espn,v1.3.2,Northern Iowa Panthers,Coe Kohawks,1.0,86c24a362ff15a82e3cdd26da3e7a60f01b6acf0
401822368,2070.0,Blackburn Beavers,Eastern Illinois Panthers,away,2025-12-01,2025-12-02,2025-12-02T01:00Z,,0.0,0.0,0.0,0,0,0,0,0,0,0,0,0,0,0.0,,,,,,,,,,0.0,False,False,post,Postponed,Postponed,2026-01-21T22:21:29Z,espn,v1.3.2,Eastern Illinois Panthers,Blackburn Beavers,0.0,a959a69229a12b0037385dfeb983cfc815b0f419
401822368,2197.0,Eastern Illinois Panthers,Blackburn Beavers,home,2025-12-01,2025-12-02,2025-12-02T01:00Z,,0.0,0.0,0.0,0,0,0,0,0,0,0,0,0,0,0.0,,,,,,,,,,0.0,False,False,post,Postponed,Postponed,2026-01-21T22:21:29Z,espn,v1.3.2,Eastern Illinois Panthers,Blackburn Beavers,0.0,3c8982bfb27229c2ce300a9299352961d2af47b0
401823546,253.0,Southern Utah Thunderbirds,West Coast Baptist Eagles,home,2025-12-01,2025-12-02,2025-12-02T01:30Z,,124.0,59.0,65.0,0,0,0,0,0,0,0,0,0,0,0.0,,,,,,,,,,0.0,False,True,post,Final,Final,2026-01-21T22:21:35Z,espn,v1.3.2,Southern Utah Thunderbirds,West Coast Baptist Eagles,1.0,d77b68447c1564d92b7a6af66e7cc91f354af47f
401823546,110418.0,West Coast Baptist Eagles,Southern Utah Thunderbirds,away,2025-12-01,2025-12-02,2025-12-02T01:30Z,,59.0,124.0,-65.0,0,0,0,0,0,0,0,0,0,0,0.0,,,,,,,,,,0.0,False,True,post,Final,Final,2026-01-21T22:21:35Z,espn,v1.3.2,Southern Utah Thunderbirds,West Coast Baptist Eagles,1.0,622c44152d380ba678c4071b4063d092f6077a98
401819866,2856.0,California Baptist Lancers,Colorado Buffaloes,away,2025-12-01,2025-12-02,2025-12-02T02:00Z,,70.0,78.0,-8.0,0,0,0,0,0,0,0,0,0,0,0.0,,,,,,,,,,0.0,False,True,post,Final,Final,2026-01-21T22:21:28Z,espn,v1.3.2,Colorado Buffaloes,California Baptist Lancers,0.0,ac1f04c254fae370f38b369e823e400c2b47c79b
401819866,38.0,Colorado Buffaloes,California Baptist Lancers,home,2025-12-01,2025-12-02,2025-12-02T02:00Z,,78.0,70.0,8.0,0,0,0,0,0,0,0,0,0,0,0.0,,,,,,,,,,0.0,False,True,post,Final,Final,2026-01-21T22:21:28Z,espn,v1.3.2,Colorado Buffaloes,California Baptist Lancers,0.0,e13d1f47a405bf4a94be569fa80e052100391c99
401830319,2424.0,New Mexico Highlands Cowboys,New Mexico Lobos,away,2025-12-01,2025-12-02,2025-12-02T02:00Z,,47.0,97.0,-50.0,0,0,0,0,0,0,0,0,0,0,0.0,,,,,,,,,,0.0,False,True,post,Final,Final,2026-01-21T22:21:37Z,espn,v1.3.2,New Mexico Lobos,New Mexico Highlands Cowboys,1.0,33d320e9fb6ad0f70a7ce9ebec6b25ea903299bb
401830319,167.0,New Mexico Lobos,New Mexico Highlands Cowboys,home,2025-12-01,2025-12-02,2025-12-02T02:00Z,,97.0,47.0,50.0,0,0,0,0,0,0,0,0,0,0,0.0,,,,,,,,,,0.0,False,True,post,Final,Final,2026-01-21T22:21:37Z,espn,v1.3.2,New Mexico Lobos,New Mexico Highlands Cowboys,1.0,1a30354f13811636dc877233c7b52795c0a2ed60
401817470,2501.0,Portland Pilots,Stanford Cardinal,away,2025-12-01,2025-12-02,2025-12-02T03:00Z,,72.0,94.0,-22.0,0,0,0,0,0,0,0,0,0,0,0.0,,,,,,,,,,0.0,False,True,post,Final,Final,2026-01-21T22:21:27Z,espn,v1.3.2,Stanford Cardinal,Portland Pilots,1.0,6fa1c2e49351abc9db3d43cdea294487e1906c57
401817470,24.0,Stanford Cardinal,Portland Pilots,home,2025-12-01,2025-12-02,2025-12-02T03:00Z,,94.0,72.0,22.0,0,0,0,0,0,0,0,0,0,0,0.0,,,,,,,,,,0.0,False,True,post,Final,Final,2026-01-21T22:21:27Z,espn,v1.3.2,Stanford Cardinal,Portland Pilots,1.0,8c99001267800f2dc79b018514553f384de847de
401806366,183.0,Syracuse Orange,Tennessee Volunteers,home,2025-12-02,2025-12-03,2025-12-03T00:00Z,,62.0,60.0,2.0,0,0,0,0,0,0,0,0,0,0,0.0,,,,,,,,,,0.0,False,True,post,Final,Final,2026-01-21T22:21:38Z,espn,v1.3.2,Syracuse Orange,Tennessee Volunteers,0.0,b37c42ac4a9c3dd1ed32737c944c8bca148ffa69
401806366,2633.0,Tennessee Volunteers,Syracuse Orange,away,2025-12-02,2025-12-03,2025-12-03T00:00Z,,60.0,62.0,-2.0,0,0,0,0,0,0,0,0,0,0,0.0,,,,,,,,,,0.0,False,True,post,Final,Final,2026-01-21T22:21:38Z,espn,v1.3.2,Syracuse Orange,Tennessee Volunteers,0.0,85e4ad051f984ca57e61c06e0f1c09de74903042
401825392,2294.0,Iowa Hawkeyes,Michigan State Spartans,away,2025-12-02,2025-12-03,2025-12-03T00:00Z,,52.0,71.0,-19.0,0,0,0,0,0,0,0,0,0,0,0.0,,,,,,,,,,0.0,False,True,post,Final,Final,2026-01-21T22:21:39Z,espn,v1.3.2,Michigan State Spartans,Iowa Hawkeyes,1.0,ef6f4c88430a825978c171b870e95ca32f3a7d2c
401825392,127.0,Michigan State Spartans,Iowa Hawkeyes,home,2025-12-02,2025-12-03,2025-12-03T00:00Z,,71.0,52.0,19.0,0,0,0,0,0,0,0,0,0,0,0.0,,,,,,,,,,0.0,False,True,post,Final,Final,2026-01-21T22:21:39Z,espn,v1.3.2,Michigan State Spartans,Iowa Hawkeyes,1.0,386d80e495eba0c96256b945ba155244fe5e8b35
401806364,150.0,Duke Blue Devils,Florida Gators,home,2025-12-02,2025-12-03,2025-12-03T00:30Z,,67.0,66.0,1.0,0,0,0,0,0,0,0,0,0,0,0.0,,,,,,,,,,0.0,False,True,post,Final,Final,2026-01-21T22:21:37Z,espn,v1.3.2,Duke Blue Devils,Florida Gators,0.0,37a763350ed58f6265e5b0743f011d6b3138c651
401806364,57.0,Florida Gators,Duke Blue Devils,away,2025-12-02,2025-12-03,2025-12-03T00:30Z,,66.0,67.0,-1.0,0,0,0,0,0,0,0,0,0,0,0.0,,,,,,,,,,0.0,False,True,post,Final,Final,2026-01-21T22:21:37Z,espn,v1.3.2,Duke Blue Devils,Florida Gators,0.0,a698182face6db8a1f0f7e6f802aa9873a902344
401825393,2509.0,Purdue Boilermakers,Rutgers Scarlet Knights,away,2025-12-02,2025-12-03,2025-12-03T01:00Z,,81.0,65.0,16.0,0,0,0,0,0,0,0,0,0,0,0.0,,,,,,,,,,0.0,False,True,post,Final,Final,2026-01-21T22:21:40Z,espn,v1.3.2,Rutgers Scarlet Knights,Purdue Boilermakers,0.0,429cbc52ff3ce4e1aaac258357a67529d1fdbf72
401825393,164.0,Rutgers Scarlet Knights,Purdue Boilermakers,home,2025-12-02,2025-12-03,2025-12-03T01:00Z,,65.0,81.0,-16.0,0,0,0,0,0,0,0,0,0,0,0.0,,,,,,,,,,0.0,False,True,post,Final,Final,2026-01-21T22:21:40Z,espn,v1.3.2,Rutgers Scarlet Knights,Purdue Boilermakers,0.0,080819d4b81df5994d12625a69d23258bb73e253
401812791,2305.0,Kansas Jayhawks,UConn Huskies,home,2025-12-02,2025-12-03,2025-12-03T02:00Z,,56.0,61.0,-5.0,0,0,0,0,0,0,0,0,0,0,0.0,,,,,,,,,,0.0,False,True,post,Final,Final,2026-01-21T22:21:39Z,espn,v1.3.2,Kansas Jayhawks,UConn Huskies,0.0,bb57caaa2593b34abce3ad74803a1d097a7b3776
401812791,41.0,UConn Huskies,Kansas Jayhawks,away,2025-12-02,2025-12-03,2025-12-03T02:00Z,,61.0,56.0,5.0,0,0,0,0,0,0,0,0,0,0,0.0,,,,,,,,,,0.0,False,True,post,Final,Final,2026-01-21T22:21:39Z,espn,v1.3.2,Kansas Jayhawks,UConn Huskies,0.0,2f05d51428ab3ba47a64e33a5126d312cf96350d
401806365,96.0,Kentucky Wildcats,North Carolina Tar Heels,home,2025-12-02,2025-12-03,2025-12-03T02:30Z,,64.0,67.0,-3.0,0,0,0,0,0,0,0,0,0,0,0.0,,,,,,,,,,0.0,False,True,post,Final,Final,2026-01-21T22:21:38Z,espn,v1.3.2,Kentucky Wildcats,North Carolina Tar Heels,0.0,5849b9c524ec321f37c4747d5ee0623a2daf4b90
401806365,153.0,North Carolina Tar Heels,Kentucky Wildcats,away,2025-12-02,2025-12-03,2025-12-03T02:30Z,,67.0,64.0,3.0,0,0,0,0,0,0,0,0,0,0,0.0,,,,,,,,,,0.0,False,True,post,Final,Final,2026-01-21T22:21:38Z,espn,v1.3.2,Kentucky Wildcats,North Carolina Tar Heels,0.0,6a7051b6c92a2824b5b5ccebad795cbdbbcc31d8
401825394,2483.0,Oregon Ducks,USC Trojans,home,2025-12-02,2025-12-03,2025-12-03T03:00Z,,77.0,82.0,-5.0,0,0,0,0,0,0,0,0,0,0,0.0,,,,,,,,,,0.0,False,True,post,Final,Final,2026-01-21T22:21:40Z,espn,v1.3.2,Oregon Ducks,USC Trojans,0.0,1f582866cd8f9a2b83098531c8d34797203e5b87
401825394,30.0,USC Trojans,Oregon Ducks,away,2025-12-02,2025-12-03,2025-12-03T03:00Z,,82.0,77.0,5.0,0,0,0,0,0,0,0,0,0,0,0.0,,,,,,,,,,0.0,False,True,post,Final,Final,2026-01-21T22:21:40Z,espn,v1.3.2,Oregon Ducks,USC Trojans,0.0,998170c29d9a25813ea6820009e0b5c0623f8d91
401825395,84.0,Indiana Hoosiers,Minnesota Golden Gophers,away,2025-12-03,2025-12-04,2025-12-04T00:00Z,,64.0,73.0,-9.0,0,0,0,0,0,0,0,0,0,0,0.0,,,,,,,,,,0.0,False,True,post,Final,Final,2026-01-21T22:21:43Z,espn,v1.3.2,Minnesota Golden Gophers,Indiana Hoosiers,0.0,1897a91086948825618683e066af65d32e487685
401825395,135.0,Minnesota Golden Gophers,Indiana Hoosiers,home,2025-12-03,2025-12-04,2025-12-04T00:00Z,,73.0,64.0,9.0,0,0,0,0,0,0,0,0,0,0,0.0,,,,,,,,,,0.0,False,True,post,Final,Final,2026-01-21T22:21:43Z,espn,v1.3.2,Minnesota Golden Gophers,Indiana Hoosiers,0.0,5951e546c7db5a522ea703ab0e48b03ae986b710
401806374,8.0,Arkansas Razorbacks,Louisville Cardinals,home,2025-12-03,2025-12-04,2025-12-04T00:15Z,,89.0,80.0,9.0,0,0,0,0,0,0,0,0,0,0,0.0,,,,,,,,,,0.0,False,True,post,Final,Final,2026-01-21T22:21:41Z,espn,v1.3.2,Arkansas Razorbacks,Louisville Cardinals,0.0,16b20b4dc0bf97970a7f4dd1437a4aa0c196d108
401806374,97.0,Louisville Cardinals,Arkansas Razorbacks,away,2025-12-03,2025-12-04,2025-12-04T00:15Z,,80.0,89.0,-9.0,0,0,0,0,0,0,0,0,0,0,0.0,,,,,,,,,,0.0,False,True,post,Final,Final,2026-01-21T22:21:41Z,espn,v1.3.2,Arkansas Razorbacks,Louisville Cardinals,0.0,0c09114fc5ea273ac2d7918dbeb6fc2dd2a40cff
401806376,333.0,Alabama Crimson Tide,Clemson Tigers,home,2025-12-03,2025-12-04,2025-12-04T00:15Z,,90.0,84.0,6.0,0,0,0,0,0,0,0,0,0,0,0.0,,,,,,,,,,0.0,False,True,post,Final,Final,2026-01-21T22:21:42Z,espn,v1.3.2,Alabama Crimson Tide,Clemson Tigers,0.0,fff211a095fb7ec91933299b988c5bae8cca0a22
401806376,228.0,Clemson Tigers,Alabama Crimson Tide,away,2025-12-03,2025-12-04,2025-12-04T00:15Z,,84.0,90.0,-6.0,0,0,0,0,0,0,0,0,0,0,0.0,,,,,,,,,,0.0,False,True,post,Final,Final,2026-01-21T22:21:42Z,espn,v1.3.2,Alabama Crimson Tide,Clemson Tigers,0.0,ef525df68ad91a467357bf809e45ae095b184ed5
401819876,2016.0,Alcorn State Braves,Iowa State Cyclones,away,2025-12-03,2025-12-04,2025-12-04T01:00Z,,68.0,132.0,-64.0,0,0,0,0,0,0,0,0,0,0,0.0,,,,,,,,,,0.0,False,True,post,Final,Final,2026-01-21T22:21:42Z,espn,v1.3.2,Iowa State Cyclones,Alcorn State Braves,1.0,ba507269a753b08f1cd6cf328d8f2d5900fc9540
401819876,66.0,Iowa State Cyclones,Alcorn State Braves,home,2025-12-03,2025-12-04,2025-12-04T01:00Z,,132.0,68.0,64.0,0,0,0,0,0,0,0,0,0,0,0.0,,,,,,,,,,0.0,False,True,post,Final,Final,2026-01-21T22:21:42Z,espn,v1.3.2,Iowa State Cyclones,Alcorn State Braves,1.0,4aa739b7fec5b1c6c84d14b05a44eb1b2448f414
401819837,252.0,BYU Cougars,California Baptist Lancers,home,2025-12-03,2025-12-04,2025-12-04T02:00Z,,91.0,60.0,31.0,0,0,0,0,0,0,0,0,0,0,0.0,,,,,,,,,,0.0,False,True,post,Final,Final,2026-01-21T22:21:42Z,espn,v1.3.2,BYU Cougars,California Baptist Lancers,1.0,b8aaceb68281e4a7029db18e1bf4de77d62e8c11
401819837,2856.0,California Baptist Lancers,BYU Cougars,away,2025-12-03,2025-12-04,2025-12-04T02:00Z,,60.0,91.0,-31.0,0,0,0,0,0,0,0,0,0,0,0.0,,,,,,,,,,0.0,False,True,post,Final,Final,2026-01-21T22:21:42Z,espn,v1.3.2,BYU Cougars,California Baptist Lancers,1.0,ccf6165765ecb6ec49178d9b2688b37474426819
401806375,2567.0,SMU Mustangs,Vanderbilt Commodores,away,2025-12-03,2025-12-04,2025-12-04T02:15Z,,69.0,88.0,-19.0,0,0,0,0,0,0,0,0,0,0,0.0,,,,,,,,,,0.0,False,True,post,Final,Final,2026-01-21T22:21:41Z,espn,v1.3.2,Vanderbilt Commodores,SMU Mustangs,1.0,0ab292d340ea3d85c9a6e470d5661bf1cfe6f48b
401806375,238.0,Vanderbilt Commodores,SMU Mustangs,home,2025-12-03,2025-12-04,2025-12-04T02:15Z,,88.0,69.0,19.0,0,0,0,0,0,0,0,0,0,0,0.0,,,,,,,,,,0.0,False,True,post,Final,Final,2026-01-21T22:21:41Z,espn,v1.3.2,Vanderbilt Commodores,SMU Mustangs,1.0,b8f497ba58b5aa363929689a2b9ba35efbcbde83
401806373,2.0,Auburn Tigers,NC State Wolfpack,home,2025-12-03,2025-12-04,2025-12-04T02:25Z,,83.0,73.0,10.0,0,0,0,0,0,0,0,0,0,0,0.0,,,,,,,,,,0.0,False,True,post,Final,Final,2026-01-21T22:21:41Z,espn,v1.3.2,Auburn Tigers,NC State Wolfpack,0.0,6142e53da292593aa14a5fdf71652e2a062e6e21
401806373,152.0,NC State Wolfpack,Auburn Tigers,away,2025-12-03,2025-12-04,2025-12-04T02:25Z,,73.0,83.0,-10.0,0,0,0,0,0,0,0,0,0,0,0.0,,,,,,,,,,0.0,False,True,post,Final,Final,2026-01-21T22:21:41Z,espn,v1.3.2,Auburn Tigers,NC State Wolfpack,0.0,50996f40f97f7859f24553ab633d8665d40b24a5
401812290,161.0,Fairleigh Dickinson Knights,Manor College Blue Jays,home,2025-12-04,2025-12-04,2025-12-04T21:00Z,,86.0,38.0,48.0,0,0,0,0,0,0,0,0,0,0,0.0,,,,,,,,,,0.0,False,True,post,Final,Final,2026-01-21T22:21:44Z,espn,v1.3.2,Fairleigh Dickinson Knights,Manor College Blue Jays,1.0,dccf93466fa487743d1256231bbf55a02c6061d9
401812290,130196.0,Manor College Blue Jays,Fairleigh Dickinson Knights,away,2025-12-04,2025-12-04,2025-12-04T21:00Z,,38.0,86.0,-48.0,0,0,0,0,0,0,0,0,0,0,0.0,,,,,,,,,,0.0,False,True,post,Final,Final,2026-01-21T22:21:44Z,espn,v1.3.2,Fairleigh Dickinson Knights,Manor College Blue Jays,1.0,835f1ab14fff943f48b2e749682b567dcceac9e6
401817505,2739.0,Green Bay Phoenix,Robert Morris Colonials,home,2025-12-04,2025-12-05,2025-12-05T00:00Z,,78.0,80.0,-2.0,0,0,0,0,0,0,0,0,0,0,0.0,,,,,,,,,,0.0,False,True,post,Final,Final,2026-01-21T22:21:44Z,espn,v1.3.2,Green Bay Phoenix,Robert Morris Colonials,0.0,25cb1bdb0ec799a28ea9e2bcbd14f32bea1e4ee9
401817505,2523.0,Robert Morris Colonials,Green Bay Phoenix,away,2025-12-04,2025-12-05,2025-12-05T00:00Z,,80.0,78.0,2.0,0,0,0,0,0,0,0,0,0,0,0.0,,,,,,,,,,0.0,False,True,post,Final,Final,2026-01-21T22:21:44Z,espn,v1.3.2,Green Bay Phoenix,Robert Morris Colonials,0.0,7af5060b399e2aa756e0f9b3283efbe857b4dafe
401820845,2127.0,Charleston Southern Buccaneers,Warren Wilson Owls,home,2025-12-04,2025-12-05,2025-12-05T00:00Z,,124.0,63.0,61.0,0,0,0,0,0,0,0,0,0,0,0.0,,,,,,,,,,0.0,False,True,post,Final,Final,2026-01-21T22:21:45Z,espn,v1.3.2,Charleston Southern Buccaneers,Warren Wilson Owls,1.0,da2f8ced371d824a0778f2202b7946a1ddb74060
401820845,2684.0,Warren Wilson Owls,Charleston Southern Buccaneers,away,2025-12-04,2025-12-05,2025-12-05T00:00Z,,63.0,124.0,-61.0,0,0,0,0,0,0,0,0,0,0,0.0,,,,,,,,,,0.0,False,True,post,Final,Final,2026-01-21T22:21:45Z,espn,v1.3.2,Charleston Southern Buccaneers,Warren Wilson Owls,1.0,96d0a437aee5e25c7b558c6b2e8b87ecfadd03ab
401823852,2771.0,Merrimack Warriors,Rider Broncs,home,2025-12-04,2025-12-05,2025-12-05T00:00Z,,68.0,66.0,2.0,0,0,0,0,0,0,0,0,0,0,0.0,,,,,,,,,,0.0,False,True,post,Final,Final,2026-01-21T22:21:45Z,espn,v1.3.2,Merrimack Warriors,Rider Broncs,0.0,85081eb791f2ead97b350d051a7e960d8fc4c5ce
401823852,2520.0,Rider Broncs,Merrimack Warriors,away,2025-12-04,2025-12-05,2025-12-05T00:00Z,,66.0,68.0,-2.0,0,0,0,0,0,0,0,0,0,0,0.0,,,,,,,,,,0.0,False,True,post,Final,Final,2026-01-21T22:21:45Z,espn,v1.3.2,Merrimack Warriors,Rider Broncs,0.0,0f37a2c5f042d118face57a331181d11a6594736
401826835,58.0,South Florida Bulls,Utah State Aggies,home,2025-12-04,2025-12-05,2025-12-05T00:00Z,,74.0,61.0,13.0,0,0,0,0,0,0,0,0,0,0,0.0,,,,,,,,,,0.0,False,True,post,Final,Final,2026-01-21T22:21:46Z,espn,v1.3.2,South Florida Bulls,Utah State Aggies,0.0,4df45d7506503c4418f44d96b393df81d136ae73
401826835,328.0,Utah State Aggies,South Florida Bulls,away,2025-12-04,2025-12-05,2025-12-05T00:00Z,,61.0,74.0,-13.0,0,0,0,0,0,0,0,0,0,0,0.0,,,,,,,,,,0.0,False,True,post,Final,Final,2026-01-21T22:21:46Z,espn,v1.3.2,South Florida Bulls,Utah State Aggies,0.0,36d68dc824415a3f27e00c5060b2c7e0412172b2
401828643,2166.0,Davidson Wildcats,The Citadel Bulldogs,home,2025-12-04,2025-12-05,2025-12-05T00:00Z,,79.0,63.0,16.0,0,0,0,0,0,0,0,0,0,0,0.0,,,,,,,,,,0.0,False,True,post,Final,Final,2026-01-21T22:21:46Z,espn,v1.3.2,Davidson Wildcats,The Citadel Bulldogs,0.0,75a8c67436e0a0e74d69a3b1b115567031a56d22
401828643,2643.0,The Citadel Bulldogs,Davidson Wildcats,away,2025-12-04,2025-12-05,2025-12-05T00:00Z,,63.0,79.0,-16.0,0,0,0,0,0,0,0,0,0,0,0.0,,,,,,,,,,0.0,False,True,post,Final,Final,2026-01-21T22:21:46Z,espn,v1.3.2,Davidson Wildcats,The Citadel Bulldogs,0.0,cffa65a4e5aba9d69222e63e97d82b61626338f4
401823311,299.0,Long Beach State Beach,UC Santa Barbara Gauchos,away,2025-12-04,2025-12-05,2025-12-05T02:00Z,,77.0,84.0,-7.0,0,0,0,0,0,0,0,0,0,0,0.0,,,,,,,,,,0.0,False,True,post,Final,Final/OT,2026-01-21T22:21:45Z,espn,v1.3.2,UC Santa Barbara Gauchos,Long Beach State Beach,0.0,bae5c23b8e6fe41f548fa6475d83ddd20dbeb86a
401823311,2540.0,UC Santa Barbara Gauchos,Long Beach State Beach,home,2025-12-04,2025-12-05,2025-12-05T02:00Z,,84.0,77.0,7.0,0,0,0,0,0,0,0,0,0,0,0.0,,,,,,,,,,0.0,False,True,post,Final,Final/OT,2026-01-21T22:21:45Z,espn,v1.3.2,UC Santa Barbara Gauchos,Long Beach State Beach,0.0,c19970a38fd21fd48d9390bcc04febfab0373399
401809105,300.0,UC Irvine Anteaters,UC Riverside Highlanders,home,2025-12-04,2025-12-05,2025-12-05T03:00Z,,73.0,60.0,13.0,0,0,0,0,0,0,0,0,0,0,0.0,,,,,,,,,,0.0,False,True,post,Final,Final,2026-01-21T22:21:43Z,espn,v1.3.2,UC Irvine Anteaters,UC Riverside Highlanders,0.0,7933c2d22870822fff857667afbbd508a8ecef21
401809105,27.0,UC Riverside Highlanders,UC Irvine Anteaters,away,2025-12-04,2025-12-05,2025-12-05T03:00Z,,60.0,73.0,-13.0,0,0,0,0,0,0,0,0,0,0,0.0,,,,,,,,,,0.0,False,True,post,Final,Final,2026-01-21T22:21:43Z,espn,v1.3.2,UC Irvine Anteaters,UC Riverside Highlanders,0.0,858f6fa79d3e20d7c822d01beb30c4b898be356e
401809153,13.0,Cal Poly Mustangs,Cal State Fullerton Titans,away,2025-12-04,2025-12-05,2025-12-05T03:00Z,,94.0,91.0,3.0,0,0,0,0,0,0,0,0,0,0,0.0,,,,,,,,,,0.0,False,True,post,Final,Final,2026-01-21T22:21:44Z,espn,v1.3.2,Cal State Fullerton Titans,Cal Poly Mustangs,0.0,624b0712931a24cc470fef2e88a234179d9225c4
401809153,2239.0,Cal State Fullerton Titans,Cal Poly Mustangs,home,2025-12-04,2025-12-05,2025-12-05T03:00Z,,91.0,94.0,-3.0,0,0,0,0,0,0,0,0,0,0,0.0,,,,,,,,,,0.0,False,True,post,Final,Final,2026-01-21T22:21:44Z,espn,v1.3.2,Cal State Fullerton Titans,Cal Poly Mustangs,0.0,922a43957847b52d9a191f8ecf318a80dc740007
401823261,2934.0,Cal State Bakersfield Roadrunners,Cal State Northridge Matadors,away,2025-12-04,2025-12-05,2025-12-05T03:00Z,,66.0,87.0,-21.0,0,0,0,0,0,0,0,0,0,0,0.0,,,,,,,,,,0.0,False,True,post,Final,Final,2026-01-21T22:21:45Z,espn,v1.3.2,Cal State Northridge Matadors,Cal State Bakersfield Roadrunners,1.0,24ab71dcdb22f61717649b70bd4aba8cb50a3ccf
401823261,2463.0,Cal State Northridge Matadors,Cal State Bakersfield Roadrunners,home,2025-12-04,2025-12-05,2025-12-05T03:00Z,,87.0,66.0,21.0,0,0,0,0,0,0,0,0,0,0,0.0,,,,,,,,,,0.0,False,True,post,Final,Final,2026-01-21T22:21:45Z,espn,v1.3.2,Cal State Northridge Matadors,Cal State Bakersfield Roadrunners,1.0,fb51cb4867f417372dd23a4e82fee16056897df4
401809123,62.0,Hawai'i Rainbow Warriors,UC Davis Aggies,home,2025-12-04,2025-12-05,2025-12-05T04:59Z,,75.0,69.0,6.0,0,0,0,0,0,0,0,0,0,0,0.0,,,,,,,,,,0.0,False,True,post,Final,Final,2026-01-21T22:21:43Z,espn,v1.3.2,Hawai'i Rainbow Warriors,UC Davis Aggies,0.0,cc59d43138b94bfbef0aaa3ba5d647de9120b0dc
401809123,302.0,UC Davis Aggies,Hawai'i Rainbow Warriors,away,2025-12-04,2025-12-05,2025-12-05T04:59Z,,69.0,75.0,-6.0,0,0,0,0,0,0,0,0,0,0,0.0,,,,,,,,,,0.0,False,True,post,Final,Final,2026-01-21T22:21:43Z,espn,v1.3.2,Hawai'i Rainbow Warriors,UC Davis Aggies,0.0,2b9a2ca308b60fc883daba38cb37efe219e326f1
401824034,2250.0,Gonzaga Bulldogs,Kentucky Wildcats,away,2025-12-05,2025-12-06,2025-12-06T00:00Z,,94.0,59.0,35.0,0,0,0,0,0,0,0,0,0,0,0.0,,,,,,,,,,0.0,False,True,post,Final,Final,2026-01-21T22:21:47Z,espn,v1.3.2,Kentucky Wildcats,Gonzaga Bulldogs,1.0,19f01b9574f8daa6a351d59256aba7206b6d70bc
401824034,96.0,Kentucky Wildcats,Gonzaga Bulldogs,home,2025-12-05,2025-12-06,2025-12-06T00:00Z,,59.0,94.0,-35.0,0,0,0,0,0,0,0,0,0,0,0.0,,,,,,,,,,0.0,False,True,post,Final,Final,2026-01-21T22:21:47Z,espn,v1.3.2,Kentucky Wildcats,Gonzaga Bulldogs,1.0,6eb8c817236f52db769c73c68cdfcbb22b2fe2fc
401812792,2837.0,East Texas A&M Lions,UConn Huskies,away,2025-12-05,2025-12-06,2025-12-06T00:30Z,,59.0,83.0,-24.0,0,0,0,0,0,0,0,0,0,0,0.0,,,,,,,,,,0.0,False,True,post,Final,Final,2026-01-21T22:21:46Z,espn,v1.3.2,UConn Huskies,East Texas A&M Lions,1.0,84e2f6ba3942362074dc75580ca6046eeeb819b2
401812792,41.0,UConn Huskies,East Texas A&M Lions,home,2025-12-05,2025-12-06,2025-12-06T00:30Z,,83.0,59.0,24.0,0,0,0,0,0,0,0,0,0,0,0.0,,,,,,,,,,0.0,False,True,post,Final,Final,2026-01-21T22:21:46Z,espn,v1.3.2,UConn Huskies,East Texas A&M Lions,1.0,a3f1f6a3bf809ac59feb3b120b2b29b0beb844b6
401817235,150.0,Duke Blue Devils,Michigan State Spartans,away,2025-12-06,2025-12-06,2025-12-06T17:00Z,,66.0,60.0,6.0,0,0,0,0,0,0,0,0,0,0,0.0,,,,,,,,,,0.0,False,True,post,Final,Final,2026-01-21T22:21:48Z,espn,v1.3.2,Michigan State Spartans,Duke Blue Devils,0.0,c8fb7e8dec15557065798b96691b33c9b3e54aad
401817235,127.0,Michigan State Spartans,Duke Blue Devils,home,2025-12-06,2025-12-06,2025-12-06T17:00Z,,60.0,66.0,-6.0,0,0,0,0,0,0,0,0,0,0,0.0,,,,,,,,,,0.0,False,True,post,Final,Final,2026-01-21T22:21:48Z,espn,v1.3.2,Michigan State Spartans,Duke Blue Devils,0.0,9a4204c32d3777485719c57eb0774910870578d9
401819877,66.0,Iowa State Cyclones,Purdue Boilermakers,away,2025-12-06,2025-12-06,2025-12-06T17:00Z,,81.0,58.0,23.0,0,0,0,0,0,0,0,0,0,0,0.0,,,,,,,,,,0.0,False,True,post,Final,Final,2026-01-21T22:21:48Z,espn,v1.3.2,Purdue Boilermakers,Iowa State Cyclones,1.0,60e91abcf7ec9e133f50116ef1f98981ae407f5c
401819877,2509.0,Purdue Boilermakers,Iowa State Cyclones,home,2025-12-06,2025-12-06,2025-12-06T17:00Z,,58.0,81.0,-23.0,0,0,0,0,0,0,0,0,0,0,0.0,,,,,,,,,,0.0,False,True,post,Final,Final,2026-01-21T22:21:48Z,espn,v1.3.2,Purdue Boilermakers,Iowa State Cyclones,1.0,6c5545cf0ea1352f2865c013d008fc550724a6c5
401817246,84.0,Indiana Hoosiers,Louisville Cardinals,away,2025-12-06,2025-12-06,2025-12-06T19:15Z,,78.0,87.0,-9.0,0,0,0,0,0,0,0,0,0,0,0.0,,,,,,,,,,0.0,False,True,post,Final,Final,2026-01-21T22:21:48Z,espn,v1.3.2,Louisville Cardinals,Indiana Hoosiers,0.0,b60b5a10c2c3e95580d762c40a0957d596cc43d7
401817246,97.0,Louisville Cardinals,Indiana Hoosiers,home,2025-12-06,2025-12-06,2025-12-06T19:15Z,,87.0,78.0,9.0,0,0,0,0,0,0,0,0,0,0,0.0,,,,,,,,,,0.0,False,True,post,Final,Final,2026-01-21T22:21:48Z,espn,v1.3.2,Louisville Cardinals,Indiana Hoosiers,0.0,34c63a9280e560fd08810a6da5a387ea42dc0050
401825400,130.0,Michigan Wolverines,Rutgers Scarlet Knights,home,2025-12-06,2025-12-06,2025-12-06T21:00Z,,101.0,60.0,41.0,0,0,0,0,0,0,0,0,0,0,0.0,,,,,,,,,,0.0,False,True,post,Final,Final,2026-01-21T22:21:49Z,espn,v1.3.2,Michigan Wolverines,Rutgers Scarlet Knights,1.0,bba8e05856b911118be4cf2a69a84d2c4eca507d
401825400,164.0,Rutgers Scarlet Knights,Michigan Wolverines,away,2025-12-06,2025-12-06,2025-12-06T21:00Z,,60.0,101.0,-41.0,0,0,0,0,0,0,0,0,0,0,0.0,,,,,,,,,,0.0,False,True,post,Final,Final,2026-01-21T22:21:49Z,espn,v1.3.2,Michigan Wolverines,Rutgers Scarlet Knights,1.0,b6b7470cc229e5f044df5a74907d1399ca4c7c91
401826791,8.0,Arkansas Razorbacks,Fresno State Bulldogs,home,2025-12-06,2025-12-06,2025-12-06T21:00Z,,82.0,58.0,24.0,0,0,0,0,0,0,0,0,0,0,0.0,,,,,,,,,,0.0,False,True,post,Final,Final,2026-01-21T22:21:50Z,espn,v1.3.2,Arkansas Razorbacks,Fresno State Bulldogs,1.0,890f93f7fc9acb47a76bff18d47f81699de29b22
401826791,278.0,Fresno State Bulldogs,Arkansas Razorbacks,away,2025-12-06,2025-12-06,2025-12-06T21:00Z,,58.0,82.0,-24.0,0,0,0,0,0,0,0,0,0,0,0.0,,,,,,,,,,0.0,False,True,post,Final,Final,2026-01-21T22:21:50Z,espn,v1.3.2,Arkansas Razorbacks,Fresno State Bulldogs,1.0,cecbe12e6f5038e940155c61fabf1b5a78891592
401825402,30.0,USC Trojans,Washington Huskies,home,2025-12-06,2025-12-06,2025-12-06T23:00Z,,76.0,84.0,-8.0,0,0,0,0,0,0,0,0,0,0,0.0,,,,,,,,,,0.0,False,True,post,Final,Final,2026-01-21T22:21:49Z,espn,v1.3.2,USC Trojans,Washington Huskies,0.0,6cd779b05cd446cf0d18e7fda51f6e9508be4771
401825402,264.0,Washington Huskies,USC Trojans,away,2025-12-06,2025-12-06,2025-12-06T23:00Z,,84.0,76.0,8.0,0,0,0,0,0,0,0,0,0,0,0.0,,,,,,,,,,0.0,False,True,post,Final,Final,2026-01-21T22:21:49Z,espn,v1.3.2,USC Trojans,Washington Huskies,0.0,471230b7b89720fe789ab078f5080dd1d4f15058
401811099,356.0,Illinois Fighting Illini,Tennessee Volunteers,away,2025-12-06,2025-12-07,2025-12-07T01:00Z,,75.0,62.0,13.0,0,0,0,0,0,0,0,0,0,0,0.0,,,,,,,,,,0.0,False,True,post,Final,Final,2026-01-21T22:21:47Z,espn,v1.3.2,Tennessee Volunteers,Illinois Fighting Illini,0.0,48acc205190852775194188c113ec1fc4d93b01c
401811099,2633.0,Tennessee Volunteers,Illinois Fighting Illini,home,2025-12-06,2025-12-07,2025-12-07T01:00Z,,62.0,75.0,-13.0,0,0,0,0,0,0,0,0,0,0,0.0,,,,,,,,,,0.0,False,True,post,Final,Final,2026-01-21T22:21:47Z,espn,v1.3.2,Tennessee Volunteers,Illinois Fighting Illini,0.0,7dd1b28d79fd7e92c93ddc56cce81819d6584932
401824813,52.0,Florida State Seminoles,Houston Cougars,away,2025-12-06,2025-12-07,2025-12-07T01:00Z,,67.0,82.0,-15.0,0,0,0,0,0,0,0,0,0,0,0.0,,,,,,,,,,0.0,False,True,post,Final,Final,2026-01-21T22:21:49Z,espn,v1.3.2,Houston Cougars,Florida State Seminoles,0.0,c7ff8b9d65e9829af445f208a67fe51bf2e90466
401824813,248.0,Houston Cougars,Florida State Seminoles,home,2025-12-06,2025-12-07,2025-12-07T01:00Z,,82.0,67.0,15.0,0,0,0,0,0,0,0,0,0,0,0.0,,,,,,,,,,0.0,False,True,post,Final,Final,2026-01-21T22:21:49Z,espn,v1.3.2,Houston Cougars,Florida State Seminoles,0.0,634f45e95de35bd2ed76c49f67c06bb64f0fd770
401826916,145.0,Ole Miss Rebels,St. John's Red Storm,away,2025-12-06,2025-12-07,2025-12-07T01:00Z,,58.0,63.0,-5.0,0,0,0,0,0,0,0,0,0,0,0.0,,,,,,,,,,0.0,False,True,post,Final,Final,2026-01-21T22:21:50Z,espn,v1.3.2,St. John's Red Storm,Ole Miss Rebels,0.0,d9ddf5f28fb887606b19d7b0f2b7889d6c7e3957
401826916,2599.0,St. John's Red Storm,Ole Miss Rebels,home,2025-12-06,2025-12-07,2025-12-07T01:00Z,,63.0,58.0,5.0,0,0,0,0,0,0,0,0,0,0,0.0,,,,,,,,,,0.0,False,True,post,Final,Final,2026-01-21T22:21:50Z,espn,v1.3.2,St. John's Red Storm,Ole Miss Rebels,0.0,0edbe2e69d0e235ba39572d7f3232350fd160586
401823480,12.0,Arizona Wildcats,Auburn Tigers,home,2025-12-06,2025-12-07,2025-12-07T03:00Z,,97.0,68.0,29.0,0,0,0,0,0,0,0,0,0,0,0.0,,,,,,,,,,0.0,False,True,post,Final,Final,2026-01-21T22:21:48Z,espn,v1.3.2,Arizona Wildcats,Auburn Tigers,1.0,3891529417b8182299d1d4163522af99fa7e0a56
401823480,2.0,Auburn Tigers,Arizona Wildcats,away,2025-12-06,2025-12-07,2025-12-07T03:00Z,,68.0,97.0,-29.0,0,0,0,0,0,0,0,0,0,0,0.0,,,,,,,,,,0.0,False,True,post,Final,Final,2026-01-21T22:21:48Z,espn,v1.3.2,Arizona Wildcats,Auburn Tigers,1.0,4533668825cb1b9e4beee1edf81ecd06db8ec07a
401819885,2305.0,Kansas Jayhawks,Missouri Tigers,home,2025-12-07,2025-12-07,2025-12-07T18:00Z,,80.0,60.0,20.0,0,0,0,0,0,0,0,0,0,0,0.0,,,,,,,,,,0.0,False,True,post,Final,Final,2026-01-21T22:21:51Z,espn,v1.3.2,Kansas Jayhawks,Missouri Tigers,1.0,aa7d7c57fb988c29a9a6ce92b53555b8ad420799
401819885,142.0,Missouri Tigers,Kansas Jayhawks,away,2025-12-07,2025-12-07,2025-12-07T18:00Z,,60.0,80.0,-20.0,0,0,0,0,0,0,0,0,0,0,0.0,,,,,,,,,,0.0,False,True,post,Final,Final,2026-01-21T22:21:51Z,espn,v1.3.2,Kansas Jayhawks,Missouri Tigers,1.0,d337c7de0e83b318de32d52d3a8f19aa178b3490
401812265,333.0,Alabama Crimson Tide,UTSA Roadrunners,home,2025-12-07,2025-12-07,2025-12-07T19:00Z,,97.0,55.0,42.0,0,0,0,0,0,0,0,0,0,0,0.0,,,,,,,,,,0.0,False,True,post,Final,Final,2026-01-21T22:21:50Z,espn,v1.3.2,Alabama Crimson Tide,UTSA Roadrunners,1.0,f04d02a708e510a088c829388f26c76fa1440984
401812265,2636.0,UTSA Roadrunners,Alabama Crimson Tide,away,2025-12-07,2025-12-07,2025-12-07T19:00Z,,55.0,97.0,-42.0,0,0,0,0,0,0,0,0,0,0,0.0,,,,,,,,,,0.0,False,True,post,Final,Final,2026-01-21T22:21:50Z,espn,v1.3.2,Alabama Crimson Tide,UTSA Roadrunners,1.0,dbcc3db7addc6b1d4e090769b24a3fe69b48f666
401819902,99.0,LSU Tigers,Texas Tech Red Raiders,away,2025-12-07,2025-12-07,2025-12-07T20:00Z,,58.0,82.0,-24.0,0,0,0,0,0,0,0,0,0,0,0.0,,,,,,,,,,0.0,False,True,post,Final,Final,2026-01-21T22:21:51Z,espn,v1.3.2,Texas Tech Red Raiders,LSU Tigers,1.0,7c907baf967f7ae0ae2835154f255cb62c37360e
401819902,2641.0,Texas Tech Red Raiders,LSU Tigers,home,2025-12-07,2025-12-07,2025-12-07T20:00Z,,82.0,58.0,24.0,0,0,0,0,0,0,0,0,0,0,0.0,,,,,,,,,,0.0,False,True,post,Final,Final,2026-01-21T22:21:51Z,espn,v1.3.2,Texas Tech Red Raiders,LSU Tigers,1.0,4abb145cc45ab2583003efcac56457affc7f97d8
401817268,46.0,Georgetown Hoyas,North Carolina Tar Heels,away,2025-12-07,2025-12-07,2025-12-07T22:00Z,,61.0,81.0,-20.0,0,0,0,0,0,0,0,0,0,0,0.0,,,,,,,,,,0.0,False,True,post,Final,Final,2026-01-21T22:21:51Z,espn,v1.3.2,North Carolina Tar Heels,Georgetown Hoyas,1.0,391223d1aa95173911b4e95bf44a941080b27ec5
401817268,153.0,North Carolina Tar Heels,Georgetown Hoyas,home,2025-12-07,2025-12-07,2025-12-07T22:00Z,,81.0,61.0,20.0,0,0,0,0,0,0,0,0,0,0,0.0,,,,,,,,,,0.0,False,True,post,Final,Final,2026-01-21T22:21:51Z,espn,v1.3.2,North Carolina Tar Heels,Georgetown Hoyas,1.0,c52d7399a86f0368147c92fd1a7f70d1c6e7cda0
401823448,2250.0,Gonzaga Bulldogs,North Florida Ospreys,home,2025-12-07,2025-12-08,2025-12-08T02:00Z,,109.0,58.0,51.0,0,0,0,0,0,0,0,0,0,0,0.0,,,,,,,,,,0.0,False,True,post,Final,Final,2026-01-21T22:21:52Z,espn,v1.3.2,Gonzaga Bulldogs,North Florida Ospreys,1.0,ef37537dc09c430706c680ce1193acda48995e8f
401823448,2454.0,North Florida Ospreys,Gonzaga Bulldogs,away,2025-12-07,2025-12-08,2025-12-08T02:00Z,,58.0,109.0,-51.0,0,0,0,0,0,0,0,0,0,0,0.0,,,,,,,,,,0.0,False,True,post,Final,Final,2026-01-21T22:21:52Z,espn,v1.3.2,Gonzaga Bulldogs,North Florida Ospreys,1.0,fbbf70aa393ed340f31f21cd301f4afd164c19f5
401828342,338.0,Kennesaw State Owls,Southern Wesleyan Warriors,home,2025-12-08,2025-12-08,2025-12-08T17:00Z,,121.0,66.0,55.0,0,0,0,0,0,0,0,0,0,0,0.0,,,,,,,,,,0.0,False,True,post,Final,Final,2026-01-21T22:21:54Z,espn,v1.3.2,Kennesaw State Owls,Southern Wesleyan Warriors,1.0,4fbe3b3a9ac183161c91ff405e367669c93764f7
401828342,2576.0,Southern Wesleyan Warriors,Kennesaw State Owls,away,2025-12-08,2025-12-08,2025-12-08T17:00Z,,66.0,121.0,-55.0,0,0,0,0,0,0,0,0,0,0,0.0,,,,,,,,,,0.0,False,True,post,Final,Final,2026-01-21T22:21:54Z,espn,v1.3.2,Kennesaw State Owls,Southern Wesleyan Warriors,1.0,a605c8c8212e05cd5dbf332e86520e7b09ada93c
401812581,322.0,Lafayette Leopards,Pennsylvania Quakers,away,2025-12-08,2025-12-08,2025-12-08T23:00Z,,72.0,74.0,-2.0,0,0,0,0,0,0,0,0,0,0,0.0,,,,,,,,,,0.0,False,True,post,Final,Final,2026-01-21T22:21:52Z,espn,v1.3.2,Pennsylvania Quakers,Lafayette Leopards,0.0,87bd9b76c88c55aadb69ed4c38e505d0316df0ff
401812581,219.0,Pennsylvania Quakers,Lafayette Leopards,home,2025-12-08,2025-12-08,2025-12-08T23:00Z,,74.0,72.0,2.0,0,0,0,0,0,0,0,0,0,0,0.0,,,,,,,,,,0.0,False,True,post,Final,Final,2026-01-21T22:21:52Z,espn,v1.3.2,Pennsylvania Quakers,Lafayette Leopards,0.0,87ff303df2c0e73b980f342d79ca4479cb5bf8a6
401820846,2127.0,Charleston Southern Buccaneers,South Carolina State Bulldogs,home,2025-12-08,2025-12-09,2025-12-09T00:00Z,,84.0,44.0,40.0,0,0,0,0,0,0,0,0,0,0,0.0,,,,,,,,,,0.0,False,True,post,Final,Final,2026-01-21T22:21:53Z,espn,v1.3.2,Charleston Southern Buccaneers,South Carolina State Bulldogs,1.0,e254f6a35dc343cd59227c8933a83b5a3813d400
401820846,2569.0,South Carolina State Bulldogs,Charleston Southern Buccaneers,away,2025-12-08,2025-12-09,2025-12-09T00:00Z,,44.0,84.0,-40.0,0,0,0,0,0,0,0,0,0,0,0.0,,,,,,,,,,0.0,False,True,post,Final,Final,2026-01-21T22:21:53Z,espn,v1.3.2,Charleston Southern Buccaneers,South Carolina State Bulldogs,1.0,069b00743552a1f73bee7be8e1cd41c1b4d6f0e9
401808900,2916.0,Incarnate Word Cardinals,New Orleans Privateers,away,2025-12-08,2025-12-09,2025-12-09T01:00Z,,83.0,84.0,-1.0,0,0,0,0,0,0,0,0,0,0,0.0,,,,,,,,,,0.0,False,True,post,Final,Final,2026-01-21T22:21:52Z,espn,v1.3.2,New Orleans Privateers,Incarnate Word Cardinals,0.0,04bfb5080bc6a612f20c4fb6aff32803ec0488fa
401808900,2443.0,New Orleans Privateers,Incarnate Word Cardinals,home,2025-12-08,2025-12-09,2025-12-09T01:00Z,,84.0,83.0,1.0,0,0,0,0,0,0,0,0,0,0,0.0,,,,,,,,,,0.0,False,True,post,Final,Final,2026-01-21T22:21:52Z,espn,v1.3.2,New Orleans Privateers,Incarnate Word Cardinals,0.0,ffd586debd16aa2f150ae7d244b8633e436f7959
401819895,2306.0,Kansas State Wildcats,Mississippi Valley State Delta Devils,home,2025-12-08,2025-12-09,2025-12-09T01:00Z,,108.0,49.0,59.0,0,0,0,0,0,0,0,0,0,0,0.0,,,,,,,,,,0.0,False,True,post,Final,Final,2026-01-21T22:21:52Z,espn,v1.3.2,Kansas State Wildcats,Mississippi Valley State Delta Devils,1.0,ea922002bef1f9c3d9c4ff247e87fe1a1d41291f
401819895,2400.0,Mississippi Valley State Delta Devils,Kansas State Wildcats,away,2025-12-08,2025-12-09,2025-12-09T01:00Z,,49.0,108.0,-59.0,0,0,0,0,0,0,0,0,0,0,0.0,,,,,,,,,,0.0,False,True,post,Final,Final,2026-01-21T22:21:52Z,espn,v1.3.2,Kansas State Wildcats,Mississippi Valley State Delta Devils,1.0,b07d6338177f7a4aa5af300d3ef7aad4b9a41555
401827017,2582.0,Southern Jaguars,Texas Longhorns,away,2025-12-08,2025-12-09,2025-12-09T01:00Z,,69.0,95.0,-26.0,0,0,0,0,0,0,0,0,0,0,0.0,,,,,,,,,,0.0,False,True,post,Final,Final,2026-01-21T22:21:53Z,espn,v1.3.2,Texas Longhorns,Southern Jaguars,1.0,1a0e4c31a5a0db2264d56a893cae2acc5717da07
401827017,251.0,Texas Longhorns,Southern Jaguars,home,2025-12-08,2025-12-09,2025-12-09T01:00Z,,95.0,69.0,26.0,0,0,0,0,0,0,0,0,0,0,0.0,,,,,,,,,,0.0,False,True,post,Final,Final,2026-01-21T22:21:53Z,espn,v1.3.2,Texas Longhorns,Southern Jaguars,1.0,d5a6d28c10ba68e1cacb0ad714707e2c631c550e
401827090,2755.0,Grambling Tigers,Southern Miss Golden Eagles,away,2025-12-08,2025-12-09,2025-12-09T01:00Z,,60.0,68.0,-8.0,0,0,0,0,0,0,0,0,0,0,0.0,,,,,,,,,,0.0,False,True,post,Final,Final,2026-01-21T22:21:53Z,espn,v1.3.2,Southern Miss Golden Eagles,Grambling Tigers,0.0,84c97176fd086b0e61a3a074d8feac6e3f71d206
401827090,2572.0,Southern Miss Golden Eagles,Grambling Tigers,home,2025-12-08,2025-12-09,2025-12-09T01:00Z,,68.0,60.0,8.0,0,0,0,0,0,0,0,0,0,0,0.0,,,,,,,,,,0.0,False,True,post,Final,Final,2026-01-21T22:21:53Z,espn,v1.3.2,Southern Miss Golden Eagles,Grambling Tigers,0.0,83a908c66721c43942c7202b1d8059b67731efd8
401812923,252.0,BYU Cougars,Clemson Tigers,home,2025-12-09,2025-12-09,2025-12-09T23:30Z,,67.0,64.0,3.0,0,0,0,0,0,0,0,0,0,0,0.0,,,,,,,,,,0.0,False,True,post,Final,Final,2026-01-21T22:21:54Z,espn,v1.3.2,BYU Cougars,Clemson Tigers,0.0,dbba1de4e19cdaf847fc4b2979d12806942fc0e1
401812923,228.0,Clemson Tigers,BYU Cougars,away,2025-12-09,2025-12-09,2025-12-09T23:30Z,,64.0,67.0,-3.0,0,0,0,0,0,0,0,0,0,0,0.0,,,,,,,,,,0.0,False,True,post,Final,Final,2026-01-21T22:21:54Z,espn,v1.3.2,BYU Cougars,Clemson Tigers,0.0,3270df589026e92fda35ad9fa11693e0b2c7ca9c
401823566,130.0,Michigan Wolverines,Villanova Wildcats,home,2025-12-09,2025-12-09,2025-12-09T23:30Z,,89.0,61.0,28.0,0,0,0,0,0,0,0,0,0,0,0.0,,,,,,,,,,0.0,False,True,post,Final,Final,2026-01-21T22:21:55Z,espn,v1.3.2,Michigan Wolverines,Villanova Wildcats,1.0,051a86d6ec0eecaa5b628cf78eca2d50ab2f1fe1
401823566,222.0,Villanova Wildcats,Michigan Wolverines,away,2025-12-09,2025-12-09,2025-12-09T23:30Z,,61.0,89.0,-28.0,0,0,0,0,0,0,0,0,0,0,0.0,,,,,,,,,,0.0,False,True,post,Final,Final,2026-01-21T22:21:55Z,espn,v1.3.2,Michigan Wolverines,Villanova Wildcats,1.0,ad2225095568de0bceb24f53812ded31aaf38e3c
401817513,2379.0,Maryland Eastern Shore Hawks,Virginia Cavaliers,away,2025-12-09,2025-12-10,2025-12-10T00:00Z,,60.0,84.0,-24.0,0,0,0,0,0,0,0,0,0,0,0.0,,,,,,,,,,0.0,False,True,post,Final,Final,2026-01-21T22:21:55Z,espn,v1.3.2,Virginia Cavaliers,Maryland Eastern Shore Hawks,1.0,5349536e0967a7ea3982eecd14dc8a5c6e9609e7
401817513,258.0,Virginia Cavaliers,Maryland Eastern Shore Hawks,home,2025-12-09,2025-12-10,2025-12-10T00:00Z,,84.0,60.0,24.0,0,0,0,0,0,0,0,0,0,0,0.0,,,,,,,,,,0.0,False,True,post,Final,Final,2026-01-21T22:21:55Z,espn,v1.3.2,Virginia Cavaliers,Maryland Eastern Shore Hawks,1.0,3e4602db5ebb884e9570d53cbd4e87d712671672
401825404,356.0,Illinois Fighting Illini,Ohio State Buckeyes,away,2025-12-09,2025-12-10,2025-12-10T00:30Z,,88.0,80.0,8.0,0,0,0,0,0,0,0,0,0,0,0.0,,,,,,,,,,0.0,False,True,post,Final,Final,2026-01-21T22:21:55Z,espn,v1.3.2,Ohio State Buckeyes,Illinois Fighting Illini,0.0,6680b27e30f5890030a121df1765df4ce9d68e67
401825404,194.0,Ohio State Buckeyes,Illinois Fighting Illini,home,2025-12-09,2025-12-10,2025-12-10T00:30Z,,80.0,88.0,-8.0,0,0,0,0,0,0,0,0,0,0,0.0,,,,,,,,,,0.0,False,True,post,Final,Final,2026-01-21T22:21:55Z,espn,v1.3.2,Ohio State Buckeyes,Illinois Fighting Illini,0.0,992e3f5fff9132170be324836feff027e3893dc7
401812793,57.0,Florida Gators,UConn Huskies,away,2025-12-09,2025-12-10,2025-12-10T02:31Z,,73.0,77.0,-4.0,0,0,0,0,0,0,0,0,0,0,0.0,,,,,,,,,,0.0,False,True,post,Final,Final,2026-01-21T22:21:54Z,espn,v1.3.2,UConn Huskies,Florida Gators,0.0,fb0a8aa13c36baf4fbc5e270789c99ae334ff2d7
401812793,41.0,UConn Huskies,Florida Gators,home,2025-12-09,2025-12-10,2025-12-10T02:31Z,,77.0,73.0,4.0,0,0,0,0,0,0,0,0,0,0,0.0,,,,,,,,,,0.0,False,True,post,Final,Final,2026-01-21T22:21:54Z,espn,v1.3.2,UConn Huskies,Florida Gators,0.0,7b676ee28213af778d679e4a83961aea9e06fd7b
401825406,135.0,Minnesota Golden Gophers,Purdue Boilermakers,away,2025-12-10,2025-12-11,2025-12-11T00:00Z,,57.0,85.0,-28.0,0,0,0,0,0,0,0,0,0,0,0.0,,,,,,,,,,0.0,False,True,post,Final,Final,2026-01-21T22:21:56Z,espn,v1.3.2,Purdue Boilermakers,Minnesota Golden Gophers,1.0,cc75a27165863b9b163b5758350886640955d67d
401825406,2509.0,Purdue Boilermakers,Minnesota Golden Gophers,home,2025-12-10,2025-12-11,2025-12-11T00:00Z,,85.0,57.0,28.0,0,0,0,0,0,0,0,0,0,0,0.0,,,,,,,,,,0.0,False,True,post,Final,Final,2026-01-21T22:21:56Z,espn,v1.3.2,Purdue Boilermakers,Minnesota Golden Gophers,1.0,b3db87d5bd78b87bf5066d96a626f650605b0926
401824814,248.0,Houston Cougars,Jackson State Tigers,home,2025-12-10,2025-12-11,2025-12-11T01:00Z,,80.0,38.0,42.0,0,0,0,0,0,0,0,0,0,0,0.0,,,,,,,,,,0.0,False,True,post,Final,Final,2026-01-21T22:21:56Z,espn,v1.3.2,Houston Cougars,Jackson State Tigers,1.0,26e46d6ff260b20cc2ecef74da8418be077ee1a1
401824814,2296.0,Jackson State Tigers,Houston Cougars,away,2025-12-10,2025-12-11,2025-12-11T01:00Z,,38.0,80.0,-42.0,0,0,0,0,0,0,0,0,0,0,0.0,,,,,,,,,,0.0,False,True,post,Final,Final,2026-01-21T22:21:56Z,espn,v1.3.2,Houston Cougars,Jackson State Tigers,1.0,5b88d78b6961de5d318eb3a35731f0d35cd2c9b4
401825405,158.0,Nebraska Cornhuskers,Wisconsin Badgers,home,2025-12-10,2025-12-11,2025-12-11T02:00Z,,90.0,60.0,30.0,0,0,0,0,0,0,0,0,0,0,0.0,,,,,,,,,,0.0,False,True,post,Final,Final,2026-01-21T22:21:56Z,espn,v1.3.2,Nebraska Cornhuskers,Wisconsin Badgers,1.0,cc9a5ad627f9bfb4f742d9af97131e79443d3f02
401825405,275.0,Wisconsin Badgers,Nebraska Cornhuskers,away,2025-12-10,2025-12-11,2025-12-11T02:00Z,,60.0,90.0,-30.0,0,0,0,0,0,0,0,0,0,0,0.0,,,,,,,,,,0.0,False,True,post,Final,Final,2026-01-21T22:21:56Z,espn,v1.3.2,Nebraska Cornhuskers,Wisconsin Badgers,1.0,81816bc4b39bd8e079ac53003ca8278d33ac6c41
401819878,2294.0,Iowa Hawkeyes,Iowa State Cyclones,away,2025-12-11,2025-12-12,2025-12-12T01:00Z,,62.0,66.0,-4.0,0,0,0,0,0,0,0,0,0,0,0.0,,,,,,,,,,0.0,False,True,post,Final,Final,2026-01-21T22:21:57Z,espn,v1.3.2,Iowa State Cyclones,Iowa Hawkeyes,0.0,e7374470b33490c3aa393206ab596d870036d7fa
401819878,66.0,Iowa State Cyclones,Iowa Hawkeyes,home,2025-12-11,2025-12-12,2025-12-12T01:00Z,,66.0,62.0,4.0,0,0,0,0,0,0,0,0,0,0,0.0,,,,,,,,,,0.0,False,True,post,Final,Final,2026-01-21T22:21:57Z,espn,v1.3.2,Iowa State Cyclones,Iowa Hawkeyes,0.0,db57d9a09d8f8c7cedc96f70034be051f9dae754
401812794,251.0,Texas Longhorns,UConn Huskies,away,2025-12-12,2025-12-13,2025-12-13T01:00Z,,63.0,71.0,-8.0,0,0,0,0,0,0,0,0,0,0,0.0,,,,,,,,,,0.0,False,True,post,Final,Final,2026-01-21T22:21:57Z,espn,v1.3.2,UConn Huskies,Texas Longhorns,0.0,285aa22c0e317b47afb6ccf87a7696158d573d64
401812794,41.0,UConn Huskies,Texas Longhorns,home,2025-12-12,2025-12-13,2025-12-13T01:00Z,,71.0,63.0,8.0,0,0,0,0,0,0,0,0,0,0,0.0,,,,,,,,,,0.0,False,True,post,Final,Final,2026-01-21T22:21:57Z,espn,v1.3.2,UConn Huskies,Texas Longhorns,0.0,b0095e9028d9612398c14d0261c789b04c2a2b45
401824309,314.0,Iona Gaels,St. John's Red Storm,away,2025-12-13,2025-12-13,2025-12-13T17:00Z,,64.0,91.0,-27.0,0,0,0,0,0,0,0,0,0,0,0.0,,,,,,,,,,0.0,False,True,post,Final,Final,2026-01-21T22:22:01Z,espn,v1.3.2,St. John's Red Storm,Iona Gaels,1.0,9e9928c35c656f3ddab8e57c949187f7ec3e4f0f
401824309,2599.0,St. John's Red Storm,Iona Gaels,home,2025-12-13,2025-12-13,2025-12-13T17:00Z,,91.0,64.0,27.0,0,0,0,0,0,0,0,0,0,0,0.0,,,,,,,,,,0.0,False,True,post,Final,Final,2026-01-21T22:22:01Z,espn,v1.3.2,St. John's Red Storm,Iona Gaels,1.0,2f7d81c6598ee29ba9b0591fea12a4c3aebf53fb
401825409,127.0,Michigan State Spartans,Penn State Nittany Lions,away,2025-12-13,2025-12-13,2025-12-13T17:00Z,,76.0,72.0,4.0,0,0,0,0,0,0,0,0,0,0,0.0,,,,,,,,,,0.0,False,True,post,Final,Final,2026-01-21T22:22:02Z,espn,v1.3.2,Penn State Nittany Lions,Michigan State Spartans,0.0,e34efc89bc8069e384e11cb13fe5899ae9e3d8ff
401825409,213.0,Penn State Nittany Lions,Michigan State Spartans,home,2025-12-13,2025-12-13,2025-12-13T17:00Z,,72.0,76.0,-4.0,0,0,0,0,0,0,0,0,0,0,0.0,,,,,,,,,,0.0,False,True,post,Final,Final,2026-01-21T22:22:02Z,espn,v1.3.2,Penn State Nittany Lions,Michigan State Spartans,0.0,63e1aef383074ef4c10e1220a4fdb9a39f042540
401826789,8.0,Arkansas Razorbacks,Texas Tech Red Raiders,home,2025-12-13,2025-12-13,2025-12-13T17:00Z,,93.0,86.0,7.0,0,0,0,0,0,0,0,0,0,0,0.0,,,,,,,,,,0.0,False,True,post,Final,Final,2026-01-21T22:22:03Z,espn,v1.3.2,Arkansas Razorbacks,Texas Tech Red Raiders,0.0,303b5c7c0ffe33a55d19c9b16fbaadf2a48ea364
401826789,2641.0,Texas Tech Red Raiders,Arkansas Razorbacks,away,2025-12-13,2025-12-13,2025-12-13T17:00Z,,86.0,93.0,-7.0,0,0,0,0,0,0,0,0,0,0,0.0,,,,,,,,,,0.0,False,True,post,Final,Final,2026-01-21T22:22:03Z,espn,v1.3.2,Arkansas Razorbacks,Texas Tech Red Raiders,0.0,613c0d1efc4d8ff41489d7010270ca08bc30063a
401817269,153.0,North Carolina Tar Heels,South Carolina Upstate Spartans,home,2025-12-13,2025-12-13,2025-12-13T19:00Z,,80.0,62.0,18.0,0,0,0,0,0,0,0,0,0,0,0.0,,,,,,,,,,0.0,False,True,post,Final,Final,2026-01-21T22:21:59Z,espn,v1.3.2,North Carolina Tar Heels,South Carolina Upstate Spartans,1.0,e1fa583776773648c27cc19400db70e8259493db
401817269,2908.0,South Carolina Upstate Spartans,North Carolina Tar Heels,away,2025-12-13,2025-12-13,2025-12-13T19:00Z,,62.0,80.0,-18.0,0,0,0,0,0,0,0,0,0,0,0.0,,,,,,,,,,0.0,False,True,post,Final,Final,2026-01-21T22:21:59Z,espn,v1.3.2,North Carolina Tar Heels,South Carolina Upstate Spartans,1.0,0c927bc59e6d3d538f7fbb8dbba03f41c1ffb1e6
401823028,269.0,Marquette Golden Eagles,Purdue Boilermakers,away,2025-12-13,2025-12-13,2025-12-13T19:00Z,,59.0,79.0,-20.0,0,0,0,0,0,0,0,0,0,0,0.0,,,,,,,,,,0.0,False,True,post,Final,Final,2026-01-21T22:22:00Z,espn,v1.3.2,Purdue Boilermakers,Marquette Golden Eagles,1.0,5815c8e3f11084be133ef2b37872e0472cdaec75
401823028,2509.0,Purdue Boilermakers,Marquette Golden Eagles,home,2025-12-13,2025-12-13,2025-12-13T19:00Z,,79.0,59.0,20.0,0,0,0,0,0,0,0,0,0,0,0.0,,,,,,,,,,0.0,False,True,post,Final,Final,2026-01-21T22:22:00Z,espn,v1.3.2,Purdue Boilermakers,Marquette Golden Eagles,1.0,b6d3d495f67bab322626aa2242e65f3133f2e0b3
401817151,57.0,Florida Gators,George Washington Revolutionaries,home,2025-12-13,2025-12-13,2025-12-13T19:52Z,,80.0,70.0,10.0,0,0,0,0,0,0,0,0,0,0,0.0,,,,,,,,,,0.0,False,True,post,Final,Final,2026-01-21T22:21:59Z,espn,v1.3.2,Florida Gators,George Washington Revolutionaries,0.0,d742f8cc98ffa12bec5bcc5a293223306e696834
401817151,45.0,George Washington Revolutionaries,Florida Gators,away,2025-12-13,2025-12-13,2025-12-13T19:52Z,,70.0,80.0,-10.0,0,0,0,0,0,0,0,0,0,0,0.0,,,,,,,,,,0.0,False,True,post,Final,Final,2026-01-21T22:21:59Z,espn,v1.3.2,Florida Gators,George Washington Revolutionaries,0.0,5331ff44fe2cfef0783c5f79f3a5359a800edb92
401808901,248.0,Houston Cougars,New Orleans Privateers,home,2025-12-13,2025-12-13,2025-12-13T20:00Z,,99.0,57.0,42.0,0,0,0,0,0,0,0,0,0,0,0.0,,,,,,,,,,0.0,False,True,post,Final,Final,2026-01-21T22:21:58Z,espn,v1.3.2,Houston Cougars,New Orleans Privateers,1.0,d9ae36acf81caaa49f1672c9623c62e2a7d2192e
401808901,2443.0,New Orleans Privateers,Houston Cougars,away,2025-12-13,2025-12-13,2025-12-13T20:00Z,,57.0,99.0,-42.0,0,0,0,0,0,0,0,0,0,0,0.0,,,,,,,,,,0.0,False,True,post,Final,Final,2026-01-21T22:21:58Z,espn,v1.3.2,Houston Cougars,New Orleans Privateers,1.0,c16fa6e1231b9ca5bf10229eb596c86fe9e51eb5
401817247,97.0,Louisville Cardinals,Memphis Tigers,home,2025-12-13,2025-12-13,2025-12-13T20:30Z,,99.0,73.0,26.0,0,0,0,0,0,0,0,0,0,0,0.0,,,,,,,,,,0.0,False,True,post,Final,Final,2026-01-21T22:21:59Z,espn,v1.3.2,Louisville Cardinals,Memphis Tigers,1.0,a979172557955afdcd90861963edcf86d6d572bb
401817247,235.0,Memphis Tigers,Louisville Cardinals,away,2025-12-13,2025-12-13,2025-12-13T20:30Z,,73.0,99.0,-26.0,0,0,0,0,0,0,0,0,0,0,0.0,,,,,,,,,,0.0,False,True,post,Final,Final,2026-01-21T22:21:59Z,espn,v1.3.2,Louisville Cardinals,Memphis Tigers,1.0,c8d938a35018c2111869f79fcc7b14935490fa36
401825407,356.0,Illinois Fighting Illini,Nebraska Cornhuskers,home,2025-12-13,2025-12-13,2025-12-13T21:00Z,,80.0,83.0,-3.0,0,0,0,0,0,0,0,0,0,0,0.0,,,,,,,,,,0.0,False,True,post,Final,Final,2026-01-21T22:22:02Z,espn,v1.3.2,Illinois Fighting Illini,Nebraska Cornhuskers,0.0,a1382ebe56efc4644ff3b18551b139c5190b9dd1
401825407,158.0,Nebraska Cornhuskers,Illinois Fighting Illini,away,2025-12-13,2025-12-13,2025-12-13T21:00Z,,83.0,80.0,3.0,0,0,0,0,0,0,0,0,0,0,0.0,,,,,,,,,,0.0,False,True,post,Final,Final,2026-01-21T22:22:02Z,espn,v1.3.2,Illinois Fighting Illini,Nebraska Cornhuskers,0.0,47bd293ae1ee90e2b88393132dcc016bd2885b2e
401823481,2.0,Auburn Tigers,Chattanooga Mocs,home,2025-12-13,2025-12-13,2025-12-13T21:50Z,,92.0,78.0,14.0,0,0,0,0,0,0,0,0,0,0,0.0,,,,,,,,,,0.0,False,True,post,Final,Final,2026-01-21T22:22:00Z,espn,v1.3.2,Auburn Tigers,Chattanooga Mocs,0.0,899cd31d8a8e9fae4d74a341a350dbb478ae0dfb
401823481,236.0,Chattanooga Mocs,Auburn Tigers,away,2025-12-13,2025-12-13,2025-12-13T21:50Z,,78.0,92.0,-14.0,0,0,0,0,0,0,0,0,0,0,0.0,,,,,,,,,,0.0,False,True,post,Final,Final,2026-01-21T22:22:00Z,espn,v1.3.2,Auburn Tigers,Chattanooga Mocs,0.0,eeb1e445ff10e34bb5db71e5f87720058f83ddcc
401817259,2305.0,Kansas Jayhawks,NC State Wolfpack,away,2025-12-13,2025-12-13,2025-12-13T22:30Z,,77.0,76.0,1.0,0,0,0,0,0,0,0,0,0,0,0.0,,,,,,,,,,0.0,False,True,post,Final,Final/OT,2026-01-21T22:21:59Z,espn,v1.3.2,NC State Wolfpack,Kansas Jayhawks,0.0,fa6307680508b9e26093e26e46a0319e8aefeedb
401817259,152.0,NC State Wolfpack,Kansas Jayhawks,home,2025-12-13,2025-12-13,2025-12-13T22:30Z,,76.0,77.0,-1.0,0,0,0,0,0,0,0,0,0,0,0.0,,,,,,,,,,0.0,False,True,post,Final,Final/OT,2026-01-21T22:21:59Z,espn,v1.3.2,NC State Wolfpack,Kansas Jayhawks,0.0,0da5968b387c2ff5e33eeb8aeadd5da7d6f9cb6c
401824940,2110.0,Central Arkansas Bears,Vanderbilt Commodores,away,2025-12-13,2025-12-13,2025-12-13T23:30Z,,72.0,83.0,-11.0,0,0,0,0,0,0,0,0,0,0,0.0,,,,,,,,,,0.0,False,True,post,Final,Final,2026-01-21T22:22:01Z,espn,v1.3.2,Vanderbilt Commodores,Central Arkansas Bears,0.0,7458908e8b94b760f06be7611cd96138752f270d
401824940,238.0,Vanderbilt Commodores,Central Arkansas Bears,home,2025-12-13,2025-12-13,2025-12-13T23:30Z,,83.0,72.0,11.0,0,0,0,0,0,0,0,0,0,0,0.0,,,,,,,,,,0.0,False,True,post,Final,Final,2026-01-21T22:22:01Z,espn,v1.3.2,Vanderbilt Commodores,Central Arkansas Bears,0.0,2a982621d589aa25af478dcbb8e2e0e78c968eb8
401825408,120.0,Maryland Terrapins,Michigan Wolverines,home,2025-12-13,2025-12-14,2025-12-14T01:00Z,,83.0,101.0,-18.0,0,0,0,0,0,0,0,0,0,0,0.0,,,,,,,,,,0.0,False,True,post,Final,Final,2026-01-21T22:22:02Z,espn,v1.3.2,Maryland Terrapins,Michigan Wolverines,1.0,81b2937bb74e3803e8a16eacbd826cc9933997c9
401825408,130.0,Michigan Wolverines,Maryland Terrapins,away,2025-12-13,2025-12-14,2025-12-14T01:00Z,,101.0,83.0,18.0,0,0,0,0,0,0,0,0,0,0,0.0,,,,,,,,,,0.0,False,True,post,Final,Final,2026-01-21T22:22:02Z,espn,v1.3.2,Maryland Terrapins,Michigan Wolverines,1.0,fcb28038b5b92e9d2d68444be0b9006b6508966e
401819838,252.0,BYU Cougars,UC Riverside Highlanders,home,2025-12-13,2025-12-14,2025-12-14T02:00Z,,100.0,53.0,47.0,0,0,0,0,0,0,0,0,0,0,0.0,,,,,,,,,,0.0,False,True,post,Final,Final,2026-01-21T22:22:00Z,espn,v1.3.2,BYU Cougars,UC Riverside Highlanders,1.0,e746dff2d4aaedd37afe125b2ca78b2e6ba253a1
401819838,27.0,UC Riverside Highlanders,BYU Cougars,away,2025-12-13,2025-12-14,2025-12-14T02:00Z,,53.0,100.0,-47.0,0,0,0,0,0,0,0,0,0,0,0.0,,,,,,,,,,0.0,False,True,post,Final,Final,2026-01-21T22:22:00Z,espn,v1.3.2,BYU Cougars,UC Riverside Highlanders,1.0,f326a779b36c9339ca1fad39ca3d6ffe31ebc56a
401812266,333.0,Alabama Crimson Tide,Arizona Wildcats,home,2025-12-13,2025-12-14,2025-12-14T02:30Z,,75.0,96.0,-21.0,0,0,0,0,0,0,0,0,0,0,0.0,,,,,,,,,,0.0,False,True,post,Final,Final,2026-01-21T22:21:58Z,espn,v1.3.2,Alabama Crimson Tide,Arizona Wildcats,1.0,02d0a20580afeb8f6768629cbc776765a13d0791
401812266,12.0,Arizona Wildcats,Alabama Crimson Tide,away,2025-12-13,2025-12-14,2025-12-14T02:30Z,,96.0,75.0,21.0,0,0,0,0,0,0,0,0,0,0,0.0,,,,,,,,,,0.0,False,True,post,Final,Final,2026-01-21T22:21:58Z,espn,v1.3.2,Alabama Crimson Tide,Arizona Wildcats,1.0,33a5b88f4ae8aa0e1a181272673d5a58a50826bb
401813763,2250.0,Gonzaga Bulldogs,UCLA Bruins,home,2025-12-13,2025-12-14,2025-12-14T04:45Z,,82.0,72.0,10.0,0,0,0,0,0,0,0,0,0,0,0.0,,,,,,,,,,0.0,False,True,post,Final,Final,2026-01-21T22:21:58Z,espn,v1.3.2,Gonzaga Bulldogs,UCLA Bruins,0.0,32a39674333bb1a9a30a9660c62cb0b27b4956fb
401813763,26.0,UCLA Bruins,Gonzaga Bulldogs,away,2025-12-13,2025-12-14,2025-12-14T04:45Z,,72.0,82.0,-10.0,0,0,0,0,0,0,0,0,0,0,0.0,,,,,,,,,,0.0,False,True,post,Final,Final,2026-01-21T22:21:58Z,espn,v1.3.2,Gonzaga Bulldogs,UCLA Bruins,0.0,13c8dcca34d0405fc0d9340606c0ec1952194b4a
401819879,2197.0,Eastern Illinois Panthers,Iowa State Cyclones,away,2025-12-14,2025-12-14,2025-12-14T18:00Z,,53.0,78.0,-25.0,0,0,0,0,0,0,0,0,0,0,0.0,,,,,,,,,,0.0,False,True,post,Final,Final,2026-01-21T22:22:03Z,espn,v1.3.2,Iowa State Cyclones,Eastern Illinois Panthers,1.0,a3af85122021ade5d350ecf16c78cbb3c1a739cf
401819879,66.0,Iowa State Cyclones,Eastern Illinois Panthers,home,2025-12-14,2025-12-14,2025-12-14T18:00Z,,78.0,53.0,25.0,0,0,0,0,0,0,0,0,0,0,0.0,,,,,,,,,,0.0,False,True,post,Final,Final,2026-01-21T22:22:03Z,espn,v1.3.2,Iowa State Cyclones,Eastern Illinois Panthers,1.0,7da9551955198a8027b1b32a19eb8dd088819826
401829435,2081.0,Bryan (TN) Lions,Samford Bulldogs,away,2025-12-15,2025-12-15,2025-12-15T18:00Z,,51.0,106.0,-55.0,0,0,0,0,0,0,0,0,0,0,0.0,,,,,,,,,,0.0,False,True,post,Final,Final,2026-01-21T22:22:08Z,espn,v1.3.2,Samford Bulldogs,Bryan (TN) Lions,1.0,642f7212fabe8ea64ee9dff6fe071eed5637cd25
401829435,2535.0,Samford Bulldogs,Bryan (TN) Lions,home,2025-12-15,2025-12-15,2025-12-15T18:00Z,,106.0,51.0,55.0,0,0,0,0,0,0,0,0,0,0,0.0,,,,,,,,,,0.0,False,True,post,Final,Final,2026-01-21T22:22:08Z,espn,v1.3.2,Samford Bulldogs,Bryan (TN) Lions,1.0,0a082466b461ced8ce6b7032f77257d0a11e4679
401808703,2837.0,East Texas A&M Lions,SE Louisiana Lions,away,2025-12-15,2025-12-16,2025-12-16T00:00Z,,70.0,69.0,1.0,0,0,0,0,0,0,0,0,0,0,0.0,,,,,,,,,,0.0,False,True,post,Final,Final,2026-01-21T22:22:03Z,espn,v1.3.2,SE Louisiana Lions,East Texas A&M Lions,0.0,04b9fe825d7164f9c18234cb0101d0becc382704
401808703,2545.0,SE Louisiana Lions,East Texas A&M Lions,home,2025-12-15,2025-12-16,2025-12-16T00:00Z,,69.0,70.0,-1.0,0,0,0,0,0,0,0,0,0,0,0.0,,,,,,,,,,0.0,False,True,post,Final,Final,2026-01-21T22:22:03Z,espn,v1.3.2,SE Louisiana Lions,East Texas A&M Lions,0.0,92a5e10f01f5d35b7748414b798f8ce240ee0e96
401813382,315.0,Niagara Purple Eagles,VCU Rams,away,2025-12-15,2025-12-16,2025-12-16T00:00Z,,58.0,84.0,-26.0,0,0,0,0,0,0,0,0,0,0,0.0,,,,,,,,,,0.0,False,True,post,Final,Final,2026-01-21T22:22:04Z,espn,v1.3.2,VCU Rams,Niagara Purple Eagles,1.0,f519ae4ed79b0a91d698d5fecffbb5aef1aa8ec1
401813382,2670.0,VCU Rams,Niagara Purple Eagles,home,2025-12-15,2025-12-16,2025-12-16T00:00Z,,84.0,58.0,26.0,0,0,0,0,0,0,0,0,0,0,0.0,,,,,,,,,,0.0,False,True,post,Final,Final,2026-01-21T22:22:04Z,espn,v1.3.2,VCU Rams,Niagara Purple Eagles,1.0,5fb28b51daff65c34271072d47f271729d6dde8b
401825208,2519.0,Rhodes Lynx,Stetson Hatters,away,2025-12-15,2025-12-16,2025-12-16T00:00Z,,76.0,95.0,-19.0,0,0,0,0,0,0,0,0,0,0,0.0,,,,,,,,,,0.0,False,True,post,Final,Final,2026-01-21T22:22:06Z,espn,v1.3.2,Stetson Hatters,Rhodes Lynx,1.0,84700322888d8401bbd1409f419831549c91cea9
401825208,56.0,Stetson Hatters,Rhodes Lynx,home,2025-12-15,2025-12-16,2025-12-16T00:00Z,,95.0,76.0,19.0,0,0,0,0,0,0,0,0,0,0,0.0,,,,,,,,,,0.0,False,True,post,Final,Final,2026-01-21T22:22:06Z,espn,v1.3.2,Stetson Hatters,Rhodes Lynx,1.0,c075e0decaf1b45db0658414cf5d713054e0d736
401826972,2241.0,Gardner-Webb Runnin' Bulldogs,Wofford Terriers,home,2025-12-15,2025-12-16,2025-12-16T00:00Z,,57.0,83.0,-26.0,0,0,0,0,0,0,0,0,0,0,0.0,,,,,,,,,,0.0,False,True,post,Final,Final,2026-01-21T22:22:07Z,espn,v1.3.2,Gardner-Webb Runnin' Bulldogs,Wofford Terriers,1.0,e79901106f0eabdfca68d0fcfdcfcedf73dd13c0
401826972,2747.0,Wofford Terriers,Gardner-Webb Runnin' Bulldogs,away,2025-12-15,2025-12-16,2025-12-16T00:00Z,,83.0,57.0,26.0,0,0,0,0,0,0,0,0,0,0,0.0,,,,,,,,,,0.0,False,True,post,Final,Final,2026-01-21T22:22:07Z,espn,v1.3.2,Gardner-Webb Runnin' Bulldogs,Wofford Terriers,1.0,cef5870ee7dbc012c2aee53552be4150dc24bca6
401827134,2029.0,Arkansas-Pine Bluff Golden Lions,Ecclesia Royals,home,2025-12-15,2025-12-16,2025-12-16T00:00Z,,114.0,64.0,50.0,0,0,0,0,0,0,0,0,0,0,0.0,,,,,,,,,,0.0,False,True,post,Final,Final,2026-01-21T22:22:07Z,espn,v1.3.2,Arkansas-Pine Bluff Golden Lions,Ecclesia Royals,1.0,44f4d16e9844cab9cbeda88f163c379b9d5dcd05
401827134,3120.0,Ecclesia Royals,Arkansas-Pine Bluff Golden Lions,away,2025-12-15,2025-12-16,2025-12-16T00:00Z,,64.0,114.0,-50.0,0,0,0,0,0,0,0,0,0,0,0.0,,,,,,,,,,0.0,False,True,post,Final,Final,2026-01-21T22:22:07Z,espn,v1.3.2,Arkansas-Pine Bluff Golden Lions,Ecclesia Royals,1.0,7fb689126b2fed5eb5ea3cd0e885cc9060f80483
401842404,2013.0,Albany St (GA) Golden Rams,Florida A&M Rattlers,away,2025-12-15,2025-12-16,2025-12-16T00:00Z,,77.0,93.0,-16.0,0,0,0,0,0,0,0,0,0,0,0.0,,,,,,,,,,0.0,False,True,post,Final,Final,2026-01-21T22:22:08Z,espn,v1.3.2,Florida A&M Rattlers,Albany St (GA) Golden Rams,0.0,974e5bba3245170512f3456cfd8d5a3d53d0a811
401842404,50.0,Florida A&M Rattlers,Albany St (GA) Golden Rams,home,2025-12-15,2025-12-16,2025-12-16T00:00Z,,93.0,77.0,16.0,0,0,0,0,0,0,0,0,0,0,0.0,,,,,,,,,,0.0,False,True,post,Final,Final,2026-01-21T22:22:08Z,espn,v1.3.2,Florida A&M Rattlers,Albany St (GA) Golden Rams,0.0,3b08c4b536d2e6affae5cc529453538fe2d9394d
401823365,2098.0,Campbellsville Tigers,Western Kentucky Hilltoppers,away,2025-12-15,2025-12-16,2025-12-16T00:30Z,,59.0,102.0,-43.0,0,0,0,0,0,0,0,0,0,0,0.0,,,,,,,,,,0.0,False,True,post,Final,Final,2026-01-21T22:22:05Z,espn,v1.3.2,Western Kentucky Hilltoppers,Campbellsville Tigers,1.0,75c00e0e03149a1b004169289ec84ce2cabb67c7
401823365,98.0,Western Kentucky Hilltoppers,Campbellsville Tigers,home,2025-12-15,2025-12-16,2025-12-16T00:30Z,,102.0,59.0,43.0,0,0,0,0,0,0,0,0,0,0,0.0,,,,,,,,,,0.0,False,True,post,Final,Final,2026-01-21T22:22:05Z,espn,v1.3.2,Western Kentucky Hilltoppers,Campbellsville Tigers,1.0,aa0c5425b6b20504e517ffb854e8ccb60f453283
401812256,2916.0,Incarnate Word Cardinals,TCU Horned Frogs,away,2025-12-15,2025-12-16,2025-12-16T01:00Z,,65.0,69.0,-4.0,0,0,0,0,0,0,0,0,0,0,0.0,,,,,,,,,,0.0,False,True,post,Final,Final,2026-01-21T22:22:04Z,espn,v1.3.2,TCU Horned Frogs,Incarnate Word Cardinals,0.0,bf732b8e0d1813c11a01039a32376e51da8dd656
401812256,2628.0,TCU Horned Frogs,Incarnate Word Cardinals,home,2025-12-15,2025-12-16,2025-12-16T01:00Z,,69.0,65.0,4.0,0,0,0,0,0,0,0,0,0,0,0.0,,,,,,,,,,0.0,False,True,post,Final,Final,2026-01-21T22:22:04Z,espn,v1.3.2,TCU Horned Frogs,Incarnate Word Cardinals,0.0,0f83b9b925b4efa24372e8c292bebed6379cc3c8
401820475,2277.0,Houston Christian Huskies,McNeese Cowboys,home,2025-12-15,2025-12-16,2025-12-16T01:00Z,,68.0,78.0,-10.0,0,0,0,0,0,0,0,0,0,0,0.0,,,,,,,,,,0.0,False,True,post,Final,Final,2026-01-21T22:22:05Z,espn,v1.3.2,Houston Christian Huskies,McNeese Cowboys,0.0,8987e0a4d8b33f82af8daa908ab43ec4f51d029d
401820475,2377.0,McNeese Cowboys,Houston Christian Huskies,away,2025-12-15,2025-12-16,2025-12-16T01:00Z,,78.0,68.0,10.0,0,0,0,0,0,0,0,0,0,0,0.0,,,,,,,,,,0.0,False,True,post,Final,Final,2026-01-21T22:22:05Z,espn,v1.3.2,Houston Christian Huskies,McNeese Cowboys,0.0,942d357f44cf3f6cf9ca8256954097c499d92ef5
401823439,2010.0,Alabama A&M Bulldogs,North Alabama Lions,home,2025-12-15,2025-12-16,2025-12-16T01:00Z,,68.0,60.0,8.0,0,0,0,0,0,0,0,0,0,0,0.0,,,,,,,,,,0.0,False,True,post,Final,Final,2026-01-21T22:22:06Z,espn,v1.3.2,Alabama A&M Bulldogs,North Alabama Lions,0.0,88eb2ffa5b1e8534374437596e8a9e77b813dc60
401823439,2453.0,North Alabama Lions,Alabama A&M Bulldogs,away,2025-12-15,2025-12-16,2025-12-16T01:00Z,,60.0,68.0,-8.0,0,0,0,0,0,0,0,0,0,0,0.0,,,,,,,,,,0.0,False,True,post,Final,Final,2026-01-21T22:22:06Z,espn,v1.3.2,Alabama A&M Bulldogs,North Alabama Lions,0.0,f17eeb63cfcd13636df5efcf9896d776640757be
401823762,2571.0,South Dakota State Jackrabbits,Wyoming Cowboys,home,2025-12-15,2025-12-16,2025-12-16T01:00Z,,72.0,87.0,-15.0,0,0,0,0,0,0,0,0,0,0,0.0,,,,,,,,,,0.0,False,True,post,Final,Final,2026-01-21T22:22:06Z,espn,v1.3.2,South Dakota State Jackrabbits,Wyoming Cowboys,0.0,02ed709027bc6d11745519522da0a4d95785c6a7
401823762,2751.0,Wyoming Cowboys,South Dakota State Jackrabbits,away,2025-12-15,2025-12-16,2025-12-16T01:00Z,,87.0,72.0,15.0,0,0,0,0,0,0,0,0,0,0,0.0,,,,,,,,,,0.0,False,True,post,Final,Final,2026-01-21T22:22:06Z,espn,v1.3.2,South Dakota State Jackrabbits,Wyoming Cowboys,0.0,655b9f1da82904109f1f1b9df5483b1599f589db
401829375,3107.0,East-West University Phantoms,Southern Indiana Screaming Eagles,away,2025-12-15,2025-12-16,2025-12-16T01:00Z,,0.0,0.0,0.0,0,0,0,0,0,0,0,0,0,0,0.0,,,,,,,,,,0.0,False,False,post,Canceled,Canceled,2026-01-21T22:22:07Z,espn,v1.3.2,Southern Indiana Screaming Eagles,East-West University Phantoms,0.0,969705222a7a7a33bb2713f72e0ba3f663e7e2ec
401829375,88.0,Southern Indiana Screaming Eagles,East-West University Phantoms,home,2025-12-15,2025-12-16,2025-12-16T01:00Z,,0.0,0.0,0.0,0,0,0,0,0,0,0,0,0,0,0.0,,,,,,,,,,0.0,False,False,post,Canceled,Canceled,2026-01-21T22:22:07Z,espn,v1.3.2,Southern Indiana Screaming Eagles,East-West University Phantoms,0.0,f0eb630b8e363e822aae92e311561aefc77f9ec4
401829464,2772.0,Minnesota Crookston Golden Eagles,North Dakota State Bison,away,2025-12-15,2025-12-16,2025-12-16T01:00Z,,67.0,101.0,-34.0,0,0,0,0,0,0,0,0,0,0,0.0,,,,,,,,,,0.0,False,True,post,Final,Final,2026-01-21T22:22:08Z,espn,v1.3.2,North Dakota State Bison,Minnesota Crookston Golden Eagles,1.0,5702ed0da1d0975aeadabbce58c89688e27b9089
401829464,2449.0,North Dakota State Bison,Minnesota Crookston Golden Eagles,home,2025-12-15,2025-12-16,2025-12-16T01:00Z,,101.0,67.0,34.0,0,0,0,0,0,0,0,0,0,0,0.0,,,,,,,,,,0.0,False,True,post,Final,Final,2026-01-21T22:22:08Z,espn,v1.3.2,North Dakota State Bison,Minnesota Crookston Golden Eagles,1.0,07b69ef7d7dacc62ffc98d8890e8eb60685717ba
401817236,150.0,Duke Blue Devils,Lipscomb Bisons,home,2025-12-16,2025-12-16,2025-12-16T23:00Z,,97.0,73.0,24.0,0,0,0,0,0,0,0,0,0,0,0.0,,,,,,,,,,0.0,False,True,post,Final,Final,2026-01-21T22:22:09Z,espn,v1.3.2,Duke Blue Devils,Lipscomb Bisons,1.0,56b57e97fee990c5eb0cae447e8624ac250a254e
401817236,288.0,Lipscomb Bisons,Duke Blue Devils,away,2025-12-16,2025-12-16,2025-12-16T23:00Z,,73.0,97.0,-24.0,0,0,0,0,0,0,0,0,0,0,0.0,,,,,,,,,,0.0,False,True,post,Final,Final,2026-01-21T22:22:09Z,espn,v1.3.2,Duke Blue Devils,Lipscomb Bisons,1.0,5111d2e858cb43d576c67df5ff97a54d5b510a7b
401823472,127.0,Michigan State Spartans,Toledo Rockets,home,2025-12-16,2025-12-16,2025-12-16T23:30Z,,92.0,69.0,23.0,0,0,0,0,0,0,0,0,0,0,0.0,,,,,,,,,,0.0,False,True,post,Final,Final,2026-01-21T22:22:11Z,espn,v1.3.2,Michigan State Spartans,Toledo Rockets,1.0,8a72cec97850e9e0421338775c24463a15975d70
401823472,2649.0,Toledo Rockets,Michigan State Spartans,away,2025-12-16,2025-12-16,2025-12-16T23:30Z,,69.0,92.0,-23.0,0,0,0,0,0,0,0,0,0,0,0.0,,,,,,,,,,0.0,False,True,post,Final,Final,2026-01-21T22:22:11Z,espn,v1.3.2,Michigan State Spartans,Toledo Rockets,1.0,101ad211562081ec5b96552c8ffa062e9aa47b90
401817248,97.0,Louisville Cardinals,Tennessee Volunteers,away,2025-12-16,2025-12-17,2025-12-17T00:00Z,,62.0,83.0,-21.0,0,0,0,0,0,0,0,0,0,0,0.0,,,,,,,,,,0.0,False,True,post,Final,Final,2026-01-21T22:22:09Z,espn,v1.3.2,Tennessee Volunteers,Louisville Cardinals,1.0,a3e17ac37b7c1a32a003ac636d92f7aa3f83b516
401817248,2633.0,Tennessee Volunteers,Louisville Cardinals,home,2025-12-16,2025-12-17,2025-12-17T00:00Z,,83.0,62.0,21.0,0,0,0,0,0,0,0,0,0,0,0.0,,,,,,,,,,0.0,False,True,post,Final,Final,2026-01-21T22:22:09Z,espn,v1.3.2,Tennessee Volunteers,Louisville Cardinals,1.0,507f16ca4383df4d6cd854fb049c4a5382c17c6f
401822869,305.0,DePaul Blue Demons,St. John's Red Storm,away,2025-12-16,2025-12-17,2025-12-17T00:00Z,,66.0,79.0,-13.0,0,0,0,0,0,0,0,0,0,0,0.0,,,,,,,,,,0.0,False,True,post,Final,Final,2026-01-21T22:22:11Z,espn,v1.3.2,St. John's Red Storm,DePaul Blue Demons,0.0,2c837881df214e42df1247eb1c5757bf12a5f6f4
401822869,2599.0,St. John's Red Storm,DePaul Blue Demons,home,2025-12-16,2025-12-17,2025-12-17T00:00Z,,79.0,66.0,13.0,0,0,0,0,0,0,0,0,0,0,0.0,,,,,,,,,,0.0,False,True,post,Final,Final,2026-01-21T22:22:11Z,espn,v1.3.2,St. John's Red Storm,DePaul Blue Demons,0.0,8ae18707a180640eddb70f3337e5b42e0acc4d04
401817270,2193.0,East Tennessee State Buccaneers,North Carolina Tar Heels,away,2025-12-16,2025-12-17,2025-12-17T01:00Z,,58.0,77.0,-19.0,0,0,0,0,0,0,0,0,0,0,0.0,,,,,,,,,,0.0,False,True,post,Final,Final,2026-01-21T22:22:09Z,espn,v1.3.2,North Carolina Tar Heels,East Tennessee State Buccaneers,1.0,9ad577e86db5b0078992397148bee242747b6e93
401817270,153.0,North Carolina Tar Heels,East Tennessee State Buccaneers,home,2025-12-16,2025-12-17,2025-12-17T01:00Z,,77.0,58.0,19.0,0,0,0,0,0,0,0,0,0,0,0.0,,,,,,,,,,0.0,False,True,post,Final,Final,2026-01-21T22:22:09Z,espn,v1.3.2,North Carolina Tar Heels,East Tennessee State Buccaneers,1.0,2aa2c8e9631794b7e0ca9bc4385fd1bfc6039a92
401819903,2458.0,Northern Colorado Bears,Texas Tech Red Raiders,away,2025-12-16,2025-12-17,2025-12-17T01:00Z,,90.0,101.0,-11.0,0,0,0,0,0,0,0,0,0,0,0.0,,,,,,,,,,0.0,False,True,post,Final,Final,2026-01-21T22:22:10Z,espn,v1.3.2,Texas Tech Red Raiders,Northern Colorado Bears,0.0,2f6a54e0ddce11f9c18d88a29b309a94a383a173
401819903,2641.0,Texas Tech Red Raiders,Northern Colorado Bears,home,2025-12-16,2025-12-17,2025-12-17T01:00Z,,101.0,90.0,11.0,0,0,0,0,0,0,0,0,0,0,0.0,,,,,,,,,,0.0,False,True,post,Final,Final,2026-01-21T22:22:10Z,espn,v1.3.2,Texas Tech Red Raiders,Northern Colorado Bears,0.0,871235f081d1346cdb268710e5961deb3c9bca0b
401822868,2086.0,Butler Bulldogs,UConn Huskies,away,2025-12-16,2025-12-17,2025-12-17T01:30Z,,60.0,79.0,-19.0,0,0,0,0,0,0,0,0,0,0,0.0,,,,,,,,,,0.0,False,True,post,Final,Final,2026-01-21T22:22:11Z,espn,v1.3.2,UConn Huskies,Butler Bulldogs,1.0,9e5363465e0e4f6e15a9927846b17050881fc86c
401822868,41.0,UConn Huskies,Butler Bulldogs,home,2025-12-16,2025-12-17,2025-12-17T01:30Z,,79.0,60.0,19.0,0,0,0,0,0,0,0,0,0,0,0.0,,,,,,,,,,0.0,False,True,post,Final,Final,2026-01-21T22:22:11Z,espn,v1.3.2,UConn Huskies,Butler Bulldogs,1.0,fe2c1bc40d41fba3ea1c98d1905b4f7da4ee50c9
401819839,252.0,BYU Cougars,Pacific Tigers,home,2025-12-16,2025-12-17,2025-12-17T02:00Z,,93.0,57.0,36.0,0,0,0,0,0,0,0,0,0,0,0.0,,,,,,,,,,0.0,False,True,post,Final,Final,2026-01-21T22:22:10Z,espn,v1.3.2,BYU Cougars,Pacific Tigers,1.0,49bee0dcdf19727566f01cd54fe738f572537820
401819839,279.0,Pacific Tigers,BYU Cougars,away,2025-12-16,2025-12-17,2025-12-17T02:00Z,,57.0,93.0,-36.0,0,0,0,0,0,0,0,0,0,0,0.0,,,,,,,,,,0.0,False,True,post,Final,Final,2026-01-21T22:22:10Z,espn,v1.3.2,BYU Cougars,Pacific Tigers,1.0,9c9113acf4e7c24c6ea00a4c874d39fe764d7c5c
401819886,2305.0,Kansas Jayhawks,Towson Tigers,home,2025-12-16,2025-12-17,2025-12-17T02:00Z,,73.0,49.0,24.0,0,0,0,0,0,0,0,0,0,0,0.0,,,,,,,,,,0.0,False,True,post,Final,Final,2026-01-21T22:22:10Z,espn,v1.3.2,Kansas Jayhawks,Towson Tigers,1.0,d4f791010e88961b69ca5d540a1e91bd1a81bb30
401819886,119.0,Towson Tigers,Kansas Jayhawks,away,2025-12-16,2025-12-17,2025-12-17T02:00Z,,49.0,73.0,-24.0,0,0,0,0,0,0,0,0,0,0,0.0,,,,,,,,,,0.0,False,True,post,Final,Final,2026-01-21T22:22:10Z,espn,v1.3.2,Kansas Jayhawks,Towson Tigers,1.0,2b4f0fe00429dff9470da62b52895e81e8fb6dcd
401823497,8.0,Arkansas Razorbacks,Queens University Royals,home,2025-12-16,2025-12-17,2025-12-17T02:00Z,,108.0,80.0,28.0,0,0,0,0,0,0,0,0,0,0,0.0,,,,,,,,,,0.0,False,True,post,Final,Final,2026-01-21T22:22:12Z,espn,v1.3.2,Arkansas Razorbacks,Queens University Royals,1.0,ce68a7c0602295db2380d064ff698807684e8717
401823497,2511.0,Queens University Royals,Arkansas Razorbacks,away,2025-12-16,2025-12-17,2025-12-17T02:00Z,,80.0,108.0,-28.0,0,0,0,0,0,0,0,0,0,0,0.0,,,,,,,,,,0.0,False,True,post,Final,Final,2026-01-21T22:22:12Z,espn,v1.3.2,Arkansas Razorbacks,Queens University Royals,1.0,23323b45efa72697fff3a51e2590e571d56d3829
401823529,2000.0,Abilene Christian Wildcats,Arizona Wildcats,away,2025-12-16,2025-12-17,2025-12-17T02:00Z,,62.0,96.0,-34.0,0,0,0,0,0,0,0,0,0,0,0.0,,,,,,,,,,0.0,False,True,post,Final,Final,2026-01-21T22:22:12Z,espn,v1.3.2,Arizona Wildcats,Abilene Christian Wildcats,1.0,c9f6a0454f6c91bef511612b238553b17101e190
401823529,12.0,Arizona Wildcats,Abilene Christian Wildcats,home,2025-12-16,2025-12-17,2025-12-17T02:00Z,,96.0,62.0,34.0,0,0,0,0,0,0,0,0,0,0,0.0,,,,,,,,,,0.0,False,True,post,Final,Final,2026-01-21T22:22:12Z,espn,v1.3.2,Arizona Wildcats,Abilene Christian Wildcats,1.0,279c2333c43b085fdfebed8514a89d23c0328ed0
401812387,57.0,Florida Gators,Saint Francis Red Flash,home,2025-12-17,2025-12-17,2025-12-17T23:30Z,,102.0,61.0,41.0,0,0,0,0,0,0,0,0,0,0,0.0,,,,,,,,,,0.0,False,True,post,Final,Final,2026-01-21T22:22:13Z,espn,v1.3.2,Florida Gators,Saint Francis Red Flash,1.0,2e6998d0dd794e4f2dce3754fef9e85b099c86ba
401812387,2598.0,Saint Francis Red Flash,Florida Gators,away,2025-12-17,2025-12-17,2025-12-17T23:30Z,,61.0,102.0,-41.0,0,0,0,0,0,0,0,0,0,0,0.0,,,,,,,,,,0.0,False,True,post,Final,Final,2026-01-21T22:22:13Z,espn,v1.3.2,Florida Gators,Saint Francis Red Flash,1.0,3cdbfbc890ab0eb4bd7ba1062ccdbab5cbfd010b
401826799,235.0,Memphis Tigers,Vanderbilt Commodores,home,2025-12-17,2025-12-18,2025-12-18T00:00Z,,70.0,77.0,-7.0,0,0,0,0,0,0,0,0,0,0,0.0,,,,,,,,,,0.0,False,True,post,Final,Final/OT,2026-01-21T22:22:14Z,espn,v1.3.2,Memphis Tigers,Vanderbilt Commodores,0.0,8112725f0446a01b39942e1c63402a91c8971321
401826799,238.0,Vanderbilt Commodores,Memphis Tigers,away,2025-12-17,2025-12-18,2025-12-18T00:00Z,,77.0,70.0,7.0,0,0,0,0,0,0,0,0,0,0,0.0,,,,,,,,,,0.0,False,True,post,Final,Final/OT,2026-01-21T22:22:14Z,espn,v1.3.2,Memphis Tigers,Vanderbilt Commodores,0.0,cbb8cc2a920f953a1d0d70009e9a88cbf7a88875
401812267,333.0,Alabama Crimson Tide,South Florida Bulls,home,2025-12-17,2025-12-18,2025-12-18T01:00Z,,104.0,93.0,11.0,0,0,0,0,0,0,0,0,0,0,0.0,,,,,,,,,,0.0,False,True,post,Final,Final,2026-01-21T22:22:12Z,espn,v1.3.2,Alabama Crimson Tide,South Florida Bulls,0.0,1198d5d48a94bc4a99a68cd507e5f7cbeee0b175
401812267,58.0,South Florida Bulls,Alabama Crimson Tide,away,2025-12-17,2025-12-18,2025-12-18T01:00Z,,93.0,104.0,-11.0,0,0,0,0,0,0,0,0,0,0,0.0,,,,,,,,,,0.0,False,True,post,Final,Final,2026-01-21T22:22:12Z,espn,v1.3.2,Alabama Crimson Tide,South Florida Bulls,0.0,8ac8f92bbe8d7495689117b29772f08d32d8c347
401824035,2097.0,Campbell Fighting Camels,Gonzaga Bulldogs,away,2025-12-17,2025-12-18,2025-12-18T02:00Z,,70.0,98.0,-28.0,0,0,0,0,0,0,0,0,0,0,0.0,,,,,,,,,,0.0,False,True,post,Final,Final,2026-01-21T22:22:13Z,espn,v1.3.2,Gonzaga Bulldogs,Campbell Fighting Camels,1.0,02fce28bd9ea6606d566a8c2b7dc5e5d08440596
401824035,2250.0,Gonzaga Bulldogs,Campbell Fighting Camels,home,2025-12-17,2025-12-18,2025-12-18T02:00Z,,98.0,70.0,28.0,0,0,0,0,0,0,0,0,0,0,0.0,,,,,,,,,,0.0,False,True,post,Final,Final,2026-01-21T22:22:13Z,espn,v1.3.2,Gonzaga Bulldogs,Campbell Fighting Camels,1.0,7d352373eba12e354c900f59960ff2b97a3bf41c
401826775,61.0,Georgia Bulldogs,Western Carolina Catamounts,home,2025-12-18,2025-12-19,2025-12-19T00:00Z,,112.0,82.0,30.0,0,0,0,0,0,0,0,0,0,0,0.0,,,,,,,,,,0.0,False,True,post,Final,Final,2026-01-21T22:22:14Z,espn,v1.3.2,Georgia Bulldogs,Western Carolina Catamounts,1.0,59861c56422e63190edb4b8d8aa867fcf160d875
401826775,2717.0,Western Carolina Catamounts,Georgia Bulldogs,away,2025-12-18,2025-12-19,2025-12-19T00:00Z,,82.0,112.0,-30.0,0,0,0,0,0,0,0,0,0,0,0.0,,,,,,,,,,0.0,False,True,post,Final,Final,2026-01-21T22:22:14Z,espn,v1.3.2,Georgia Bulldogs,Western Carolina Catamounts,1.0,d1774830ab7d3673abbe0b1ae7f5920c2d74af8b
401819840,2000.0,Abilene Christian Wildcats,BYU Cougars,away,2025-12-19,2025-12-20,2025-12-20T02:30Z,,67.0,85.0,-18.0,0,0,0,0,0,0,0,0,0,0,0.0,,,,,,,,,,0.0,False,True,post,Final,Final,2026-01-21T22:22:14Z,espn,v1.3.2,BYU Cougars,Abilene Christian Wildcats,1.0,bf9159c7be7e172c14dddce620d4b207bdac7c55
401819840,252.0,BYU Cougars,Abilene Christian Wildcats,home,2025-12-19,2025-12-20,2025-12-20T02:30Z,,85.0,67.0,18.0,0,0,0,0,0,0,0,0,0,0,0.0,,,,,,,,,,0.0,False,True,post,Final,Final,2026-01-21T22:22:14Z,espn,v1.3.2,BYU Cougars,Abilene Christian Wildcats,1.0,1b86398b7aa664186134e469240796a22ebfce8f
401817249,97.0,Louisville Cardinals,Montana Grizzlies,home,2025-12-20,2025-12-20,2025-12-20T17:00Z,,94.0,54.0,40.0,0,0,0,0,0,0,0,0,0,0,0.0,,,,,,,,,,0.0,False,True,post,Final,Final,2026-01-21T22:22:16Z,espn,v1.3.2,Louisville Cardinals,Montana Grizzlies,1.0,a7a512c9de764e5567f879a0781382e02589bbe9
401817249,149.0,Montana Grizzlies,Louisville Cardinals,away,2025-12-20,2025-12-20,2025-12-20T17:00Z,,54.0,94.0,-40.0,0,0,0,0,0,0,0,0,0,0,0.0,,,,,,,,,,0.0,False,True,post,Final,Final,2026-01-21T22:22:16Z,espn,v1.3.2,Louisville Cardinals,Montana Grizzlies,1.0,1baac9dc309ffb576f3e9e7e490f690e27d130dd
401826874,127.0,Michigan State Spartans,Oakland Golden Grizzlies,home,2025-12-20,2025-12-20,2025-12-20T17:00Z,,79.0,70.0,9.0,0,0,0,0,0,0,0,0,0,0,0.0,,,,,,,,,,0.0,False,True,post,Final,Final,2026-01-21T22:22:18Z,espn,v1.3.2,Michigan State Spartans,Oakland Golden Grizzlies,0.0,6e0039a9664262decb55e95923a702c1657132c1
401826874,2473.0,Oakland Golden Grizzlies,Michigan State Spartans,away,2025-12-20,2025-12-20,2025-12-20T17:00Z,,70.0,79.0,-9.0,0,0,0,0,0,0,0,0,0,0,0.0,,,,,,,,,,0.0,False,True,post,Final,Final,2026-01-21T22:22:18Z,espn,v1.3.2,Michigan State Spartans,Oakland Golden Grizzlies,0.0,7070a3ecc3f722d69e6d5c85308eeb6a24f87577
401809306,96.0,Kentucky Wildcats,St. John's Red Storm,home,2025-12-20,2025-12-20,2025-12-20T17:30Z,,78.0,66.0,12.0,0,0,0,0,0,0,0,0,0,0,0.0,,,,,,,,,,0.0,False,True,post,Final,Final,2026-01-21T22:22:15Z,espn,v1.3.2,Kentucky Wildcats,St. John's Red Storm,0.0,7913db89351c122f66201806b15ebf137b66c944
401809306,2599.0,St. John's Red Storm,Kentucky Wildcats,away,2025-12-20,2025-12-20,2025-12-20T17:30Z,,66.0,78.0,-12.0,0,0,0,0,0,0,0,0,0,0,0.0,,,,,,,,,,0.0,False,True,post,Final,Final,2026-01-21T22:22:15Z,espn,v1.3.2,Kentucky Wildcats,St. John's Red Storm,0.0,aa5fa13645b56d65ec21c361e96ca77fc766b88b
401809307,153.0,North Carolina Tar Heels,Ohio State Buckeyes,away,2025-12-20,2025-12-20,2025-12-20T20:26Z,,71.0,70.0,1.0,0,0,0,0,0,0,0,0,0,0,0.0,,,,,,,,,,0.0,False,True,post,Final,Final,2026-01-21T22:22:15Z,espn,v1.3.2,Ohio State Buckeyes,North Carolina Tar Heels,0.0,b367631740eccad92a96b885cc856828ab33af19
401809307,194.0,Ohio State Buckeyes,North Carolina Tar Heels,home,2025-12-20,2025-12-20,2025-12-20T20:26Z,,70.0,71.0,-1.0,0,0,0,0,0,0,0,0,0,0,0.0,,,,,,,,,,0.0,False,True,post,Final,Final,2026-01-21T22:22:15Z,espn,v1.3.2,Ohio State Buckeyes,North Carolina Tar Heels,0.0,24878f98f823535006477db7f345efc6c4c920a9
401820294,8.0,Arkansas Razorbacks,Houston Cougars,home,2025-12-20,2025-12-20,2025-12-20T22:30Z,,85.0,94.0,-9.0,0,0,0,0,0,0,0,0,0,0,0.0,,,,,,,,,,0.0,False,True,post,Final,Final,2026-01-21T22:22:17Z,espn,v1.3.2,Arkansas Razorbacks,Houston Cougars,0.0,fe61f4aef8a27d5267cc259b1be949fbf6c3bf0d
401820294,248.0,Houston Cougars,Arkansas Razorbacks,away,2025-12-20,2025-12-20,2025-12-20T22:30Z,,94.0,85.0,9.0,0,0,0,0,0,0,0,0,0,0,0.0,,,,,,,,,,0.0,False,True,post,Final,Final,2026-01-21T22:22:17Z,espn,v1.3.2,Arkansas Razorbacks,Houston Cougars,0.0,3ab8824be83abf22d31231dea026b42c6f31ca96
401817514,120.0,Maryland Terrapins,Virginia Cavaliers,away,2025-12-20,2025-12-20,2025-12-20T23:00Z,,72.0,80.0,-8.0,0,0,0,0,0,0,0,0,0,0,0.0,,,,,,,,,,0.0,False,True,post,Final,Final,2026-01-21T22:22:16Z,espn,v1.3.2,Virginia Cavaliers,Maryland Terrapins,0.0,530f34ef1fded8c4c5280bf7568423d5b3843f77
401817514,258.0,Virginia Cavaliers,Maryland Terrapins,home,2025-12-20,2025-12-20,2025-12-20T23:00Z,,80.0,72.0,8.0,0,0,0,0,0,0,0,0,0,0,0.0,,,,,,,,,,0.0,False,True,post,Final,Final,2026-01-21T22:22:16Z,espn,v1.3.2,Virginia Cavaliers,Maryland Terrapins,0.0,692e0903616b87839351ff13c902bb0a8100ea81
401823482,2.0,Auburn Tigers,Purdue Boilermakers,away,2025-12-20,2025-12-20,2025-12-20T23:30Z,,60.0,88.0,-28.0,0,0,0,0,0,0,0,0,0,0,0.0,,,,,,,,,,0.0,False,True,post,Final,Final,2026-01-21T22:22:17Z,espn,v1.3.2,Purdue Boilermakers,Auburn Tigers,1.0,364a7f6fb3a309fd38fc7d45356414fcc3e68d14
401823482,2509.0,Purdue Boilermakers,Auburn Tigers,home,2025-12-20,2025-12-20,2025-12-20T23:30Z,,88.0,60.0,28.0,0,0,0,0,0,0,0,0,0,0,0.0,,,,,,,,,,0.0,False,True,post,Final,Final,2026-01-21T22:22:17Z,espn,v1.3.2,Purdue Boilermakers,Auburn Tigers,1.0,ab628a3ee9dc05e014e9e2ad8b2f789df91abed6
401817237,150.0,Duke Blue Devils,Texas Tech Red Raiders,home,2025-12-20,2025-12-21,2025-12-21T01:10Z,,81.0,82.0,-1.0,0,0,0,0,0,0,0,0,0,0,0.0,,,,,,,,,,0.0,False,True,post,Final,Final,2026-01-21T22:22:15Z,espn,v1.3.2,Duke Blue Devils,Texas Tech Red Raiders,0.0,20dcf9ace6bafbfed56539b45c22e9160a5e1660
401817237,2641.0,Texas Tech Red Raiders,Duke Blue Devils,away,2025-12-20,2025-12-21,2025-12-21T01:10Z,,82.0,81.0,1.0,0,0,0,0,0,0,0,0,0,0,0.0,,,,,,,,,,0.0,False,True,post,Final,Final,2026-01-21T22:22:15Z,espn,v1.3.2,Duke Blue Devils,Texas Tech Red Raiders,0.0,7545c5bdf9aa2cd6d0363fce6b4807bbbc2017ac
401823768,12.0,Arizona Wildcats,San Diego State Aztecs,home,2025-12-20,2025-12-21,2025-12-21T03:30Z,,68.0,45.0,23.0,0,0,0,0,0,0,0,0,0,0,0.0,,,,,,,,,,0.0,False,True,post,Final,Final,2026-01-21T22:22:17Z,espn,v1.3.2,Arizona Wildcats,San Diego State Aztecs,1.0,9ed34b28532167bdcb96edda50c3e61c972dbb93
401823768,21.0,San Diego State Aztecs,Arizona Wildcats,away,2025-12-20,2025-12-21,2025-12-21T03:30Z,,45.0,68.0,-23.0,0,0,0,0,0,0,0,0,0,0,0.0,,,,,,,,,,0.0,False,True,post,Final,Final,2026-01-21T22:22:17Z,espn,v1.3.2,Arizona Wildcats,San Diego State Aztecs,1.0,8d29c9fe1e753c04f702bfe8fa6d33b1cb419733
401829406,2142.0,Colgate Raiders,Florida Gators,away,2025-12-21,2025-12-21,2025-12-21T17:00Z,,60.0,90.0,-30.0,0,0,0,0,0,0,0,0,0,0,0.0,,,,,,,,,,0.0,False,True,post,Final,Final,2026-01-21T22:22:21Z,espn,v1.3.2,Florida Gators,Colgate Raiders,1.0,9410d82a74524dfb5e39798885b2c9ac7249605f
401829406,57.0,Florida Gators,Colgate Raiders,home,2025-12-21,2025-12-21,2025-12-21T17:00Z,,90.0,60.0,30.0,0,0,0,0,0,0,0,0,0,0,0.0,,,,,,,,,,0.0,False,True,post,Final,Final,2026-01-21T22:22:21Z,espn,v1.3.2,Florida Gators,Colgate Raiders,1.0,e839d3a8aa68a2754f93c0aef31986bc07270b52
401817537,238.0,Vanderbilt Commodores,Wake Forest Demon Deacons,away,2025-12-21,2025-12-21,2025-12-21T18:00Z,,98.0,67.0,31.0,0,0,0,0,0,0,0,0,0,0,0.0,,,,,,,,,,0.0,False,True,post,Final,Final,2026-01-21T22:22:18Z,espn,v1.3.2,Wake Forest Demon Deacons,Vanderbilt Commodores,1.0,d7e40559962fd24e272ca95d758335a8f6efca5a
401817537,154.0,Wake Forest Demon Deacons,Vanderbilt Commodores,home,2025-12-21,2025-12-21,2025-12-21T18:00Z,,67.0,98.0,-31.0,0,0,0,0,0,0,0,0,0,0,0.0,,,,,,,,,,0.0,False,True,post,Final,Final,2026-01-21T22:22:18Z,espn,v1.3.2,Wake Forest Demon Deacons,Vanderbilt Commodores,1.0,38139e67661bb25dd80897fbee175b23e2351476
401812268,333.0,Alabama Crimson Tide,Kennesaw State Owls,home,2025-12-21,2025-12-21,2025-12-21T19:00Z,,92.0,81.0,11.0,0,0,0,0,0,0,0,0,0,0,0.0,,,,,,,,,,0.0,False,True,post,Final,Final,2026-01-21T22:22:18Z,espn,v1.3.2,Alabama Crimson Tide,Kennesaw State Owls,0.0,2cd8b6c7a042f3bf10d0f31cc9f33b1651ff0f73
401812268,338.0,Kennesaw State Owls,Alabama Crimson Tide,away,2025-12-21,2025-12-21,2025-12-21T19:00Z,,81.0,92.0,-11.0,0,0,0,0,0,0,0,0,0,0,0.0,,,,,,,,,,0.0,False,True,post,Final,Final,2026-01-21T22:22:18Z,espn,v1.3.2,Alabama Crimson Tide,Kennesaw State Owls,0.0,7b1d07ee3c67684f57b95cfc3a249ea7e5cfd91b
401826974,2241.0,Gardner-Webb Runnin' Bulldogs,Tennessee Volunteers,away,2025-12-21,2025-12-21,2025-12-21T20:00Z,,52.0,94.0,-42.0,0,0,0,0,0,0,0,0,0,0,0.0,,,,,,,,,,0.0,False,True,post,Final,Final,2026-01-21T22:22:21Z,espn,v1.3.2,Tennessee Volunteers,Gardner-Webb Runnin' Bulldogs,1.0,a80afe18bc3ce2c80068dba25f916ec0fe3f1bf7
401826974,2633.0,Tennessee Volunteers,Gardner-Webb Runnin' Bulldogs,home,2025-12-21,2025-12-21,2025-12-21T20:00Z,,94.0,52.0,42.0,0,0,0,0,0,0,0,0,0,0,0.0,,,,,,,,,,0.0,False,True,post,Final,Final,2026-01-21T22:22:21Z,espn,v1.3.2,Tennessee Volunteers,Gardner-Webb Runnin' Bulldogs,1.0,9abe9b5712acf67b02d9a27aacfe12c40eff24aa
401822185,2325.0,La Salle Explorers,Michigan Wolverines,away,2025-12-21,2025-12-21,2025-12-21T21:00Z,,50.0,102.0,-52.0,0,0,0,0,0,0,0,0,0,0,0.0,,,,,,,,,,0.0,False,True,post,Final,Final,2026-01-21T22:22:19Z,espn,v1.3.2,Michigan Wolverines,La Salle Explorers,1.0,f904abbf9780ad119c8eef7b42c9a19708074b5d
401822185,130.0,Michigan Wolverines,La Salle Explorers,home,2025-12-21,2025-12-21,2025-12-21T21:00Z,,102.0,50.0,52.0,0,0,0,0,0,0,0,0,0,0,0.0,,,,,,,,,,0.0,False,True,post,Final,Final,2026-01-21T22:22:19Z,espn,v1.3.2,Michigan Wolverines,La Salle Explorers,1.0,96013a29952c791fa9e6d590b0ec673420202c10
401822875,305.0,DePaul Blue Demons,UConn Huskies,home,2025-12-21,2025-12-21,2025-12-21T21:30Z,,54.0,72.0,-18.0,0,0,0,0,0,0,0,0,0,0,0.0,,,,,,,,,,0.0,False,True,post,Final,Final,2026-01-21T22:22:20Z,espn,v1.3.2,DePaul Blue Demons,UConn Huskies,1.0,ee5da084e035f6f1e35ee7a3362feb9ef10a40c7
401822875,41.0,UConn Huskies,DePaul Blue Demons,away,2025-12-21,2025-12-21,2025-12-21T21:30Z,,72.0,54.0,18.0,0,0,0,0,0,0,0,0,0,0,0.0,,,,,,,,,,0.0,False,True,post,Final,Final,2026-01-21T22:22:20Z,espn,v1.3.2,DePaul Blue Demons,UConn Huskies,1.0,a9b6162b32faf889811d3d7aed30dbc897b2fbbe
401819880,66.0,Iowa State Cyclones,Long Beach State Beach,home,2025-12-21,2025-12-21,2025-12-21T23:00Z,,91.0,60.0,31.0,0,0,0,0,0,0,0,0,0,0,0.0,,,,,,,,,,0.0,False,True,post,Final,Final,2026-01-21T22:22:19Z,espn,v1.3.2,Iowa State Cyclones,Long Beach State Beach,1.0,72959fbbaefd2a167ccf344e6174dd9c14746095
401819880,299.0,Long Beach State Beach,Iowa State Cyclones,away,2025-12-21,2025-12-21,2025-12-21T23:00Z,,60.0,91.0,-31.0,0,0,0,0,0,0,0,0,0,0,0.0,,,,,,,,,,0.0,False,True,post,Final,Final,2026-01-21T22:22:19Z,espn,v1.3.2,Iowa State Cyclones,Long Beach State Beach,1.0,b1f2ac656adcbfceedb362c4ba231b91d832ef08
401824036,2250.0,Gonzaga Bulldogs,Oregon Ducks,away,2025-12-21,2025-12-21,2025-12-21T23:00Z,,91.0,82.0,9.0,0,0,0,0,0,0,0,0,0,0,0.0,,,,,,,,,,0.0,False,True,post,Final,Final,2026-01-21T22:22:20Z,espn,v1.3.2,Oregon Ducks,Gonzaga Bulldogs,0.0,5683aa23780ed68a4336ef8e6b9b85f886cf5358
401824036,2483.0,Oregon Ducks,Gonzaga Bulldogs,home,2025-12-21,2025-12-21,2025-12-21T23:00Z,,82.0,91.0,-9.0,0,0,0,0,0,0,0,0,0,0,0.0,,,,,,,,,,0.0,False,True,post,Final,Final,2026-01-21T22:22:20Z,espn,v1.3.2,Oregon Ducks,Gonzaga Bulldogs,0.0,9ef05abed2f75d7c4b8c73428b2090ae56ff8f13
401827239,158.0,Nebraska Cornhuskers,North Dakota Fighting Hawks,home,2025-12-21,2025-12-22,2025-12-22T01:00Z,,78.0,55.0,23.0,0,0,0,0,0,0,0,0,0,0,0.0,,,,,,,,,,0.0,False,True,post,Final,Final,2026-01-21T22:22:21Z,espn,v1.3.2,Nebraska Cornhuskers,North Dakota Fighting Hawks,1.0,0cd9bd14a9f93de56d91faef7935f4e3de9949db
401827239,155.0,North Dakota Fighting Hawks,Nebraska Cornhuskers,away,2025-12-21,2025-12-22,2025-12-22T01:00Z,,55.0,78.0,-23.0,0,0,0,0,0,0,0,0,0,0,0.0,,,,,,,,,,0.0,False,True,post,Final,Final,2026-01-21T22:22:21Z,espn,v1.3.2,Nebraska Cornhuskers,North Dakota Fighting Hawks,1.0,74e0649c59fb16a38d67a93eb2f9fcae6e15efe7
401825391,61.0,Georgia Bulldogs,West Georgia Wolves,home,2025-12-22,2025-12-22,2025-12-22T19:00Z,,103.0,74.0,29.0,0,0,0,0,0,0,0,0,0,0,0.0,,,,,,,,,,0.0,False,True,post,Final,Final,2026-01-21T22:22:29Z,espn,v1.3.2,Georgia Bulldogs,West Georgia Wolves,1.0,41b075b24d47912914f8cb0670c3230a8224bfad
401825391,2698.0,West Georgia Wolves,Georgia Bulldogs,away,2025-12-22,2025-12-22,2025-12-22T19:00Z,,74.0,103.0,-29.0,0,0,0,0,0,0,0,0,0,0,0.0,,,,,,,,,,0.0,False,True,post,Final,Final,2026-01-21T22:22:29Z,espn,v1.3.2,Georgia Bulldogs,West Georgia Wolves,1.0,09612f2cbe3a3a470a5873a1cb8fda1df6db4124
401817515,44.0,American University Eagles,Virginia Cavaliers,away,2025-12-22,2025-12-22,2025-12-22T23:00Z,,51.0,95.0,-44.0,0,0,0,0,0,0,0,0,0,0,0.0,,,,,,,,,,0.0,False,True,post,Final,Final,2026-01-21T22:22:28Z,espn,v1.3.2,Virginia Cavaliers,American University Eagles,1.0,2db64b7afd37df5b80676ba2a4c416f8d40ad04d
401817515,258.0,Virginia Cavaliers,American University Eagles,home,2025-12-22,2025-12-22,2025-12-22T23:00Z,,95.0,51.0,44.0,0,0,0,0,0,0,0,0,0,0,0.0,,,,,,,,,,0.0,False,True,post,Final,Final,2026-01-21T22:22:28Z,espn,v1.3.2,Virginia Cavaliers,American University Eagles,1.0,84e6ed10a7d7f9219618cab171db8d7dd3aadb6b
401811100,356.0,Illinois Fighting Illini,Missouri Tigers,home,2025-12-22,2025-12-23,2025-12-23T01:00Z,,91.0,48.0,43.0,0,0,0,0,0,0,0,0,0,0,0.0,,,,,,,,,,0.0,False,True,post,Final,Final,2026-01-21T22:22:27Z,espn,v1.3.2,Illinois Fighting Illini,Missouri Tigers,1.0,30c1b4e178dee29f8c889b9807467f6f2a32f347
401811100,142.0,Missouri Tigers,Illinois Fighting Illini,away,2025-12-22,2025-12-23,2025-12-23T01:00Z,,48.0,91.0,-43.0,0,0,0,0,0,0,0,0,0,0,0.0,,,,,,,,,,0.0,False,True,post,Final,Final,2026-01-21T22:22:27Z,espn,v1.3.2,Illinois Fighting Illini,Missouri Tigers,1.0,c11ad6f62daa809b96a20686c517467f3922787c
401817271,151.0,East Carolina Pirates,North Carolina Tar Heels,away,2025-12-22,2025-12-23,2025-12-23T01:00Z,,51.0,99.0,-48.0,0,0,0,0,0,0,0,0,0,0,0.0,,,,,,,,,,0.0,False,True,post,Final,Final,2026-01-21T22:22:27Z,espn,v1.3.2,North Carolina Tar Heels,East Carolina Pirates,1.0,134b0edf9de068027504fdb1c3b3f65e3650e213
401817271,153.0,North Carolina Tar Heels,East Carolina Pirates,home,2025-12-22,2025-12-23,2025-12-23T01:00Z,,99.0,51.0,48.0,0,0,0,0,0,0,0,0,0,0,0.0,,,,,,,,,,0.0,False,True,post,Final,Final,2026-01-21T22:22:27Z,espn,v1.3.2,North Carolina Tar Heels,East Carolina Pirates,1.0,cb5b524d7e8ca0f3bd7d4f76a2202764879d7cda
401819887,2166.0,Davidson Wildcats,Kansas Jayhawks,away,2025-12-22,2025-12-23,2025-12-23T01:00Z,,61.0,90.0,-29.0,0,0,0,0,0,0,0,0,0,0,0.0,,,,,,,,,,0.0,False,True,post,Final,Final,2026-01-21T22:22:28Z,espn,v1.3.2,Kansas Jayhawks,Davidson Wildcats,1.0,e010cc48f17fe34587f06b2685688184156a30fc
401819887,2305.0,Kansas Jayhawks,Davidson Wildcats,home,2025-12-22,2025-12-23,2025-12-23T01:00Z,,90.0,61.0,29.0,0,0,0,0,0,0,0,0,0,0,0.0,,,,,,,,,,0.0,False,True,post,Final,Final,2026-01-21T22:22:28Z,espn,v1.3.2,Kansas Jayhawks,Davidson Wildcats,1.0,fe95ae5f4e2bd351f955b5fcd22ad387a3b0887b
401819841,252.0,BYU Cougars,Eastern Washington Eagles,home,2025-12-22,2025-12-23,2025-12-23T02:00Z,,109.0,81.0,28.0,0,0,0,0,0,0,0,0,0,0,0.0,,,,,,,,,,0.0,False,True,post,Final,Final,2026-01-21T22:22:28Z,espn,v1.3.2,BYU Cougars,Eastern Washington Eagles,1.0,74578df8407147c70e1f6a31dc0cffd4396fefb0
401819841,331.0,Eastern Washington Eagles,BYU Cougars,away,2025-12-22,2025-12-23,2025-12-23T02:00Z,,81.0,109.0,-28.0,0,0,0,0,0,0,0,0,0,0,0.0,,,,,,,,,,0.0,False,True,post,Final,Final,2026-01-21T22:22:28Z,espn,v1.3.2,BYU Cougars,Eastern Washington Eagles,1.0,9b3c2e025a20ba1d40070b4342fcf0c3d9723df3
401826887,12.0,Arizona Wildcats,Bethune-Cookman Wildcats,home,2025-12-22,2025-12-23,2025-12-23T02:00Z,,107.0,71.0,36.0,0,0,0,0,0,0,0,0,0,0,0.0,,,,,,,,,,0.0,False,True,post,Final,Final,2026-01-21T22:22:30Z,espn,v1.3.2,Arizona Wildcats,Bethune-Cookman Wildcats,1.0,df950042c0bee82d34b0e817f0e028236d424baa
401826887,2065.0,Bethune-Cookman Wildcats,Arizona Wildcats,away,2025-12-22,2025-12-23,2025-12-23T02:00Z,,71.0,107.0,-36.0,0,0,0,0,0,0,0,0,0,0,0.0,,,,,,,,,,0.0,False,True,post,Final,Final,2026-01-21T22:22:30Z,espn,v1.3.2,Arizona Wildcats,Bethune-Cookman Wildcats,1.0,41934dcd5314217045290324172004d175efe2bb
401820611,349.0,Army Black Knights,Binghamton Bearcats,home,2025-12-23,2025-12-23,2025-12-23T17:00Z,,95.0,85.0,10.0,0,0,0,0,0,0,0,0,0,0,0.0,,,,,,,,,,0.0,False,True,post,Final,Final/OT,2026-01-21T22:22:31Z,espn,v1.3.2,Army Black Knights,Binghamton Bearcats,0.0,f5635d55b2c43564eff2b4c19522214179518b72
401820611,2066.0,Binghamton Bearcats,Army Black Knights,away,2025-12-23,2025-12-23,2025-12-23T17:00Z,,85.0,95.0,-10.0,0,0,0,0,0,0,0,0,0,0,0.0,,,,,,,,,,0.0,False,True,post,Final,Final/OT,2026-01-21T22:22:31Z,espn,v1.3.2,Army Black Knights,Binghamton Bearcats,0.0,5d6c1db7f5af2a848cf90b66d1e756b2858d835e
401828299,2097.0,Campbell Fighting Camels,Green Bay Phoenix,home,2025-12-23,2025-12-23,2025-12-23T17:00Z,,102.0,79.0,23.0,0,0,0,0,0,0,0,0,0,0,0.0,,,,,,,,,,0.0,False,True,post,Final,Final,2026-01-21T22:22:34Z,espn,v1.3.2,Campbell Fighting Camels,Green Bay Phoenix,1.0,1aba9f204e4fc16eaf2237d90ea0162a205fc70e
401828299,2739.0,Green Bay Phoenix,Campbell Fighting Camels,away,2025-12-23,2025-12-23,2025-12-23T17:00Z,,79.0,102.0,-23.0,0,0,0,0,0,0,0,0,0,0,0.0,,,,,,,,,,0.0,False,True,post,Final,Final,2026-01-21T22:22:34Z,espn,v1.3.2,Campbell Fighting Camels,Green Bay Phoenix,1.0,6b57f406b577da42e2654f3d205665146df7e2d2
401823223,91.0,Bellarmine Knights,Kentucky Wildcats,away,2025-12-23,2025-12-23,2025-12-23T18:00Z,,85.0,99.0,-14.0,0,0,0,0,0,0,0,0,0,0,0.0,,,,,,,,,,0.0,False,True,post,Final,Final,2026-01-21T22:22:32Z,espn,v1.3.2,Kentucky Wildcats,Bellarmine Knights,0.0,f828e85d14cd590d61b7448803586bb44d86def4
401823223,96.0,Kentucky Wildcats,Bellarmine Knights,home,2025-12-23,2025-12-23,2025-12-23T18:00Z,,99.0,85.0,14.0,0,0,0,0,0,0,0,0,0,0,0.0,,,,,,,,,,0.0,False,True,post,Final,Final,2026-01-21T22:22:32Z,espn,v1.3.2,Kentucky Wildcats,Bellarmine Knights,0.0,ed2aba21411eb597a678dd6cc507fa4c148b9964
401824830,2226.0,Florida Atlantic Owls,UCF Knights,away,2025-12-23,2025-12-23,2025-12-23T19:00Z,,80.0,85.0,-5.0,0,0,0,0,0,0,0,0,0,0,0.0,,,,,,,,,,0.0,False,True,post,Final,Final,2026-01-21T22:22:33Z,espn,v1.3.2,UCF Knights,Florida Atlantic Owls,0.0,fa43fab0dcde68a2e42a8ef8a77066784fca03de
401824830,2116.0,UCF Knights,Florida Atlantic Owls,home,2025-12-23,2025-12-23,2025-12-23T19:00Z,,85.0,80.0,5.0,0,0,0,0,0,0,0,0,0,0,0.0,,,,,,,,,,0.0,False,True,post,Final,Final,2026-01-21T22:22:33Z,espn,v1.3.2,UCF Knights,Florida Atlantic Owls,0.0,0aead5d584d19fdac85a956267a7ea73549d0ceb
401827093,2755.0,Grambling Tigers,Ohio State Buckeyes,away,2025-12-23,2025-12-23,2025-12-23T19:00Z,,63.0,89.0,-26.0,0,0,0,0,0,0,0,0,0,0,0.0,,,,,,,,,,0.0,False,True,post,Final,Final,2026-01-21T22:22:33Z,espn,v1.3.2,Ohio State Buckeyes,Grambling Tigers,1.0,1d8cab4cf72d2c3e10a61a68e92f48dcb4ea5a18
401827093,194.0,Ohio State Buckeyes,Grambling Tigers,home,2025-12-23,2025-12-23,2025-12-23T19:00Z,,89.0,63.0,26.0,0,0,0,0,0,0,0,0,0,0,0.0,,,,,,,,,,0.0,False,True,post,Final,Final,2026-01-21T22:22:33Z,espn,v1.3.2,Ohio State Buckeyes,Grambling Tigers,1.0,2bd6c6ce069d430956413709cbda788651a7574e
401822397,2815.0,Lindenwood Lions,Missouri State Bears,away,2025-12-23,2025-12-23,2025-12-23T20:00Z,,65.0,70.0,-5.0,0,0,0,0,0,0,0,0,0,0,0.0,,,,,,,,,,0.0,False,True,post,Final,Final,2026-01-21T22:22:31Z,espn,v1.3.2,Missouri State Bears,Lindenwood Lions,0.0,3c017409d374d08554962e76d2f8ea025bb5b1c7
401822397,2623.0,Missouri State Bears,Lindenwood Lions,home,2025-12-23,2025-12-23,2025-12-23T20:00Z,,70.0,65.0,5.0,0,0,0,0,0,0,0,0,0,0,0.0,,,,,,,,,,0.0,False,True,post,Final,Final,2026-01-21T22:22:31Z,espn,v1.3.2,Missouri State Bears,Lindenwood Lions,0.0,96c96668673982a2c42683942febd716b088ec98
401813766,27.0,UC Riverside Highlanders,UCLA Bruins,away,2025-12-23,2025-12-23,2025-12-23T21:00Z,,65.0,97.0,-32.0,0,0,0,0,0,0,0,0,0,0,0.0,,,,,,,,,,0.0,False,True,post,Final,Final,2026-01-21T22:22:31Z,espn,v1.3.2,UCLA Bruins,UC Riverside Highlanders,1.0,3796a700b1f84d17f7fe888a95eba4b033752eeb
401813766,26.0,UCLA Bruins,UC Riverside Highlanders,home,2025-12-23,2025-12-23,2025-12-23T21:00Z,,97.0,65.0,32.0,0,0,0,0,0,0,0,0,0,0,0.0,,,,,,,,,,0.0,False,True,post,Final,Final,2026-01-21T22:22:31Z,espn,v1.3.2,UCLA Bruins,UC Riverside Highlanders,1.0,ac3c407b92fe831507bdf0ceb388dabc47e497e9
401823572,2934.0,Cal State Bakersfield Roadrunners,Idaho Vandals,home,2025-12-23,2025-12-23,2025-12-23T22:00Z,,64.0,63.0,1.0,0,0,0,0,0,0,0,0,0,0,0.0,,,,,,,,,,0.0,False,True,post,Final,Final,2026-01-21T22:22:32Z,espn,v1.3.2,Cal State Bakersfield Roadrunners,Idaho Vandals,0.0,1ed38a6870997902760ef2ae745f7f0c8774e2d0
401823572,70.0,Idaho Vandals,Cal State Bakersfield Roadrunners,away,2025-12-23,2025-12-23,2025-12-23T22:00Z,,63.0,64.0,-1.0,0,0,0,0,0,0,0,0,0,0,0.0,,,,,,,,,,0.0,False,True,post,Final,Final,2026-01-21T22:22:32Z,espn,v1.3.2,Cal State Bakersfield Roadrunners,Idaho Vandals,0.0,15fe0415a2025d5c9ed2d1d73b20d08875025bc5
401812611,108.0,Harvard Crimson,St. John's Red Storm,away,2025-12-23,2025-12-23,2025-12-23T23:00Z,,59.0,85.0,-26.0,0,0,0,0,0,0,0,0,0,0,0.0,,,,,,,,,,0.0,False,True,post,Final,Final,2026-01-21T22:22:30Z,espn,v1.3.2,St. John's Red Storm,Harvard Crimson,1.0,5e1ba84cbad127fd9e3a27059f75b57447b9f7e8
401812611,2599.0,St. John's Red Storm,Harvard Crimson,home,2025-12-23,2025-12-23,2025-12-23T23:00Z,,85.0,59.0,26.0,0,0,0,0,0,0,0,0,0,0,0.0,,,,,,,,,,0.0,False,True,post,Final,Final,2026-01-21T22:22:30Z,espn,v1.3.2,St. John's Red Storm,Harvard Crimson,1.0,da830cb8bdedc6b3ca054291115d21a63e7754ba
401813284,2351.0,Loyola Marymount Lions,Morgan State Bears,home,2025-12-23,2025-12-23,2025-12-23T23:00Z,,83.0,56.0,27.0,0,0,0,0,0,0,0,0,0,0,0.0,,,,,,,,,,0.0,False,True,post,Final,Final,2026-01-21T22:22:30Z,espn,v1.3.2,Loyola Marymount Lions,Morgan State Bears,1.0,5fd5007d4b3acf9b1f7fdd61f8db2956c60c5bbe
401813284,2415.0,Morgan State Bears,Loyola Marymount Lions,away,2025-12-23,2025-12-23,2025-12-23T23:00Z,,56.0,83.0,-27.0,0,0,0,0,0,0,0,0,0,0,0.0,,,,,,,,,,0.0,False,True,post,Final,Final,2026-01-21T22:22:30Z,espn,v1.3.2,Loyola Marymount Lions,Morgan State Bears,1.0,5df30ccf0dbff01266c3106e023c827c1c4f03f7
401822876,2550.0,Seton Hall Pirates,Villanova Wildcats,home,2025-12-23,2025-12-24,2025-12-24T00:00Z,,56.0,64.0,-8.0,0,0,0,0,0,0,0,0,0,0,0.0,,,,,,,,,,0.0,False,True,post,Final,Final,2026-01-21T22:22:32Z,espn,v1.3.2,Seton Hall Pirates,Villanova Wildcats,0.0,f015b42bdce1955e72e435def69e7401ec747638
401822876,222.0,Villanova Wildcats,Seton Hall Pirates,away,2025-12-23,2025-12-24,2025-12-24T00:00Z,,64.0,56.0,8.0,0,0,0,0,0,0,0,0,0,0,0.0,,,,,,,,,,0.0,False,True,post,Final,Final,2026-01-21T22:22:32Z,espn,v1.3.2,Seton Hall Pirates,Villanova Wildcats,0.0,a187dcd83a17d51ed218f13efafa585cdf47b163
401827264,276.0,Marshall Thundering Herd,WVU Tech Golden Bears,home,2025-12-23,2025-12-24,2025-12-24T00:00Z,,102.0,52.0,50.0,0,0,0,0,0,0,0,0,0,0,0.0,,,,,,,,,,0.0,False,True,post,Final,Final,2026-01-21T22:22:34Z,espn,v1.3.2,Marshall Thundering Herd,WVU Tech Golden Bears,1.0,568b1b3df6191db3db673405aa10618f71ebea07
401827264,2706.0,WVU Tech Golden Bears,Marshall Thundering Herd,away,2025-12-23,2025-12-24,2025-12-24T00:00Z,,52.0,102.0,-50.0,0,0,0,0,0,0,0,0,0,0,0.0,,,,,,,,,,0.0,False,True,post,Final,Final,2026-01-21T22:22:34Z,espn,v1.3.2,Marshall Thundering Herd,WVU Tech Golden Bears,1.0,3d98f822767fa5c5990a9d6b955b0f657303b47d
401823596,130401.0,Columbia College (SC) Fighting Koalas,UNC Wilmington Seahawks,away,2025-12-27,2025-12-27,2025-12-27T17:00Z,,56.0,100.0,-44.0,0,0,0,0,0,0,0,0,0,0,0.0,,,,,,,,,,0.0,False,True,post,Final,Final,2026-01-21T22:22:35Z,espn,v1.3.2,UNC Wilmington Seahawks,Columbia College (SC) Fighting Koalas,1.0,29ac5834d93d45b8f08723b4167a558db3050bdd
401823596,350.0,UNC Wilmington Seahawks,Columbia College (SC) Fighting Koalas,home,2025-12-27,2025-12-27,2025-12-27T17:00Z,,100.0,56.0,44.0,0,0,0,0,0,0,0,0,0,0,0.0,,,,,,,,,,0.0,False,True,post,Final,Final,2026-01-21T22:22:35Z,espn,v1.3.2,UNC Wilmington Seahawks,Columbia College (SC) Fighting Koalas,1.0,7a0f5105d4728a86fdfc77fe61706eeed539f284
401813455,128438.0,Cleary University Cougars,Duquesne Dukes,away,2025-12-27,2025-12-27,2025-12-27T19:00Z,,49.0,99.0,-50.0,0,0,0,0,0,0,0,0,0,0,0.0,,,,,,,,,,0.0,False,True,post,Final,Final,2026-01-21T22:22:34Z,espn,v1.3.2,Duquesne Dukes,Cleary University Cougars,1.0,2051e4b462b06fc43ab798a5d2434b2594bd2edb
401813455,2184.0,Duquesne Dukes,Cleary University Cougars,home,2025-12-27,2025-12-27,2025-12-27T19:00Z,,99.0,49.0,50.0,0,0,0,0,0,0,0,0,0,0,0.0,,,,,,,,,,0.0,False,True,post,Final,Final,2026-01-21T22:22:34Z,espn,v1.3.2,Duquesne Dukes,Cleary University Cougars,1.0,52e5d585b23f087b0d7c253f7f5ec0e5ec81876c
401817475,2463.0,Cal State Northridge Matadors,Stanford Cardinal,away,2025-12-27,2025-12-28,2025-12-28T01:00Z,,80.0,88.0,-8.0,0,0,0,0,0,0,0,0,0,0,0.0,,,,,,,,,,0.0,False,True,post,Final,Final,2026-01-21T22:22:35Z,espn,v1.3.2,Stanford Cardinal,Cal State Northridge Matadors,0.0,370cdcf7145323b914233153e415014ff3d35805
401817475,24.0,Stanford Cardinal,Cal State Northridge Matadors,home,2025-12-27,2025-12-28,2025-12-28T01:00Z,,88.0,80.0,8.0,0,0,0,0,0,0,0,0,0,0,0.0,,,,,,,,,,0.0,False,True,post,Final,Final,2026-01-21T22:22:35Z,espn,v1.3.2,Stanford Cardinal,Cal State Northridge Matadors,0.0,07cbb5430d032dd8bdcabfbf3e40b87b93c065af
401819904,2641.0,Texas Tech Red Raiders,Winthrop Eagles,home,2025-12-28,2025-12-28,2025-12-28T19:00Z,,87.0,57.0,30.0,0,0,0,0,0,0,0,0,0,0,0.0,,,,,,,,,,0.0,False,True,post,Final,Final,2026-01-21T22:22:36Z,espn,v1.3.2,Texas Tech Red Raiders,Winthrop Eagles,1.0,f66a30f6513777d470abeb72dffe51a0fcfbb506
401819904,2737.0,Winthrop Eagles,Texas Tech Red Raiders,away,2025-12-28,2025-12-28,2025-12-28T19:00Z,,57.0,87.0,-30.0,0,0,0,0,0,0,0,0,0,0,0.0,,,,,,,,,,0.0,False,True,post,Final,Final,2026-01-21T22:22:36Z,espn,v1.3.2,Texas Tech Red Raiders,Winthrop Eagles,1.0,9810cc5271a4c8ca5191b752fb0ef72906a9a9aa
401829163,2250.0,Gonzaga Bulldogs,Pepperdine Waves,away,2025-12-28,2025-12-29,2025-12-29T01:00Z,,96.0,56.0,40.0,0,0,0,0,0,0,0,0,0,0,0.0,,,,,,,,,,0.0,False,True,post,Final,Final,2026-01-21T22:22:36Z,espn,v1.3.2,Pepperdine Waves,Gonzaga Bulldogs,1.0,7b9615714b9a70659234571ee7b1b67ab1066ac9
401829163,2492.0,Pepperdine Waves,Gonzaga Bulldogs,home,2025-12-28,2025-12-29,2025-12-29T01:00Z,,56.0,96.0,-40.0,0,0,0,0,0,0,0,0,0,0,0.0,,,,,,,,,,0.0,False,True,post,Final,Final,2026-01-21T22:22:36Z,espn,v1.3.2,Pepperdine Waves,Gonzaga Bulldogs,1.0,eb141c2e7d063cfa7fb01f633bdd15b5c4796aa1
401827020,356.0,Illinois Fighting Illini,Southern Jaguars,home,2025-12-29,2025-12-29,2025-12-29T20:00Z,,90.0,55.0,35.0,0,0,0,0,0,0,0,0,0,0,0.0,,,,,,,,,,0.0,False,True,post,Final,Final,2026-01-21T22:22:39Z,espn,v1.3.2,Illinois Fighting Illini,Southern Jaguars,1.0,70e356ac908ae3319687a63a228b075f4fb2f75b
401827020,2582.0,Southern Jaguars,Illinois Fighting Illini,away,2025-12-29,2025-12-29,2025-12-29T20:00Z,,55.0,90.0,-35.0,0,0,0,0,0,0,0,0,0,0,0.0,,,,,,,,,,0.0,False,True,post,Final,Final,2026-01-21T22:22:39Z,espn,v1.3.2,Illinois Fighting Illini,Southern Jaguars,1.0,8d0a6ecbb23ddaff207cd2e663ea62798bb49be4
401823651,2294.0,Iowa Hawkeyes,UMass Lowell River Hawks,home,2025-12-29,2025-12-29,2025-12-29T22:00Z,,90.0,62.0,28.0,0,0,0,0,0,0,0,0,0,0,0.0,,,,,,,,,,0.0,False,True,post,Final,Final,2026-01-21T22:22:38Z,espn,v1.3.2,Iowa Hawkeyes,UMass Lowell River Hawks,1.0,f27fdaf00b8baf0fbb675465810a4f1b7d3acf40
401823651,2349.0,UMass Lowell River Hawks,Iowa Hawkeyes,away,2025-12-29,2025-12-29,2025-12-29T22:00Z,,62.0,90.0,-28.0,0,0,0,0,0,0,0,0,0,0,0.0,,,,,,,,,,0.0,False,True,post,Final,Final,2026-01-21T22:22:38Z,espn,v1.3.2,Iowa Hawkeyes,UMass Lowell River Hawks,1.0,d5521349000d43e072e5e8c8d1682fee2b9b6271
401829419,159.0,Dartmouth Big Green,Florida Gators,away,2025-12-29,2025-12-29,2025-12-29T23:00Z,,72.0,94.0,-22.0,0,0,0,0,0,0,0,0,0,0,0.0,,,,,,,,,,0.0,False,True,post,Final,Final,2026-01-21T22:22:41Z,espn,v1.3.2,Florida Gators,Dartmouth Big Green,1.0,c45fbe5b6140fc8f69d01d2cdffbe6f779b8d5d1
401829419,57.0,Florida Gators,Dartmouth Big Green,home,2025-12-29,2025-12-29,2025-12-29T23:00Z,,94.0,72.0,22.0,0,0,0,0,0,0,0,0,0,0,0.0,,,,,,,,,,0.0,False,True,post,Final,Final,2026-01-21T22:22:41Z,espn,v1.3.2,Florida Gators,Dartmouth Big Green,1.0,bfcf872c2f34fba5d455e5cbdce2250b4b9ac8cb
401812364,61.0,Georgia Bulldogs,Long Island University Sharks,home,2025-12-29,2025-12-30,2025-12-30T00:00Z,,89.0,74.0,15.0,0,0,0,0,0,0,0,0,0,0,0.0,,,,,,,,,,0.0,False,True,post,Final,Final,2026-01-21T22:22:37Z,espn,v1.3.2,Georgia Bulldogs,Long Island University Sharks,0.0,0d1a40378ddf16161f60b498c51dbd0968f03aca
401812364,112358.0,Long Island University Sharks,Georgia Bulldogs,away,2025-12-29,2025-12-30,2025-12-30T00:00Z,,74.0,89.0,-15.0,0,0,0,0,0,0,0,0,0,0,0.0,,,,,,,,,,0.0,False,True,post,Final,Final,2026-01-21T22:22:37Z,espn,v1.3.2,Georgia Bulldogs,Long Island University Sharks,0.0,cd93e1061ef87b5e21eae675a3ac75f8f0d8ff57
401823019,2309.0,Kent State Golden Flashes,Purdue Boilermakers,away,2025-12-29,2025-12-30,2025-12-30T00:00Z,,60.0,101.0,-41.0,0,0,0,0,0,0,0,0,0,0,0.0,,,,,,,,,,0.0,False,True,post,Final,Final,2026-01-21T22:22:38Z,espn,v1.3.2,Purdue Boilermakers,Kent State Golden Flashes,1.0,1adf4af3fc52759e9d825d58bc3deb7e52021c48
401823019,2509.0,Purdue Boilermakers,Kent State Golden Flashes,home,2025-12-29,2025-12-30,2025-12-30T00:00Z,,101.0,60.0,41.0,0,0,0,0,0,0,0,0,0,0,0.0,,,,,,,,,,0.0,False,True,post,Final,Final,2026-01-21T22:22:38Z,espn,v1.3.2,Purdue Boilermakers,Kent State Golden Flashes,1.0,1c68504fc873f436fb34b366058bd6ea192c4459
401826084,2377.0,McNeese Cowboys,Michigan Wolverines,away,2025-12-29,2025-12-30,2025-12-30T00:00Z,,71.0,112.0,-41.0,0,0,0,0,0,0,0,0,0,0,0.0,,,,,,,,,,0.0,False,True,post,Final,Final,2026-01-21T22:22:38Z,espn,v1.3.2,Michigan Wolverines,McNeese Cowboys,1.0,f5535eb322fcfb33bb87742a98fb37d627b3cc75
401826084,130.0,Michigan Wolverines,McNeese Cowboys,home,2025-12-29,2025-12-30,2025-12-30T00:00Z,,112.0,71.0,41.0,0,0,0,0,0,0,0,0,0,0,0.0,,,,,,,,,,0.0,False,True,post,Final,Final,2026-01-21T22:22:38Z,espn,v1.3.2,Michigan Wolverines,McNeese Cowboys,1.0,ee92a86e0d36891d4a77ba3854154fdbed542604
401827222,172.0,Cornell Big Red,Michigan State Spartans,away,2025-12-29,2025-12-30,2025-12-30T00:00Z,,97.0,114.0,-17.0,0,0,0,0,0,0,0,0,0,0,0.0,,,,,,,,,,0.0,False,True,post,Final,Final,2026-01-21T22:22:40Z,espn,v1.3.2,Michigan State Spartans,Cornell Big Red,0.0,1cf09a61138fc12ffe1446b60ceeee7ea1907def
401827222,127.0,Michigan State Spartans,Cornell Big Red,home,2025-12-29,2025-12-30,2025-12-30T00:00Z,,114.0,97.0,17.0,0,0,0,0,0,0,0,0,0,0,0.0,,,,,,,,,,0.0,False,True,post,Final,Final,2026-01-21T22:22:40Z,espn,v1.3.2,Michigan State Spartans,Cornell Big Red,0.0,3747d30bc2a84c9c30bba2d9d4630acda6741fac
401828686,2441.0,New Haven Chargers,Vanderbilt Commodores,away,2025-12-29,2025-12-30,2025-12-30T00:00Z,,53.0,96.0,-43.0,0,0,0,0,0,0,0,0,0,0,0.0,,,,,,,,,,0.0,False,True,post,Final,Final,2026-01-21T22:22:40Z,espn,v1.3.2,Vanderbilt Commodores,New Haven Chargers,1.0,c07baf4981a7894b272223b65269a995fb7bbcef
401828686,238.0,Vanderbilt Commodores,New Haven Chargers,home,2025-12-29,2025-12-30,2025-12-30T00:00Z,,96.0,53.0,43.0,0,0,0,0,0,0,0,0,0,0,0.0,,,,,,,,,,0.0,False,True,post,Final,Final,2026-01-21T22:22:40Z,espn,v1.3.2,Vanderbilt Commodores,New Haven Chargers,1.0,05535de739d5741010706c462e41a7f71b8fe0b1
401812269,333.0,Alabama Crimson Tide,Yale Bulldogs,home,2025-12-29,2025-12-30,2025-12-30T01:00Z,,102.0,78.0,24.0,0,0,0,0,0,0,0,0,0,0,0.0,,,,,,,,,,0.0,False,True,post,Final,Final,2026-01-21T22:22:36Z,espn,v1.3.2,Alabama Crimson Tide,Yale Bulldogs,1.0,6c60e9202054befbcd6cee777e5673a92fd965a6
401812269,43.0,Yale Bulldogs,Alabama Crimson Tide,away,2025-12-29,2025-12-30,2025-12-30T01:00Z,,78.0,102.0,-24.0,0,0,0,0,0,0,0,0,0,0,0.0,,,,,,,,,,0.0,False,True,post,Final,Final,2026-01-21T22:22:36Z,espn,v1.3.2,Alabama Crimson Tide,Yale Bulldogs,1.0,f50ded3c203b3b807b84173ebafe28d586699922
401819881,2277.0,Houston Christian Huskies,Iowa State Cyclones,away,2025-12-29,2025-12-30,2025-12-30T01:00Z,,61.0,89.0,-28.0,0,0,0,0,0,0,0,0,0,0,0.0,,,,,,,,,,0.0,False,True,post,Final,Final,2026-01-21T22:22:37Z,espn,v1.3.2,Iowa State Cyclones,Houston Christian Huskies,1.0,6301f9e2c09d782d21d2fed9025c822638c6cf8e
401819881,66.0,Iowa State Cyclones,Houston Christian Huskies,home,2025-12-29,2025-12-30,2025-12-30T01:00Z,,89.0,61.0,28.0,0,0,0,0,0,0,0,0,0,0,0.0,,,,,,,,,,0.0,False,True,post,Final,Final,2026-01-21T22:22:37Z,espn,v1.3.2,Iowa State Cyclones,Houston Christian Huskies,1.0,8794817b28eed70c7accf8317790dc859d21996a
401823001,248.0,Houston Cougars,Middle Tennessee Blue Raiders,home,2025-12-29,2025-12-30,2025-12-30T01:00Z,,69.0,60.0,9.0,0,0,0,0,0,0,0,0,0,0,0.0,,,,,,,,,,0.0,False,True,post,Final,Final,2026-01-21T22:22:38Z,espn,v1.3.2,Houston Cougars,Middle Tennessee Blue Raiders,0.0,681a8a56956819c0ad751a39ee1cbf11fde2cef4
401823001,2393.0,Middle Tennessee Blue Raiders,Houston Cougars,away,2025-12-29,2025-12-30,2025-12-30T01:00Z,,60.0,69.0,-9.0,0,0,0,0,0,0,0,0,0,0,0.0,,,,,,,,,,0.0,False,True,post,Final,Final,2026-01-21T22:22:38Z,espn,v1.3.2,Houston Cougars,Middle Tennessee Blue Raiders,0.0,ea5ebfc27087cee5e669f56e4f5c764dffdab895
401826790,8.0,Arkansas Razorbacks,James Madison Dukes,home,2025-12-29,2025-12-30,2025-12-30T01:00Z,,103.0,74.0,29.0,0,0,0,0,0,0,0,0,0,0,0.0,,,,,,,,,,0.0,False,True,post,Final,Final,2026-01-21T22:22:39Z,espn,v1.3.2,Arkansas Razorbacks,James Madison Dukes,1.0,97e77556bfccbbb0e00a956f772c44ef08938c64
401826790,256.0,James Madison Dukes,Arkansas Razorbacks,away,2025-12-29,2025-12-30,2025-12-30T01:00Z,,74.0,103.0,-29.0,0,0,0,0,0,0,0,0,0,0,0.0,,,,,,,,,,0.0,False,True,post,Final,Final,2026-01-21T22:22:39Z,espn,v1.3.2,Arkansas Razorbacks,James Madison Dukes,1.0,d18b4f362775d9d60fc89589977a97740521ec3c
401826888,12.0,Arizona Wildcats,South Dakota State Jackrabbits,home,2025-12-29,2025-12-30,2025-12-30T02:00Z,,99.0,71.0,28.0,0,0,0,0,0,0,0,0,0,0,0.0,,,,,,,,,,0.0,False,True,post,Final,Final,2026-01-21T22:22:39Z,espn,v1.3.2,Arizona Wildcats,South Dakota State Jackrabbits,1.0,9545f7d95d0c36310573a7787669859e4246804a
401826888,2571.0,South Dakota State Jackrabbits,Arizona Wildcats,away,2025-12-29,2025-12-30,2025-12-30T02:00Z,,71.0,99.0,-28.0,0,0,0,0,0,0,0,0,0,0,0.0,,,,,,,,,,0.0,False,True,post,Final,Final,2026-01-21T22:22:39Z,espn,v1.3.2,Arizona Wildcats,South Dakota State Jackrabbits,1.0,edb81442f9ee059f0a3323f7ea7f420e3f6a5f2d
401820639,52.0,Florida State Seminoles,North Carolina Tar Heels,away,2025-12-30,2025-12-31,2025-12-31T00:00Z,,66.0,79.0,-13.0,0,0,0,0,0,0,0,0,0,0,0.0,,,,,,,,,,0.0,False,True,post,Final,Final,2026-01-21T22:22:41Z,espn,v1.3.2,North Carolina Tar Heels,Florida State Seminoles,0.0,f3c89967350549dc4fcb16a97e7857657ae99878
401820639,153.0,North Carolina Tar Heels,Florida State Seminoles,home,2025-12-30,2025-12-31,2025-12-31T00:00Z,,79.0,66.0,13.0,0,0,0,0,0,0,0,0,0,0,0.0,,,,,,,,,,0.0,False,True,post,Final,Final,2026-01-21T22:22:41Z,espn,v1.3.2,North Carolina Tar Heels,Florida State Seminoles,0.0,0517d4c2abac9eb8193fcd75e20135f29b1d3733
401829283,2569.0,South Carolina State Bulldogs,Tennessee Volunteers,away,2025-12-30,2025-12-31,2025-12-31T01:00Z,,54.0,105.0,-51.0,0,0,0,0,0,0,0,0,0,0,0.0,,,,,,,,,,0.0,False,True,post,Final,Final,2026-01-21T22:22:42Z,espn,v1.3.2,Tennessee Volunteers,South Carolina State Bulldogs,1.0,a801d126205bae4d74fd5da5e6c760b9e9c14f2f
401829283,2633.0,Tennessee Volunteers,South Carolina State Bulldogs,home,2025-12-30,2025-12-31,2025-12-31T01:00Z,,105.0,54.0,51.0,0,0,0,0,0,0,0,0,0,0,0.0,,,,,,,,,,0.0,False,True,post,Final,Final,2026-01-21T22:22:42Z,espn,v1.3.2,Tennessee Volunteers,South Carolina State Bulldogs,1.0,41130942437aff352fca92d57410207a13afa124
401820634,25.0,California Golden Bears,Louisville Cardinals,home,2025-12-30,2025-12-31,2025-12-31T02:00Z,,70.0,90.0,-20.0,0,0,0,0,0,0,0,0,0,0,0.0,,,,,,,,,,0.0,False,True,post,Final,Final,2026-01-21T22:22:41Z,espn,v1.3.2,California Golden Bears,Louisville Cardinals,1.0,9e46e97f56a830ef58dc8b75f486e6d41f36dfff
401820634,97.0,Louisville Cardinals,California Golden Bears,away,2025-12-30,2025-12-31,2025-12-31T02:00Z,,90.0,70.0,20.0,0,0,0,0,0,0,0,0,0,0,0.0,,,,,,,,,,0.0,False,True,post,Final,Final,2026-01-21T22:22:41Z,espn,v1.3.2,California Golden Bears,Louisville Cardinals,1.0,3f460cb585c665078976c4ca1615b97e0ba285d3
401826776,158.0,Nebraska Cornhuskers,New Hampshire Wildcats,home,2025-12-30,2025-12-31,2025-12-31T02:00Z,,86.0,55.0,31.0,0,0,0,0,0,0,0,0,0,0,0.0,,,,,,,,,,0.0,False,True,post,Final,Final,2026-01-21T22:22:42Z,espn,v1.3.2,Nebraska Cornhuskers,New Hampshire Wildcats,1.0,3c13d59ebe19806946bb2a0eb66ef2692a802e82
401826776,160.0,New Hampshire Wildcats,Nebraska Cornhuskers,away,2025-12-30,2025-12-31,2025-12-31T02:00Z,,55.0,86.0,-31.0,0,0,0,0,0,0,0,0,0,0,0.0,,,,,,,,,,0.0,False,True,post,Final,Final,2026-01-21T22:22:42Z,espn,v1.3.2,Nebraska Cornhuskers,New Hampshire Wildcats,1.0,830fb6e665cf884d35d02f3c7983d17e1389ea25
401829169,2250.0,Gonzaga Bulldogs,San Diego Toreros,away,2025-12-30,2025-12-31,2025-12-31T02:30Z,,99.0,93.0,6.0,0,0,0,0,0,0,0,0,0,0,0.0,,,,,,,,,,0.0,False,True,post,Final,Final,2026-01-21T22:22:42Z,espn,v1.3.2,San Diego Toreros,Gonzaga Bulldogs,0.0,3f9f778f0333b8adb4b2794cab997caa74948688
401829169,301.0,San Diego Toreros,Gonzaga Bulldogs,home,2025-12-30,2025-12-31,2025-12-31T02:30Z,,93.0,99.0,-6.0,0,0,0,0,0,0,0,0,0,0,0.0,,,,,,,,,,0.0,False,True,post,Final,Final,2026-01-21T22:22:42Z,espn,v1.3.2,San Diego Toreros,Gonzaga Bulldogs,0.0,e7a29681d49ce25fe226a289d8d7332f0645cfa8
401820641,258.0,Virginia Cavaliers,Virginia Tech Hokies,away,2025-12-31,2025-12-31,2025-12-31T19:00Z,,85.0,95.0,-10.0,0,0,0,0,0,0,0,0,0,0,0.0,,,,,,,,,,0.0,False,True,post,Final,Final/3OT,2026-01-21T22:22:43Z,espn,v1.3.2,Virginia Tech Hokies,Virginia Cavaliers,0.0,64e48079dbcfcadb470d4992b28000030b69c06a
401820641,259.0,Virginia Tech Hokies,Virginia Cavaliers,home,2025-12-31,2025-12-31,2025-12-31T19:00Z,,95.0,85.0,10.0,0,0,0,0,0,0,0,0,0,0,0.0,,,,,,,,,,0.0,False,True,post,Final,Final/3OT,2026-01-21T22:22:43Z,espn,v1.3.2,Virginia Tech Hokies,Virginia Cavaliers,0.0,7dbbe965d1f6a39e4ea7563fe35ffb65bec09405
401820636,150.0,Duke Blue Devils,Georgia Tech Yellow Jackets,home,2025-12-31,2025-12-31,2025-12-31T21:00Z,,85.0,79.0,6.0,0,0,0,0,0,0,0,0,0,0,0.0,,,,,,,,,,0.0,False,True,post,Final,Final,2026-01-21T22:22:43Z,espn,v1.3.2,Duke Blue Devils,Georgia Tech Yellow Jackets,0.0,08886fdf59288f906ebb7af4b43f0cde43d9fb72
401820636,59.0,Georgia Tech Yellow Jackets,Duke Blue Devils,away,2025-12-31,2025-12-31,2025-12-31T21:00Z,,79.0,85.0,-6.0,0,0,0,0,0,0,0,0,0,0,0.0,,,,,,,,,,0.0,False,True,post,Final,Final,2026-01-21T22:22:43Z,espn,v1.3.2,Duke Blue Devils,Georgia Tech Yellow Jackets,0.0,cbf2112013155a460c8bf2e97822fdde44f8bdad
401822880,41.0,UConn Huskies,Xavier Musketeers,away,2025-12-31,2025-12-31,2025-12-31T22:00Z,,90.0,67.0,23.0,0,0,0,0,0,0,0,0,0,0,0.0,,,,,,,,,,0.0,False,True,post,Final,Final,2026-01-21T22:22:43Z,espn,v1.3.2,Xavier Musketeers,UConn Huskies,1.0,7d859d0fc2827b584749f825b3206ed0cf49acbe
401822880,2752.0,Xavier Musketeers,UConn Huskies,home,2025-12-31,2025-12-31,2025-12-31T22:00Z,,67.0,90.0,-23.0,0,0,0,0,0,0,0,0,0,0,0.0,,,,,,,,,,0.0,False,True,post,Final,Final,2026-01-21T22:22:43Z,espn,v1.3.2,Xavier Musketeers,UConn Huskies,1.0,c4b1e8a93ab3a602d4cb151dc9f655487ec81c5b
401807666,2453.0,North Alabama Lions,Stetson Hatters,home,2026-01-01,2026-01-01,2026-01-01T18:00Z,,67.0,70.0,-3.0,0,0,0,0,0,0,0,0,0,0,0.0,,,,,,,,,,0.0,False,True,post,Final,Final,2026-01-21T22:22:48Z,espn,v1.3.2,North Alabama Lions,Stetson Hatters,0.0,8b164cc6dee117bdafa0d39a1a79d1262f8dd00d
401807666,56.0,Stetson Hatters,North Alabama Lions,away,2026-01-01,2026-01-01,2026-01-01T18:00Z,,70.0,67.0,3.0,0,0,0,0,0,0,0,0,0,0,0.0,,,,,,,,,,0.0,False,True,post,Final,Final,2026-01-21T22:22:48Z,espn,v1.3.2,North Alabama Lions,Stetson Hatters,0.0,938435b293e36cffaa5de976aaa8980963d1c523
401808592,324.0,Coastal Carolina Chanticleers,Georgia Southern Eagles,home,2026-01-01,2026-01-01,2026-01-01T18:00Z,,81.0,82.0,-1.0,0,0,0,0,0,0,0,0,0,0,0.0,,,,,,,,,,0.0,False,True,post,Final,Final/OT,2026-01-21T22:22:55Z,espn,v1.3.2,Coastal Carolina Chanticleers,Georgia Southern Eagles,0.0,028f676b71aa6d3cce655a3f73e337249e75883e
401808592,290.0,Georgia Southern Eagles,Coastal Carolina Chanticleers,away,2026-01-01,2026-01-01,2026-01-01T18:00Z,,82.0,81.0,1.0,0,0,0,0,0,0,0,0,0,0,0.0,,,,,,,,,,0.0,False,True,post,Final,Final/OT,2026-01-21T22:22:55Z,espn,v1.3.2,Coastal Carolina Chanticleers,Georgia Southern Eagles,0.0,d0b33258af5e5c9636d06ed49981d0b48356599f
401809227,2535.0,Samford Bulldogs,VMI Keydets,away,2026-01-01,2026-01-01,2026-01-01T18:00Z,,78.0,58.0,20.0,0,0,0,0,0,0,0,0,0,0,0.0,,,,,,,,,,0.0,False,True,post,Final,Final,2026-01-21T22:22:58Z,espn,v1.3.2,VMI Keydets,Samford Bulldogs,1.0,40f8996790a7039f6d8ddd3014dbd9b0e440f8d5
401809227,2678.0,VMI Keydets,Samford Bulldogs,home,2026-01-01,2026-01-01,2026-01-01T18:00Z,,58.0,78.0,-20.0,0,0,0,0,0,0,0,0,0,0,0.0,,,,,,,,,,0.0,False,True,post,Final,Final,2026-01-21T22:22:58Z,espn,v1.3.2,VMI Keydets,Samford Bulldogs,1.0,761aaf0b1a20ff38025d9567df2873d1ca7ec01d
401817604,2473.0,Oakland Golden Grizzlies,Youngstown State Penguins,away,2026-01-01,2026-01-01,2026-01-01T18:00Z,,85.0,83.0,2.0,0,0,0,0,0,0,0,0,0,0,0.0,,,,,,,,,,0.0,False,True,post,Final,Final,2026-01-21T22:22:59Z,espn,v1.3.2,Youngstown State Penguins,Oakland Golden Grizzlies,0.0,fb1e29362b44035364273f925d213270ee467773
401817604,2754.0,Youngstown State Penguins,Oakland Golden Grizzlies,home,2026-01-01,2026-01-01,2026-01-01T18:00Z,,83.0,85.0,-2.0,0,0,0,0,0,0,0,0,0,0,0.0,,,,,,,,,,0.0,False,True,post,Final,Final,2026-01-21T22:22:59Z,espn,v1.3.2,Youngstown State Penguins,Oakland Golden Grizzlies,0.0,b1aec599fada79c08247d97630110ea2eada4b37
401831278,159.0,Dartmouth Big Green,Elms College Blazers,home,2026-01-01,2026-01-01,2026-01-01T18:00Z,,107.0,43.0,64.0,0,0,0,0,0,0,0,0,0,0,0.0,,,,,,,,,,0.0,False,True,post,Final,Final,2026-01-21T22:23:03Z,espn,v1.3.2,Dartmouth Big Green,Elms College Blazers,1.0,5fc4b922bfe2d9a2e9dde2389bb3fd50324da674
401831278,111948.0,Elms College Blazers,Dartmouth Big Green,away,2026-01-01,2026-01-01,2026-01-01T18:00Z,,43.0,107.0,-64.0,0,0,0,0,0,0,0,0,0,0,0.0,,,,,,,,,,0.0,False,True,post,Final,Final,2026-01-21T22:23:03Z,espn,v1.3.2,Dartmouth Big Green,Elms College Blazers,1.0,e27c1960ac20f1218ae2f68c112ae92634d63f7b
401807663,2110.0,Central Arkansas Bears,Florida Gulf Coast Eagles,home,2026-01-01,2026-01-01,2026-01-01T19:00Z,,85.0,83.0,2.0,0,0,0,0,0,0,0,0,0,0,0.0,,,,,,,,,,0.0,False,True,post,Final,Final,2026-01-21T22:22:47Z,espn,v1.3.2,Central Arkansas Bears,Florida Gulf Coast Eagles,0.0,6b98ebfb5d52513bcebbfe8f3b2a681f781567cc
401807663,526.0,Florida Gulf Coast Eagles,Central Arkansas Bears,away,2026-01-01,2026-01-01,2026-01-01T19:00Z,,83.0,85.0,-2.0,0,0,0,0,0,0,0,0,0,0,0.0,,,,,,,,,,0.0,False,True,post,Final,Final,2026-01-21T22:22:47Z,espn,v1.3.2,Central Arkansas Bears,Florida Gulf Coast Eagles,0.0,98d3ca0c7d4a24bd3e04b040e883f89ffaf4fafb
401807664,294.0,Jacksonville Dolphins,Lipscomb Bisons,away,2026-01-01,2026-01-01,2026-01-01T19:00Z,,57.0,76.0,-19.0,0,0,0,0,0,0,0,0,0,0,0.0,,,,,,,,,,0.0,False,True,post,Final,Final,2026-01-21T22:22:48Z,espn,v1.3.2,Lipscomb Bisons,Jacksonville Dolphins,1.0,4b45b3f0c898401d6accc6690ac3143b799b9454
401807664,288.0,Lipscomb Bisons,Jacksonville Dolphins,home,2026-01-01,2026-01-01,2026-01-01T19:00Z,,76.0,57.0,19.0,0,0,0,0,0,0,0,0,0,0,0.0,,,,,,,,,,0.0,False,True,post,Final,Final,2026-01-21T22:22:48Z,espn,v1.3.2,Lipscomb Bisons,Jacksonville Dolphins,1.0,e573f1a1dac8959adb8104fbbc98685dd8ab3456
401817601,2739.0,Green Bay Phoenix,Purdue Fort Wayne Mastodons,away,2026-01-01,2026-01-01,2026-01-01T19:00Z,,72.0,54.0,18.0,0,0,0,0,0,0,0,0,0,0,0.0,,,,,,,,,,0.0,False,True,post,Final,Final,2026-01-21T22:22:58Z,espn,v1.3.2,Purdue Fort Wayne Mastodons,Green Bay Phoenix,1.0,271ec859b4b696562d9651dddccecd7c4d4def85
401817601,2870.0,Purdue Fort Wayne Mastodons,Green Bay Phoenix,home,2026-01-01,2026-01-01,2026-01-01T19:00Z,,54.0,72.0,-18.0,0,0,0,0,0,0,0,0,0,0,0.0,,,,,,,,,,0.0,False,True,post,Final,Final,2026-01-21T22:22:58Z,espn,v1.3.2,Purdue Fort Wayne Mastodons,Green Bay Phoenix,1.0,9ecb0fdd70706fddea6044abe60947ad9580370d
401817602,270.0,Milwaukee Panthers,Wright State Raiders,away,2026-01-01,2026-01-01,2026-01-01T19:00Z,,70.0,76.0,-6.0,0,0,0,0,0,0,0,0,0,0,0.0,,,,,,,,,,0.0,False,True,post,Final,Final,2026-01-21T22:22:58Z,espn,v1.3.2,Wright State Raiders,Milwaukee Panthers,0.0,47900b0c5519bb9cb3d6170b62658a064f84efde
401817602,2750.0,Wright State Raiders,Milwaukee Panthers,home,2026-01-01,2026-01-01,2026-01-01T19:00Z,,76.0,70.0,6.0,0,0,0,0,0,0,0,0,0,0,0.0,,,,,,,,,,0.0,False,True,post,Final,Final,2026-01-21T22:22:58Z,espn,v1.3.2,Wright State Raiders,Milwaukee Panthers,0.0,3fae8b7efbb90e5fbe3df9d22d176585014a2f23
401817603,85.0,IU Indianapolis Jaguars,Northern Kentucky Norse,away,2026-01-01,2026-01-01,2026-01-01T19:00Z,,72.0,81.0,-9.0,0,0,0,0,0,0,0,0,0,0,0.0,,,,,,,,,,0.0,False,True,post,Final,Final,2026-01-21T22:22:59Z,espn,v1.3.2,Northern Kentucky Norse,IU Indianapolis Jaguars,0.0,cef5b7dbf3a090d17d88a6e9a3e2061d37e4c311
401817603,94.0,Northern Kentucky Norse,IU Indianapolis Jaguars,home,2026-01-01,2026-01-01,2026-01-01T19:00Z,,81.0,72.0,9.0,0,0,0,0,0,0,0,0,0,0,0.0,,,,,,,,,,0.0,False,True,post,Final,Final,2026-01-21T22:22:59Z,espn,v1.3.2,Northern Kentucky Norse,IU Indianapolis Jaguars,0.0,f984807ba17bda5ac64adb1ab12a0465f4932a53
401818331,155.0,North Dakota Fighting Hawks,Oral Roberts Golden Eagles,home,2026-01-01,2026-01-01,2026-01-01T19:00Z,,72.0,61.0,11.0,0,0,0,0,0,0,0,0,0,0,0.0,,,,,,,,,,0.0,False,True,post,Final,Final,2026-01-21T22:22:59Z,espn,v1.3.2,North Dakota Fighting Hawks,Oral Roberts Golden Eagles,0.0,ba3aff0435db70fb15a24c6d4d46a28f42b43f3a
401818331,198.0,Oral Roberts Golden Eagles,North Dakota Fighting Hawks,away,2026-01-01,2026-01-01,2026-01-01T19:00Z,,61.0,72.0,-11.0,0,0,0,0,0,0,0,0,0,0,0.0,,,,,,,,,,0.0,False,True,post,Final,Final,2026-01-21T22:22:59Z,espn,v1.3.2,North Dakota Fighting Hawks,Oral Roberts Golden Eagles,0.0,9db6c2b2aec564087d47152d69d02069af181165
401805159,2856.0,California Baptist Lancers,UT Arlington Mavericks,away,2026-01-01,2026-01-01,2026-01-01T20:00Z,,51.0,63.0,-12.0,0,0,0,0,0,0,0,0,0,0,0.0,,,,,,,,,,0.0,False,True,post,Final,Final,2026-01-21T22:22:44Z,espn,v1.3.2,UT Arlington Mavericks,California Baptist Lancers,0.0,daa973f5f4b6b9b73ac62f24300fd08477f68852
401805159,250.0,UT Arlington Mavericks,California Baptist Lancers,home,2026-01-01,2026-01-01,2026-01-01T20:00Z,,63.0,51.0,12.0,0,0,0,0,0,0,0,0,0,0,0.0,,,,,,,,,,0.0,False,True,post,Final,Final,2026-01-21T22:22:44Z,espn,v1.3.2,UT Arlington Mavericks,California Baptist Lancers,0.0,9c01fb468e0e4428cd3f651d04cd4f2367beff7f
401830255,339.0,Evansville Purple Aces,Illinois State Redbirds,away,2026-01-01,2026-01-01,2026-01-01T20:00Z,,47.0,73.0,-26.0,0,0,0,0,0,0,0,0,0,0,0.0,,,,,,,,,,0.0,False,True,post,Final,Final,2026-01-21T22:23:01Z,espn,v1.3.2,Illinois State Redbirds,Evansville Purple Aces,1.0,fd45a09fac38f491d152357e7ad562e086cb0e92
401830255,2287.0,Illinois State Redbirds,Evansville Purple Aces,home,2026-01-01,2026-01-01,2026-01-01T20:00Z,,73.0,47.0,26.0,0,0,0,0,0,0,0,0,0,0,0.0,,,,,,,,,,0.0,False,True,post,Final,Final,2026-01-21T22:23:01Z,espn,v1.3.2,Illinois State Redbirds,Evansville Purple Aces,1.0,c6f51e8ae6cff1a8fa05c5c66824a81858d6bf5b
401830258,79.0,Southern Illinois Salukis,Valparaiso Beacons,home,2026-01-01,2026-01-01,2026-01-01T20:00Z,,75.0,70.0,5.0,0,0,0,0,0,0,0,0,0,0,0.0,,,,,,,,,,0.0,False,True,post,Final,Final,2026-01-21T22:23:02Z,espn,v1.3.2,Southern Illinois Salukis,Valparaiso Beacons,0.0,cb78f2f8e2cf668e62b9da32fcaa3fa01824f331
401830258,2674.0,Valparaiso Beacons,Southern Illinois Salukis,away,2026-01-01,2026-01-01,2026-01-01T20:00Z,,70.0,75.0,-5.0,0,0,0,0,0,0,0,0,0,0,0.0,,,,,,,,,,0.0,False,True,post,Final,Final,2026-01-21T22:23:02Z,espn,v1.3.2,Southern Illinois Salukis,Valparaiso Beacons,0.0,b4133bef3e5009cbdeb3721d47d44cd7e9fb2882
401808537,2502.0,Portland State Vikings,Weber State Wildcats,away,2026-01-01,2026-01-01,2026-01-01T21:00Z,,95.0,90.0,5.0,0,0,0,0,0,0,0,0,0,0,0.0,,,,,,,,,,0.0,False,True,post,Final,Final/OT,2026-01-21T22:22:55Z,espn,v1.3.2,Weber State Wildcats,Portland State Vikings,0.0,c92928ba7313513bb5743c6e4c4c92403d0d0bfc
401808537,2692.0,Weber State Wildcats,Portland State Vikings,home,2026-01-01,2026-01-01,2026-01-01T21:00Z,,90.0,95.0,-5.0,0,0,0,0,0,0,0,0,0,0,0.0,,,,,,,,,,0.0,False,True,post,Final,Final/OT,2026-01-21T22:22:55Z,espn,v1.3.2,Weber State Wildcats,Portland State Vikings,0.0,ebaa680b3df095d9d6025e7708dee200188b5fcd
401809226,236.0,Chattanooga Mocs,UNC Greensboro Spartans,away,2026-01-01,2026-01-01,2026-01-01T21:00Z,,72.0,77.0,-5.0,0,0,0,0,0,0,0,0,0,0,0.0,,,,,,,,,,0.0,False,True,post,Final,Final,2026-01-21T22:22:57Z,espn,v1.3.2,UNC Greensboro Spartans,Chattanooga Mocs,0.0,3a030c578597365412d0a07aa1142a736da01d86
401809226,2430.0,UNC Greensboro Spartans,Chattanooga Mocs,home,2026-01-01,2026-01-01,2026-01-01T21:00Z,,77.0,72.0,5.0,0,0,0,0,0,0,0,0,0,0,0.0,,,,,,,,,,0.0,False,True,post,Final,Final,2026-01-21T22:22:57Z,espn,v1.3.2,UNC Greensboro Spartans,Chattanooga Mocs,0.0,b7f5c8f2878b7c4c0e3d4c8158177327e0d28011
401806416,2815.0,Lindenwood Lions,Morehead State Eagles,home,2026-01-01,2026-01-01,2026-01-01T21:30Z,,77.0,64.0,13.0,0,0,0,0,0,0,0,0,0,0,0.0,,,,,,,,,,0.0,False,True,post,Final,Final,2026-01-21T22:22:45Z,espn,v1.3.2,Lindenwood Lions,Morehead State Eagles,0.0,255aa68a268980ec71a1fe352de5f8e44856a991
401806416,2413.0,Morehead State Eagles,Lindenwood Lions,away,2026-01-01,2026-01-01,2026-01-01T21:30Z,,64.0,77.0,-13.0,0,0,0,0,0,0,0,0,0,0,0.0,,,,,,,,,,0.0,False,True,post,Final,Final,2026-01-21T22:22:45Z,espn,v1.3.2,Lindenwood Lions,Morehead State Eagles,0.0,70e882624648a83aaf22549b2820e6430947dc65
401806418,2565.0,SIU Edwardsville Cougars,Southern Indiana Screaming Eagles,home,2026-01-01,2026-01-01,2026-01-01T21:30Z,,59.0,55.0,4.0,0,0,0,0,0,0,0,0,0,0,0.0,,,,,,,,,,0.0,False,True,post,Final,Final,2026-01-21T22:22:46Z,espn,v1.3.2,SIU Edwardsville Cougars,Southern Indiana Screaming Eagles,0.0,a5d6f5b5ebf6e560625ce075cecad0ec821b53e7
401806418,88.0,Southern Indiana Screaming Eagles,SIU Edwardsville Cougars,away,2026-01-01,2026-01-01,2026-01-01T21:30Z,,55.0,59.0,-4.0,0,0,0,0,0,0,0,0,0,0,0.0,,,,,,,,,,0.0,False,True,post,Final,Final,2026-01-21T22:22:46Z,espn,v1.3.2,SIU Edwardsville Cougars,Southern Indiana Screaming Eagles,0.0,50c43130f46372f0edafd397d54cb7f1de1b2e01
401806419,2630.0,UT Martin Skyhawks,Western Illinois Leathernecks,home,2026-01-01,2026-01-01,2026-01-01T21:30Z,,67.0,60.0,7.0,0,0,0,0,0,0,0,0,0,0,0.0,,,,,,,,,,0.0,False,True,post,Final,Final,2026-01-21T22:22:46Z,espn,v1.3.2,UT Martin Skyhawks,Western Illinois Leathernecks,0.0,e2cb46ca8b3ce0afbe2fb2d2577963d158e7b565
401806419,2710.0,Western Illinois Leathernecks,UT Martin Skyhawks,away,2026-01-01,2026-01-01,2026-01-01T21:30Z,,60.0,67.0,-7.0,0,0,0,0,0,0,0,0,0,0,0.0,,,,,,,,,,0.0,False,True,post,Final,Final,2026-01-21T22:22:46Z,espn,v1.3.2,UT Martin Skyhawks,Western Illinois Leathernecks,0.0,3e1ea5c339de63a124e3ea858c909e945bb438ec
401808593,2572.0,Southern Miss Golden Eagles,UL Monroe Warhawks,away,2026-01-01,2026-01-01,2026-01-01T22:00Z,,87.0,73.0,14.0,0,0,0,0,0,0,0,0,0,0,0.0,,,,,,,,,,0.0,False,True,post,Final,Final,2026-01-21T22:22:55Z,espn,v1.3.2,UL Monroe Warhawks,Southern Miss Golden Eagles,0.0,122abfd127ed6730f1849d57999b7e105f3e2f25
401808593,2433.0,UL Monroe Warhawks,Southern Miss Golden Eagles,home,2026-01-01,2026-01-01,2026-01-01T22:00Z,,73.0,87.0,-14.0,0,0,0,0,0,0,0,0,0,0,0.0,,,,,,,,,,0.0,False,True,post,Final,Final,2026-01-21T22:22:55Z,espn,v1.3.2,UL Monroe Warhawks,Southern Miss Golden Eagles,0.0,6cafef7c97b2857a5db7a553f4e6e665162b014d
401809107,2934.0,Cal State Bakersfield Roadrunners,UC Irvine Anteaters,home,2026-01-01,2026-01-01,2026-01-01T22:00Z,,77.0,81.0,-4.0,0,0,0,0,0,0,0,0,0,0,0.0,,,,,,,,,,0.0,False,True,post,Final,Final,2026-01-21T22:22:56Z,espn,v1.3.2,Cal State Bakersfield Roadrunners,UC Irvine Anteaters,0.0,c4ddac739747b4e3a716d354eeccc2d5ff1e09cc
401809107,300.0,UC Irvine Anteaters,Cal State Bakersfield Roadrunners,away,2026-01-01,2026-01-01,2026-01-01T22:00Z,,81.0,77.0,4.0,0,0,0,0,0,0,0,0,0,0,0.0,,,,,,,,,,0.0,False,True,post,Final,Final,2026-01-21T22:22:56Z,espn,v1.3.2,Cal State Bakersfield Roadrunners,UC Irvine Anteaters,0.0,8f021fbf66a1f879692272d82f41e4db3849528a
401809124,2463.0,Cal State Northridge Matadors,UC Davis Aggies,away,2026-01-01,2026-01-01,2026-01-01T22:00Z,,80.0,89.0,-9.0,0,0,0,0,0,0,0,0,0,0,0.0,,,,,,,,,,0.0,False,True,post,Final,Final,2026-01-21T22:22:57Z,espn,v1.3.2,UC Davis Aggies,Cal State Northridge Matadors,0.0,0dd9c9a4851a5b1b85ada2cfed28f8bb2c129b76
401809124,302.0,UC Davis Aggies,Cal State Northridge Matadors,home,2026-01-01,2026-01-01,2026-01-01T22:00Z,,89.0,80.0,9.0,0,0,0,0,0,0,0,0,0,0,0.0,,,,,,,,,,0.0,False,True,post,Final,Final,2026-01-21T22:22:57Z,espn,v1.3.2,UC Davis Aggies,Cal State Northridge Matadors,0.0,d057f46157a3b70f0ed036c0627e32203a001e86
401818332,2437.0,Omaha Mavericks,South Dakota State Jackrabbits,away,2026-01-01,2026-01-01,2026-01-01T22:15Z,,69.0,84.0,-15.0,0,0,0,0,0,0,0,0,0,0,0.0,,,,,,,,,,0.0,False,True,post,Final,Final,2026-01-21T22:23:00Z,espn,v1.3.2,South Dakota State Jackrabbits,Omaha Mavericks,0.0,fb785d2f1ed58fd00cfa1762739c7d1e84247c09
401818332,2571.0,South Dakota State Jackrabbits,Omaha Mavericks,home,2026-01-01,2026-01-01,2026-01-01T22:15Z,,84.0,69.0,15.0,0,0,0,0,0,0,0,0,0,0,0.0,,,,,,,,,,0.0,False,True,post,Final,Final,2026-01-21T22:23:00Z,espn,v1.3.2,South Dakota State Jackrabbits,Omaha Mavericks,0.0,b55f7a496e05e345d770dfd84e4bc1973ab78c43
401806417,2031.0,Little Rock Trojans,Tennessee Tech Golden Eagles,home,2026-01-01,2026-01-01,2026-01-01T23:00Z,,77.0,58.0,19.0,0,0,0,0,0,0,0,0,0,0,0.0,,,,,,,,,,0.0,False,True,post,Final,Final,2026-01-21T22:22:45Z,espn,v1.3.2,Little Rock Trojans,Tennessee Tech Golden Eagles,1.0,3b5af95b36ee39814cd47f98338ddb7483cfe6ec
401806417,2635.0,Tennessee Tech Golden Eagles,Little Rock Trojans,away,2026-01-01,2026-01-01,2026-01-01T23:00Z,,58.0,77.0,-19.0,0,0,0,0,0,0,0,0,0,0,0.0,,,,,,,,,,0.0,False,True,post,Final,Final,2026-01-21T22:22:45Z,espn,v1.3.2,Little Rock Trojans,Tennessee Tech Golden Eagles,1.0,845b41630a88876032de076ed5086dae1e352cc8
401808501,149.0,Montana Grizzlies,Northern Arizona Lumberjacks,home,2026-01-01,2026-01-01,2026-01-01T23:00Z,,78.0,64.0,14.0,0,0,0,0,0,0,0,0,0,0,0.0,,,,,,,,,,0.0,False,True,post,Final,Final,2026-01-21T22:22:49Z,espn,v1.3.2,Montana Grizzlies,Northern Arizona Lumberjacks,0.0,6043c759e256a81f14a3f260899bbb5a4d2abe31
401808501,2464.0,Northern Arizona Lumberjacks,Montana Grizzlies,away,2026-01-01,2026-01-01,2026-01-01T23:00Z,,64.0,78.0,-14.0,0,0,0,0,0,0,0,0,0,0,0.0,,,,,,,,,,0.0,False,True,post,Final,Final,2026-01-21T22:22:49Z,espn,v1.3.2,Montana Grizzlies,Northern Arizona Lumberjacks,0.0,3bc37dc6a4f128286ad9153e0475504d1671a7b0
401807661,91.0,Bellarmine Knights,West Georgia Wolves,away,2026-01-01,2026-01-02,2026-01-02T00:00Z,,85.0,87.0,-2.0,0,0,0,0,0,0,0,0,0,0,0.0,,,,,,,,,,0.0,False,True,post,Final,Final,2026-01-21T22:22:46Z,espn,v1.3.2,West Georgia Wolves,Bellarmine Knights,0.0,9bc43cc15a04a0a0c2051eee869c05344e2fb2ee
401807661,2698.0,West Georgia Wolves,Bellarmine Knights,home,2026-01-01,2026-01-02,2026-01-02T00:00Z,,87.0,85.0,2.0,0,0,0,0,0,0,0,0,0,0,0.0,,,,,,,,,,0.0,False,True,post,Final,Final,2026-01-21T22:22:46Z,espn,v1.3.2,West Georgia Wolves,Bellarmine Knights,0.0,56d86c9f2867e4b85a1a851e41fc4a74480def88
401807662,2198.0,Eastern Kentucky Colonels,Queens University Royals,away,2026-01-01,2026-01-02,2026-01-02T00:00Z,,89.0,91.0,-2.0,0,0,0,0,0,0,0,0,0,0,0.0,,,,,,,,,,0.0,False,True,post,Final,Final,2026-01-21T22:22:47Z,espn,v1.3.2,Queens University Royals,Eastern Kentucky Colonels,0.0,d4ff0ac2abde3381dde3c15a9d44d00449c867f1
401807662,2511.0,Queens University Royals,Eastern Kentucky Colonels,home,2026-01-01,2026-01-02,2026-01-02T00:00Z,,91.0,89.0,2.0,0,0,0,0,0,0,0,0,0,0,0.0,,,,,,,,,,0.0,False,True,post,Final,Final,2026-01-21T22:22:47Z,espn,v1.3.2,Queens University Royals,Eastern Kentucky Colonels,0.0,26cada4edc2bd2fd456abb8ff9a97f92f91cc754
401830201,2057.0,Belmont Bruins,Bradley Braves,home,2026-01-01,2026-01-02,2026-01-02T00:00Z,,88.0,78.0,10.0,0,0,0,0,0,0,0,0,0,0,0.0,,,,,,,,,,0.0,False,True,post,Final,Final,2026-01-21T22:23:01Z,espn,v1.3.2,Belmont Bruins,Bradley Braves,0.0,4b199e52ca27e28a077ea3f02a1a20e540287c51
401830201,71.0,Bradley Braves,Belmont Bruins,away,2026-01-01,2026-01-02,2026-01-02T00:00Z,,78.0,88.0,-10.0,0,0,0,0,0,0,0,0,0,0,0.0,,,,,,,,,,0.0,False,True,post,Final,Final,2026-01-21T22:23:01Z,espn,v1.3.2,Belmont Bruins,Bradley Braves,0.0,60425b3bad1dab5d7698701ff83716770ee4ceb2
401805157,2000.0,Abilene Christian Wildcats,Utah Tech Trailblazers,home,2026-01-01,2026-01-02,2026-01-02T01:00Z,,64.0,79.0,-15.0,0,0,0,0,0,0,0,0,0,0,0.0,,,,,,,,,,0.0,False,True,post,Final,Final,2026-01-21T22:22:44Z,espn,v1.3.2,Abilene Christian Wildcats,Utah Tech Trailblazers,0.0,13f4fcf328631268d79ebcdb0e3c9354346da265
401805157,3101.0,Utah Tech Trailblazers,Abilene Christian Wildcats,away,2026-01-01,2026-01-02,2026-01-02T01:00Z,,79.0,64.0,15.0,0,0,0,0,0,0,0,0,0,0,0.0,,,,,,,,,,0.0,False,True,post,Final,Final,2026-01-21T22:22:44Z,espn,v1.3.2,Abilene Christian Wildcats,Utah Tech Trailblazers,0.0,f8772c8f9e31cd1008fe912aa32d822f6cf364fd
401805158,2627.0,Tarleton State Texans,Utah Valley Wolverines,home,2026-01-01,2026-01-02,2026-01-02T01:00Z,,85.0,91.0,-6.0,0,0,0,0,0,0,0,0,0,0,0.0,,,,,,,,,,0.0,False,True,post,Final,Final,2026-01-21T22:22:44Z,espn,v1.3.2,Tarleton State Texans,Utah Valley Wolverines,0.0,857603680860412bef98446732203d3b1dea9bc2
401805158,3084.0,Utah Valley Wolverines,Tarleton State Texans,away,2026-01-01,2026-01-02,2026-01-02T01:00Z,,91.0,85.0,6.0,0,0,0,0,0,0,0,0,0,0,0.0,,,,,,,,,,0.0,False,True,post,Final,Final,2026-01-21T22:22:44Z,espn,v1.3.2,Tarleton State Texans,Utah Valley Wolverines,0.0,b77f8c9b291c10cd0858e6fbe8a79f8b6554b106
401807665,2046.0,Austin Peay Governors,North Florida Ospreys,home,2026-01-01,2026-01-02,2026-01-02T01:00Z,,102.0,83.0,19.0,0,0,0,0,0,0,0,0,0,0,0.0,,,,,,,,,,0.0,False,True,post,Final,Final,2026-01-21T22:22:48Z,espn,v1.3.2,Austin Peay Governors,North Florida Ospreys,1.0,d929f0b734be9a054ee7e0e37ac94b9b826442b8
401807665,2454.0,North Florida Ospreys,Austin Peay Governors,away,2026-01-01,2026-01-02,2026-01-02T01:00Z,,83.0,102.0,-19.0,0,0,0,0,0,0,0,0,0,0,0.0,,,,,,,,,,0.0,False,True,post,Final,Final,2026-01-21T22:22:48Z,espn,v1.3.2,Austin Peay Governors,North Florida Ospreys,1.0,9ed8a7244596375b2f8bcda969b42f32d7eca05c
401809140,62.0,Hawai'i Rainbow Warriors,UC Riverside Highlanders,away,2026-01-01,2026-01-02,2026-01-02T01:00Z,,88.0,45.0,43.0,0,0,0,0,0,0,0,0,0,0,0.0,,,,,,,,,,0.0,False,True,post,Final,Final,2026-01-21T22:22:57Z,espn,v1.3.2,UC Riverside Highlanders,Hawai'i Rainbow Warriors,1.0,e47d7ef1dacc5125f05485950c29b96a056d734e
401809140,27.0,UC Riverside Highlanders,Hawai'i Rainbow Warriors,home,2026-01-01,2026-01-02,2026-01-02T01:00Z,,45.0,88.0,-43.0,0,0,0,0,0,0,0,0,0,0,0.0,,,,,,,,,,0.0,False,True,post,Final,Final,2026-01-21T22:22:57Z,espn,v1.3.2,UC Riverside Highlanders,Hawai'i Rainbow Warriors,1.0,502f76afc0a2de99257a75fa4828f3cd9a79fe14
401830257,282.0,Indiana State Sycamores,Northern Iowa Panthers,away,2026-01-01,2026-01-02,2026-01-02T01:00Z,,66.0,75.0,-9.0,0,0,0,0,0,0,0,0,0,0,0.0,,,,,,,,,,0.0,False,True,post,Final,Final,2026-01-21T22:23:02Z,espn,v1.3.2,Northern Iowa Panthers,Indiana State Sycamores,0.0,0928a26d75a4e362e09d04addf33ede953b6943a
401830257,2460.0,Northern Iowa Panthers,Indiana State Sycamores,home,2026-01-01,2026-01-02,2026-01-02T01:00Z,,75.0,66.0,9.0,0,0,0,0,0,0,0,0,0,0,0.0,,,,,,,,,,0.0,False,True,post,Final,Final,2026-01-21T22:23:02Z,espn,v1.3.2,Northern Iowa Panthers,Indiana State Sycamores,0.0,5736b078b4ecdbeedb83f720b884ed4616de7952
401806415,2197.0,Eastern Illinois Panthers,Southeast Missouri State Redhawks,away,2026-01-01,2026-01-02,2026-01-02T01:30Z,,59.0,68.0,-9.0,0,0,0,0,0,0,0,0,0,0,0.0,,,,,,,,,,0.0,False,True,post,Final,Final,2026-01-21T22:22:45Z,espn,v1.3.2,Southeast Missouri State Redhawks,Eastern Illinois Panthers,0.0,17e83208bf59729b16acb766e263e0a1d5d22cdd
401806415,2546.0,Southeast Missouri State Redhawks,Eastern Illinois Panthers,home,2026-01-01,2026-01-02,2026-01-02T01:30Z,,68.0,59.0,9.0,0,0,0,0,0,0,0,0,0,0,0.0,,,,,,,,,,0.0,False,True,post,Final,Final,2026-01-21T22:22:45Z,espn,v1.3.2,Southeast Missouri State Redhawks,Eastern Illinois Panthers,0.0,a01c6b98649fecfdd9099e8c9ffb7bec5a3835b3
401808487,304.0,Idaho State Bengals,Sacramento State Hornets,home,2026-01-01,2026-01-02,2026-01-02T02:00Z,,97.0,84.0,13.0,0,0,0,0,0,0,0,0,0,0,0.0,,,,,,,,,,0.0,False,True,post,Final,Final,2026-01-21T22:22:49Z,espn,v1.3.2,Idaho State Bengals,Sacramento State Hornets,0.0,98fc1bca82faa2022caa7c72f2ec08b7a08bbc1f
401808487,16.0,Sacramento State Hornets,Idaho State Bengals,away,2026-01-01,2026-01-02,2026-01-02T02:00Z,,84.0,97.0,-13.0,0,0,0,0,0,0,0,0,0,0,0.0,,,,,,,,,,0.0,False,True,post,Final,Final,2026-01-21T22:22:49Z,espn,v1.3.2,Idaho State Bengals,Sacramento State Hornets,0.0,be8f06ae84e05f755c067d4d262cd78224c1be9e
401808513,147.0,Montana State Bobcats,Northern Colorado Bears,home,2026-01-01,2026-01-02,2026-01-02T02:00Z,,89.0,75.0,14.0,0,0,0,0,0,0,0,0,0,0,0.0,,,,,,,,,,0.0,False,True,post,Final,Final,2026-01-21T22:22:49Z,espn,v1.3.2,Montana State Bobcats,Northern Colorado Bears,0.0,68dba1722d3500be56bfdfd403fc5c51cc07cec1
401808513,2458.0,Northern Colorado Bears,Montana State Bobcats,away,2026-01-01,2026-01-02,2026-01-02T02:00Z,,75.0,89.0,-14.0,0,0,0,0,0,0,0,0,0,0,0.0,,,,,,,,,,0.0,False,True,post,Final,Final,2026-01-21T22:22:49Z,espn,v1.3.2,Montana State Bobcats,Northern Colorado Bears,0.0,6fa026719e3f4ff8be64fac5c95c7d6226ff3b0c
401830256,93.0,Murray State Racers,UIC Flames,away,2026-01-01,2026-01-02,2026-01-02T02:00Z,,81.0,77.0,4.0,0,0,0,0,0,0,0,0,0,0,0.0,,,,,,,,,,0.0,False,True,post,Final,Final,2026-01-21T22:23:01Z,espn,v1.3.2,UIC Flames,Murray State Racers,0.0,0aeee40fe8010522a986afbb8339c2e29c2eb3ee
401830256,82.0,UIC Flames,Murray State Racers,home,2026-01-01,2026-01-02,2026-01-02T02:00Z,,77.0,81.0,-4.0,0,0,0,0,0,0,0,0,0,0,0.0,,,,,,,,,,0.0,False,True,post,Final,Final,2026-01-21T22:23:01Z,espn,v1.3.2,UIC Flames,Murray State Racers,0.0,a8b34ca44c634234af8beefa15e06f7786abddd3
401809086,13.0,Cal Poly Mustangs,UC San Diego Tritons,home,2026-01-01,2026-01-02,2026-01-02T03:00Z,,67.0,65.0,2.0,0,0,0,0,0,0,0,0,0,0,0.0,,,,,,,,,,0.0,False,True,post,Final,Final,2026-01-21T22:22:56Z,espn,v1.3.2,Cal Poly Mustangs,UC San Diego Tritons,0.0,abac4c793a02b2e17adee759fdf0b40b981352f8
401809086,28.0,UC San Diego Tritons,Cal Poly Mustangs,away,2026-01-01,2026-01-02,2026-01-02T03:00Z,,65.0,67.0,-2.0,0,0,0,0,0,0,0,0,0,0,0.0,,,,,,,,,,0.0,False,True,post,Final,Final,2026-01-21T22:22:56Z,espn,v1.3.2,Cal Poly Mustangs,UC San Diego Tritons,0.0,09ec5cc294082ec5160ae4cf434a4f815f90ebce
401823177,2239.0,Cal State Fullerton Titans,UC Santa Barbara Gauchos,home,2026-01-01,2026-01-02,2026-01-02T03:00Z,,95.0,84.0,11.0,0,0,0,0,0,0,0,0,0,0,0.0,,,,,,,,,,0.0,False,True,post,Final,Final,2026-01-21T22:23:00Z,espn,v1.3.2,Cal State Fullerton Titans,UC Santa Barbara Gauchos,0.0,7bd69b3b4b135198f19db04ddcec82ee013069e5
401823177,2540.0,UC Santa Barbara Gauchos,Cal State Fullerton Titans,away,2026-01-01,2026-01-02,2026-01-02T03:00Z,,84.0,95.0,-11.0,0,0,0,0,0,0,0,0,0,0,0.0,,,,,,,,,,0.0,False,True,post,Final,Final,2026-01-21T22:23:00Z,espn,v1.3.2,Cal State Fullerton Titans,UC Santa Barbara Gauchos,0.0,57769fc110f303ee17a5ddc9eeaab828e4217225
401825411,130.0,Michigan Wolverines,USC Trojans,home,2026-01-02,2026-01-03,2026-01-03T00:00Z,,96.0,66.0,30.0,0,0,0,0,0,0,0,0,0,0,0.0,,,,,,,,,,0.0,False,True,post,Final,Final,2026-01-21T22:23:03Z,espn,v1.3.2,Michigan Wolverines,USC Trojans,1.0,ca8124515c0bb76109db66557d2b1696d60f05f8
401825411,30.0,USC Trojans,Michigan Wolverines,away,2026-01-02,2026-01-03,2026-01-03T00:00Z,,66.0,96.0,-30.0,0,0,0,0,0,0,0,0,0,0,0.0,,,,,,,,,,0.0,False,True,post,Final,Final,2026-01-21T22:23:03Z,espn,v1.3.2,Michigan Wolverines,USC Trojans,1.0,4983b4348c45caa2ecf0c6cb1b2175d148a0c8a3
401820643,97.0,Louisville Cardinals,Stanford Cardinal,away,2026-01-02,2026-01-03,2026-01-03T01:00Z,,76.0,80.0,-4.0,0,0,0,0,0,0,0,0,0,0,0.0,,,,,,,,,,0.0,False,True,post,Final,Final,2026-01-21T22:23:03Z,espn,v1.3.2,Stanford Cardinal,Louisville Cardinals,0.0,fa14be94080239d69954c831d5b218f883a07e06
401820643,24.0,Stanford Cardinal,Louisville Cardinals,home,2026-01-02,2026-01-03,2026-01-03T01:00Z,,80.0,76.0,4.0,0,0,0,0,0,0,0,0,0,0,0.0,,,,,,,,,,0.0,False,True,post,Final,Final,2026-01-21T22:23:03Z,espn,v1.3.2,Stanford Cardinal,Louisville Cardinals,0.0,364fbca1cc068e053d70ed0ce60c46c97b82f432
401825412,127.0,Michigan State Spartans,Nebraska Cornhuskers,away,2026-01-02,2026-01-03,2026-01-03T02:00Z,,56.0,58.0,-2.0,0,0,0,0,0,0,0,0,0,0,0.0,,,,,,,,,,0.0,False,True,post,Final,Final,2026-01-21T22:23:04Z,espn,v1.3.2,Nebraska Cornhuskers,Michigan State Spartans,0.0,49c6a1f7c5cbee3d8317bda59c38ce8083f31124
401825412,158.0,Nebraska Cornhuskers,Michigan State Spartans,home,2026-01-02,2026-01-03,2026-01-03T02:00Z,,58.0,56.0,2.0,0,0,0,0,0,0,0,0,0,0,0.0,,,,,,,,,,0.0,False,True,post,Final,Final,2026-01-21T22:23:04Z,espn,v1.3.2,Nebraska Cornhuskers,Michigan State Spartans,0.0,7d365c5c619a0ab2c672189486cc3e260454936e
401827592,66.0,Iowa State Cyclones,West Virginia Mountaineers,home,2026-01-02,2026-01-03,2026-01-03T02:00Z,,80.0,59.0,21.0,0,0,0,0,0,0,0,0,0,0,0.0,,,,,,,,,,0.0,False,True,post,Final,Final,2026-01-21T22:23:04Z,espn,v1.3.2,Iowa State Cyclones,West Virginia Mountaineers,1.0,da4fffa398349e5553b35f3e4efff61a359e4871
401827592,277.0,West Virginia Mountaineers,Iowa State Cyclones,away,2026-01-02,2026-01-03,2026-01-03T02:00Z,,59.0,80.0,-21.0,0,0,0,0,0,0,0,0,0,0,0.0,,,,,,,,,,0.0,False,True,post,Final,Final,2026-01-21T22:23:04Z,espn,v1.3.2,Iowa State Cyclones,West Virginia Mountaineers,1.0,7ba701bfcbd68172fb5c2ed8c0c884d367fb6160
401829180,2250.0,Gonzaga Bulldogs,Seattle U Redhawks,home,2026-01-02,2026-01-03,2026-01-03T02:00Z,,80.0,72.0,8.0,0,0,0,0,0,0,0,0,0,0,0.0,,,,,,,,,,0.0,False,True,post,Final,Final/OT,2026-01-21T22:23:05Z,espn,v1.3.2,Gonzaga Bulldogs,Seattle U Redhawks,0.0,f6e4176d23384ae18381b6144ae2ae57d7450a38
401829180,2547.0,Seattle U Redhawks,Gonzaga Bulldogs,away,2026-01-02,2026-01-03,2026-01-03T02:00Z,,72.0,80.0,-8.0,0,0,0,0,0,0,0,0,0,0,0.0,,,,,,,,,,0.0,False,True,post,Final,Final/OT,2026-01-21T22:23:05Z,espn,v1.3.2,Gonzaga Bulldogs,Seattle U Redhawks,0.0,74beb3851bd4227f97c97c2f006a35bf4c83f527
401820646,152.0,NC State Wolfpack,Virginia Cavaliers,home,2026-01-03,2026-01-03,2026-01-03T16:00Z,,61.0,76.0,-15.0,0,0,0,0,0,0,0,0,0,0,0.0,,,,,,,,,,0.0,False,True,post,Final,Final,2026-01-21T22:23:07Z,espn,v1.3.2,NC State Wolfpack,Virginia Cavaliers,0.0,fac3eedff6426557632c913903557a171d452f8b
401820646,258.0,Virginia Cavaliers,NC State Wolfpack,away,2026-01-03,2026-01-03,2026-01-03T16:00Z,,76.0,61.0,15.0,0,0,0,0,0,0,0,0,0,0,0.0,,,,,,,,,,0.0,False,True,post,Final,Final,2026-01-21T22:23:07Z,espn,v1.3.2,NC State Wolfpack,Virginia Cavaliers,0.0,7ba786289681cf10c305509a082e0f88a8a42042
401808152,333.0,Alabama Crimson Tide,Kentucky Wildcats,home,2026-01-03,2026-01-03,2026-01-03T17:00Z,,89.0,74.0,15.0,0,0,0,0,0,0,0,0,0,0,0.0,,,,,,,,,,0.0,False,True,post,Final,Final,2026-01-21T22:23:07Z,espn,v1.3.2,Alabama Crimson Tide,Kentucky Wildcats,0.0,a7d8a9e57ea62d4c957033d2bf05aa8655aea0bc
401808152,96.0,Kentucky Wildcats,Alabama Crimson Tide,away,2026-01-03,2026-01-03,2026-01-03T17:00Z,,74.0,89.0,-15.0,0,0,0,0,0,0,0,0,0,0,0.0,,,,,,,,,,0.0,False,True,post,Final,Final,2026-01-21T22:23:07Z,espn,v1.3.2,Alabama Crimson Tide,Kentucky Wildcats,0.0,765ff559a17b3f884e0a51f83d3ea292fd5eb87e
401808146,2.0,Auburn Tigers,Georgia Bulldogs,away,2026-01-03,2026-01-03,2026-01-03T18:00Z,,100.0,104.0,-4.0,0,0,0,0,0,0,0,0,0,0,0.0,,,,,,,,,,0.0,False,True,post,Final,Final/OT,2026-01-21T22:23:05Z,espn,v1.3.2,Georgia Bulldogs,Auburn Tigers,0.0,8d5f09ba9f6c673df415233364a2182e3138a458
401808146,61.0,Georgia Bulldogs,Auburn Tigers,home,2026-01-03,2026-01-03,2026-01-03T18:00Z,,104.0,100.0,4.0,0,0,0,0,0,0,0,0,0,0,0.0,,,,,,,,,,0.0,False,True,post,Final,Final/OT,2026-01-21T22:23:05Z,espn,v1.3.2,Georgia Bulldogs,Auburn Tigers,0.0,aba7edb9e707ea39b7790463f89c8edc3669c8db
401827598,197.0,Oklahoma State Cowboys,Texas Tech Red Raiders,away,2026-01-03,2026-01-03,2026-01-03T18:00Z,,80.0,102.0,-22.0,0,0,0,0,0,0,0,0,0,0,0.0,,,,,,,,,,0.0,False,True,post,Final,Final,2026-01-21T22:23:10Z,espn,v1.3.2,Texas Tech Red Raiders,Oklahoma State Cowboys,1.0,48c85fb584c7e6d106218a332e4e5e6fd487c2f4
401827598,2641.0,Texas Tech Red Raiders,Oklahoma State Cowboys,home,2026-01-03,2026-01-03,2026-01-03T18:00Z,,102.0,80.0,22.0,0,0,0,0,0,0,0,0,0,0,0.0,,,,,,,,,,0.0,False,True,post,Final,Final,2026-01-21T22:23:10Z,espn,v1.3.2,Texas Tech Red Raiders,Oklahoma State Cowboys,1.0,dc19b915f73ae5829dffa56f603795dca26a8b2b
401827596,252.0,BYU Cougars,Kansas State Wildcats,away,2026-01-03,2026-01-03,2026-01-03T18:30Z,,83.0,73.0,10.0,0,0,0,0,0,0,0,0,0,0,0.0,,,,,,,,,,0.0,False,True,post,Final,Final,2026-01-21T22:23:10Z,espn,v1.3.2,Kansas State Wildcats,BYU Cougars,0.0,0adc51cca8bfb00fd5a67cd889654252681e3a80
401827596,2306.0,Kansas State Wildcats,BYU Cougars,home,2026-01-03,2026-01-03,2026-01-03T18:30Z,,73.0,83.0,-10.0,0,0,0,0,0,0,0,0,0,0,0.0,,,,,,,,,,0.0,False,True,post,Final,Final,2026-01-21T22:23:10Z,espn,v1.3.2,Kansas State Wildcats,BYU Cougars,0.0,7848c20c2fd89da4a8063c9e25dfbc89757f6dcc
401808148,2579.0,South Carolina Gamecocks,Vanderbilt Commodores,home,2026-01-03,2026-01-03,2026-01-03T19:00Z,,71.0,83.0,-12.0,0,0,0,0,0,0,0,0,0,0,0.0,,,,,,,,,,0.0,False,True,post,Final,Final,2026-01-21T22:23:06Z,espn,v1.3.2,South Carolina Gamecocks,Vanderbilt Commodores,0.0,ec298ba34c5891590c26f7ae60941546c36bd10a
401808148,238.0,Vanderbilt Commodores,South Carolina Gamecocks,away,2026-01-03,2026-01-03,2026-01-03T19:00Z,,83.0,71.0,12.0,0,0,0,0,0,0,0,0,0,0,0.0,,,,,,,,,,0.0,False,True,post,Final,Final,2026-01-21T22:23:06Z,espn,v1.3.2,South Carolina Gamecocks,Vanderbilt Commodores,0.0,b454f578a6802faaace231b6e22009c34f518c24
401827594,2305.0,Kansas Jayhawks,UCF Knights,away,2026-01-03,2026-01-03,2026-01-03T19:00Z,,75.0,81.0,-6.0,0,0,0,0,0,0,0,0,0,0,0.0,,,,,,,,,,0.0,False,True,post,Final,Final,2026-01-21T22:23:09Z,espn,v1.3.2,UCF Knights,Kansas Jayhawks,0.0,c87a9441b0d453357adcd20c9378eb0b0bf32852
401827594,2116.0,UCF Knights,Kansas Jayhawks,home,2026-01-03,2026-01-03,2026-01-03T19:00Z,,81.0,75.0,6.0,0,0,0,0,0,0,0,0,0,0,0.0,,,,,,,,,,0.0,False,True,post,Final,Final,2026-01-21T22:23:09Z,espn,v1.3.2,UCF Knights,Kansas Jayhawks,0.0,7f5921552a7e098a2b0296422f1c089662e75c83
401827595,2132.0,Cincinnati Bearcats,Houston Cougars,home,2026-01-03,2026-01-03,2026-01-03T19:00Z,,60.0,67.0,-7.0,0,0,0,0,0,0,0,0,0,0,0.0,,,,,,,,,,0.0,False,True,post,Final,Final,2026-01-21T22:23:09Z,espn,v1.3.2,Cincinnati Bearcats,Houston Cougars,0.0,33f560e6b6a7a205ef21eb1b71e01bb92b0c29f4
401827595,248.0,Houston Cougars,Cincinnati Bearcats,away,2026-01-03,2026-01-03,2026-01-03T19:00Z,,67.0,60.0,7.0,0,0,0,0,0,0,0,0,0,0,0.0,,,,,,,,,,0.0,False,True,post,Final,Final,2026-01-21T22:23:09Z,espn,v1.3.2,Cincinnati Bearcats,Houston Cougars,0.0,9f68a09c617d749103119f904735a385ff3c0eb6
401820648,153.0,North Carolina Tar Heels,SMU Mustangs,away,2026-01-03,2026-01-03,2026-01-03T19:15Z,,83.0,97.0,-14.0,0,0,0,0,0,0,0,0,0,0,0.0,,,,,,,,,,0.0,False,True,post,Final,Final,2026-01-21T22:23:08Z,espn,v1.3.2,SMU Mustangs,North Carolina Tar Heels,0.0,bfb34efd36edf941ed70763116c7b2cf92580af5
401820648,2567.0,SMU Mustangs,North Carolina Tar Heels,home,2026-01-03,2026-01-03,2026-01-03T19:15Z,,97.0,83.0,14.0,0,0,0,0,0,0,0,0,0,0,0.0,,,,,,,,,,0.0,False,True,post,Final,Final,2026-01-21T22:23:08Z,espn,v1.3.2,SMU Mustangs,North Carolina Tar Heels,0.0,af847fde48cd6ca3f831f2e99310604c3d67bd10
401808145,8.0,Arkansas Razorbacks,Tennessee Volunteers,home,2026-01-03,2026-01-03,2026-01-03T20:10Z,,86.0,75.0,11.0,0,0,0,0,0,0,0,0,0,0,0.0,,,,,,,,,,0.0,False,True,post,Final,Final,2026-01-21T22:23:05Z,espn,v1.3.2,Arkansas Razorbacks,Tennessee Volunteers,0.0,3942dc9e0f7ff9ac7434dee247f668acb546ea31
401808145,2633.0,Tennessee Volunteers,Arkansas Razorbacks,away,2026-01-03,2026-01-03,2026-01-03T20:10Z,,75.0,86.0,-11.0,0,0,0,0,0,0,0,0,0,0,0.0,,,,,,,,,,0.0,False,True,post,Final,Final,2026-01-21T22:23:05Z,espn,v1.3.2,Arkansas Razorbacks,Tennessee Volunteers,0.0,cd763fa0138d0b5b3c3312a29caf83890c970111
401820644,150.0,Duke Blue Devils,Florida State Seminoles,away,2026-01-03,2026-01-03,2026-01-03T20:45Z,,91.0,87.0,4.0,0,0,0,0,0,0,0,0,0,0,0.0,,,,,,,,,,0.0,False,True,post,Final,Final,2026-01-21T22:23:07Z,espn,v1.3.2,Florida State Seminoles,Duke Blue Devils,0.0,3164b06f8ed0177e8d304e5ab1ec63ed8feaeb9d
401820644,52.0,Florida State Seminoles,Duke Blue Devils,home,2026-01-03,2026-01-03,2026-01-03T20:45Z,,87.0,91.0,-4.0,0,0,0,0,0,0,0,0,0,0,0.0,,,,,,,,,,0.0,False,True,post,Final,Final,2026-01-21T22:23:07Z,espn,v1.3.2,Florida State Seminoles,Duke Blue Devils,0.0,62161164b62557196849fc8e562018c4079e758e
401827599,12.0,Arizona Wildcats,Utah Utes,away,2026-01-03,2026-01-03,2026-01-03T21:00Z,,97.0,78.0,19.0,0,0,0,0,0,0,0,0,0,0,0.0,,,,,,,,,,0.0,False,True,post,Final,Final,2026-01-21T22:23:10Z,espn,v1.3.2,Utah Utes,Arizona Wildcats,1.0,a53e0dc5dce477a2980e60786ba05a9693184bbb
401827599,254.0,Utah Utes,Arizona Wildcats,home,2026-01-03,2026-01-03,2026-01-03T21:00Z,,78.0,97.0,-19.0,0,0,0,0,0,0,0,0,0,0,0.0,,,,,,,,,,0.0,False,True,post,Final,Final,2026-01-21T22:23:10Z,espn,v1.3.2,Utah Utes,Arizona Wildcats,1.0,be842f20956e7179e9d5c1c6b164b153a407f3be
401825414,2294.0,Iowa Hawkeyes,UCLA Bruins,home,2026-01-03,2026-01-03,2026-01-03T23:00Z,,74.0,61.0,13.0,0,0,0,0,0,0,0,0,0,0,0.0,,,,,,,,,,0.0,False,True,post,Final,Final,2026-01-21T22:23:08Z,espn,v1.3.2,Iowa Hawkeyes,UCLA Bruins,0.0,fb9f0b5faf0ef8c21c84067ae048957dc804b1f0
401825414,26.0,UCLA Bruins,Iowa Hawkeyes,away,2026-01-03,2026-01-03,2026-01-03T23:00Z,,61.0,74.0,-13.0,0,0,0,0,0,0,0,0,0,0,0.0,,,,,,,,,,0.0,False,True,post,Final,Final,2026-01-21T22:23:08Z,espn,v1.3.2,Iowa Hawkeyes,UCLA Bruins,0.0,5929f92a54ba41ef09cb6953c5663abfae94c06f
401825416,356.0,Illinois Fighting Illini,Penn State Nittany Lions,away,2026-01-03,2026-01-04,2026-01-04T00:00Z,,73.0,65.0,8.0,0,0,0,0,0,0,0,0,0,0,0.0,,,,,,,,,,0.0,False,True,post,Final,Final,2026-01-21T22:23:08Z,espn,v1.3.2,Penn State Nittany Lions,Illinois Fighting Illini,0.0,9e4308815374c5716ebd18594f418d6e507190c7
401825416,213.0,Penn State Nittany Lions,Illinois Fighting Illini,home,2026-01-03,2026-01-04,2026-01-04T00:00Z,,65.0,73.0,-8.0,0,0,0,0,0,0,0,0,0,0,0.0,,,,,,,,,,0.0,False,True,post,Final,Final,2026-01-21T22:23:08Z,espn,v1.3.2,Penn State Nittany Lions,Illinois Fighting Illini,0.0,29891edb01cd84624ddb27f3a5eef468a9609f06
401825417,2509.0,Purdue Boilermakers,Wisconsin Badgers,away,2026-01-03,2026-01-04,2026-01-04T01:00Z,,89.0,73.0,16.0,0,0,0,0,0,0,0,0,0,0,0.0,,,,,,,,,,0.0,False,True,post,Final,Final,2026-01-21T22:23:08Z,espn,v1.3.2,Wisconsin Badgers,Purdue Boilermakers,0.0,6fbf67d0cc6a0942232c96f91009b2b475596ef8
401825417,275.0,Wisconsin Badgers,Purdue Boilermakers,home,2026-01-03,2026-01-04,2026-01-04T01:00Z,,73.0,89.0,-16.0,0,0,0,0,0,0,0,0,0,0,0.0,,,,,,,,,,0.0,False,True,post,Final,Final,2026-01-21T22:23:08Z,espn,v1.3.2,Wisconsin Badgers,Purdue Boilermakers,0.0,ae66faa0e3bf4d2fa0432b8528688297b3a6e467
401808147,57.0,Florida Gators,Missouri Tigers,away,2026-01-03,2026-01-04,2026-01-04T01:30Z,,74.0,76.0,-2.0,0,0,0,0,0,0,0,0,0,0,0.0,,,,,,,,,,0.0,False,True,post,Final,Final,2026-01-21T22:23:06Z,espn,v1.3.2,Missouri Tigers,Florida Gators,0.0,aa63f86a605217b6e49b242011f35bc084a8084d
401808147,142.0,Missouri Tigers,Florida Gators,home,2026-01-03,2026-01-04,2026-01-04T01:30Z,,76.0,74.0,2.0,0,0,0,0,0,0,0,0,0,0,0.0,,,,,,,,,,0.0,False,True,post,Final,Final,2026-01-21T22:23:06Z,espn,v1.3.2,Missouri Tigers,Florida Gators,0.0,9cfc6b7d666597026f46a75be70b0c76ac05e46f
401822885,269.0,Marquette Golden Eagles,UConn Huskies,away,2026-01-04,2026-01-04,2026-01-04T19:00Z,,57.0,73.0,-16.0,0,0,0,0,0,0,0,0,0,0,0.0,,,,,,,,,,0.0,False,True,post,Final,Final,2026-01-21T22:23:11Z,espn,v1.3.2,UConn Huskies,Marquette Golden Eagles,0.0,a2a722e0b94c959b12203a5755a3b226d2493b64
401822885,41.0,UConn Huskies,Marquette Golden Eagles,home,2026-01-04,2026-01-04,2026-01-04T19:00Z,,73.0,57.0,16.0,0,0,0,0,0,0,0,0,0,0,0.0,,,,,,,,,,0.0,False,True,post,Final,Final,2026-01-21T22:23:11Z,espn,v1.3.2,UConn Huskies,Marquette Golden Eagles,0.0,afeb61ff9d313e798d7d94d040a7c7e68db6ec85
401829181,2250.0,Gonzaga Bulldogs,Loyola Marymount Lions,home,2026-01-04,2026-01-05,2026-01-05T02:00Z,,82.0,47.0,35.0,0,0,0,0,0,0,0,0,0,0,0.0,,,,,,,,,,0.0,False,True,post,Final,Final,2026-01-21T22:23:11Z,espn,v1.3.2,Gonzaga Bulldogs,Loyola Marymount Lions,1.0,c710a99a7251e010063d68b81ce39235c643f5ba
401829181,2351.0,Loyola Marymount Lions,Gonzaga Bulldogs,away,2026-01-04,2026-01-05,2026-01-05T02:00Z,,47.0,82.0,-35.0,0,0,0,0,0,0,0,0,0,0,0.0,,,,,,,,,,0.0,False,True,post,Final,Final,2026-01-21T22:23:11Z,espn,v1.3.2,Gonzaga Bulldogs,Loyola Marymount Lions,1.0,a4f7c8bc918cc28f861d59d66142b3bbd277292d
401825420,158.0,Nebraska Cornhuskers,Ohio State Buckeyes,away,2026-01-05,2026-01-05,2026-01-05T23:30Z,,72.0,69.0,3.0,0,0,0,0,0,0,0,0,0,0,0.0,,,,,,,,,,0.0,False,True,post,Final,Final,2026-01-21T22:23:12Z,espn,v1.3.2,Ohio State Buckeyes,Nebraska Cornhuskers,0.0,2c46891f6de984200d01c8f1d4454057417de357
401825420,194.0,Ohio State Buckeyes,Nebraska Cornhuskers,home,2026-01-05,2026-01-05,2026-01-05T23:30Z,,69.0,72.0,-3.0,0,0,0,0,0,0,0,0,0,0,0.0,,,,,,,,,,0.0,False,True,post,Final,Final,2026-01-21T22:23:12Z,espn,v1.3.2,Ohio State Buckeyes,Nebraska Cornhuskers,0.0,7bf3393feb39a913153fe6e6257ee9bee7ef82f3
401825419,127.0,Michigan State Spartans,USC Trojans,home,2026-01-05,2026-01-06,2026-01-06T01:30Z,,80.0,51.0,29.0,0,0,0,0,0,0,0,0,0,0,0.0,,,,,,,,,,0.0,False,True,post,Final,Final,2026-01-21T22:23:11Z,espn,v1.3.2,Michigan State Spartans,USC Trojans,1.0,6fa426466b139167fc1473fe0009f50932a4320b
401825419,30.0,USC Trojans,Michigan State Spartans,away,2026-01-05,2026-01-06,2026-01-06T01:30Z,,51.0,80.0,-29.0,0,0,0,0,0,0,0,0,0,0,0.0,,,,,,,,,,0.0,False,True,post,Final,Final,2026-01-21T22:23:11Z,espn,v1.3.2,Michigan State Spartans,USC Trojans,1.0,160c6862128e283abb7543bc963b2b43a4b5b763
401808153,57.0,Florida Gators,Georgia Bulldogs,home,2026-01-06,2026-01-07,2026-01-07T00:00Z,,92.0,77.0,15.0,0,0,0,0,0,0,0,0,0,0,0.0,,,,,,,,,,0.0,False,True,post,Final,Final,2026-01-21T22:23:12Z,espn,v1.3.2,Florida Gators,Georgia Bulldogs,0.0,961cf6381bfdd07d726b128debeed2284c18765e
401808153,61.0,Georgia Bulldogs,Florida Gators,away,2026-01-06,2026-01-07,2026-01-07T00:00Z,,77.0,92.0,-15.0,0,0,0,0,0,0,0,0,0,0,0.0,,,,,,,,,,0.0,False,True,post,Final,Final,2026-01-21T22:23:12Z,espn,v1.3.2,Florida Gators,Georgia Bulldogs,0.0,c299bc74cef6fbb83bc0b8a678379eb800903668
401820650,150.0,Duke Blue Devils,Louisville Cardinals,away,2026-01-06,2026-01-07,2026-01-07T00:00Z,,84.0,73.0,11.0,0,0,0,0,0,0,0,0,0,0,0.0,,,,,,,,,,0.0,False,True,post,Final,Final,2026-01-21T22:23:13Z,espn,v1.3.2,Louisville Cardinals,Duke Blue Devils,0.0,54e726e9f9ab627731c6554d6441ec23df45ddda
401820650,97.0,Louisville Cardinals,Duke Blue Devils,home,2026-01-06,2026-01-07,2026-01-07T00:00Z,,73.0,84.0,-11.0,0,0,0,0,0,0,0,0,0,0,0.0,,,,,,,,,,0.0,False,True,post,Final,Final,2026-01-21T22:23:13Z,espn,v1.3.2,Louisville Cardinals,Duke Blue Devils,0.0,51c7628c942a22a989a8e98003e1b48368b3f5da
401825423,130.0,Michigan Wolverines,Penn State Nittany Lions,away,2026-01-06,2026-01-07,2026-01-07T00:00Z,,74.0,72.0,2.0,0,0,0,0,0,0,0,0,0,0,0.0,,,,,,,,,,0.0,False,True,post,Final,Final,2026-01-21T22:23:13Z,espn,v1.3.2,Penn State Nittany Lions,Michigan Wolverines,0.0,29708f1db1792eff206004ee968b0d346d075160
401825423,213.0,Penn State Nittany Lions,Michigan Wolverines,home,2026-01-06,2026-01-07,2026-01-07T00:00Z,,72.0,74.0,-2.0,0,0,0,0,0,0,0,0,0,0,0.0,,,,,,,,,,0.0,False,True,post,Final,Final,2026-01-21T22:23:13Z,espn,v1.3.2,Penn State Nittany Lions,Michigan Wolverines,0.0,9e8da920ae7e6963b6c0d71a7ad19a62e0bd6f42
401825422,2294.0,Iowa Hawkeyes,Minnesota Golden Gophers,away,2026-01-06,2026-01-07,2026-01-07T01:00Z,,67.0,70.0,-3.0,0,0,0,0,0,0,0,0,0,0,0.0,,,,,,,,,,0.0,False,True,post,Final,Final,2026-01-21T22:23:13Z,espn,v1.3.2,Minnesota Golden Gophers,Iowa Hawkeyes,0.0,063e42d508ba8cb350cbe7157f343fe5bb9a01e4
401825422,135.0,Minnesota Golden Gophers,Iowa Hawkeyes,home,2026-01-06,2026-01-07,2026-01-07T01:00Z,,70.0,67.0,3.0,0,0,0,0,0,0,0,0,0,0,0.0,,,,,,,,,,0.0,False,True,post,Final,Final,2026-01-21T22:23:13Z,espn,v1.3.2,Minnesota Golden Gophers,Iowa Hawkeyes,0.0,daec927d5f359bef7d3ffa469fac93bee9f9eb11
401827602,197.0,Oklahoma State Cowboys,UCF Knights,home,2026-01-06,2026-01-07,2026-01-07T01:00Z,,87.0,76.0,11.0,0,0,0,0,0,0,0,0,0,0,0.0,,,,,,,,,,0.0,False,True,post,Final,Final,2026-01-21T22:23:14Z,espn,v1.3.2,Oklahoma State Cowboys,UCF Knights,0.0,a611cb6370b884b89193eb1fff040dfd612c6fd4
401827602,2116.0,UCF Knights,Oklahoma State Cowboys,away,2026-01-06,2026-01-07,2026-01-07T01:00Z,,76.0,87.0,-11.0,0,0,0,0,0,0,0,0,0,0,0.0,,,,,,,,,,0.0,False,True,post,Final,Final,2026-01-21T22:23:14Z,espn,v1.3.2,Oklahoma State Cowboys,UCF Knights,0.0,eebc76ea1a6cdc3080f91fcb4b7aa93ee37317c9
401808160,2633.0,Tennessee Volunteers,Texas Longhorns,home,2026-01-06,2026-01-07,2026-01-07T02:00Z,,85.0,71.0,14.0,0,0,0,0,0,0,0,0,0,0,0.0,,,,,,,,,,0.0,False,True,post,Final,Final,2026-01-21T22:23:12Z,espn,v1.3.2,Tennessee Volunteers,Texas Longhorns,0.0,09be056aa317caf29309886c9d39c636c0359837
401808160,251.0,Texas Longhorns,Tennessee Volunteers,away,2026-01-06,2026-01-07,2026-01-07T02:00Z,,71.0,85.0,-14.0,0,0,0,0,0,0,0,0,0,0,0.0,,,,,,,,,,0.0,False,True,post,Final,Final,2026-01-21T22:23:12Z,espn,v1.3.2,Tennessee Volunteers,Texas Longhorns,0.0,0d87cb74ce3d20678e8e6c3e0fb25b2d276a19fb
401827600,248.0,Houston Cougars,Texas Tech Red Raiders,home,2026-01-06,2026-01-07,2026-01-07T02:00Z,,69.0,65.0,4.0,0,0,0,0,0,0,0,0,0,0,0.0,,,,,,,,,,0.0,False,True,post,Final,Final,2026-01-21T22:23:14Z,espn,v1.3.2,Houston Cougars,Texas Tech Red Raiders,0.0,100c26178caa06d11c4244ea6a09377b7932d462
401827600,2641.0,Texas Tech Red Raiders,Houston Cougars,away,2026-01-06,2026-01-07,2026-01-07T02:00Z,,65.0,69.0,-4.0,0,0,0,0,0,0,0,0,0,0,0.0,,,,,,,,,,0.0,False,True,post,Final,Final,2026-01-21T22:23:14Z,espn,v1.3.2,Houston Cougars,Texas Tech Red Raiders,0.0,99c390329563eaf083b7433e9d94f3d31e6702a3
401827601,2305.0,Kansas Jayhawks,TCU Horned Frogs,home,2026-01-06,2026-01-07,2026-01-07T02:00Z,,104.0,100.0,4.0,0,0,0,0,0,0,0,0,0,0,0.0,,,,,,,,,,0.0,False,True,post,Final,Final/OT,2026-01-21T22:23:14Z,espn,v1.3.2,Kansas Jayhawks,TCU Horned Frogs,0.0,8bbb5a52c79ee7b9888f99b069f18874539a7d32
401827601,2628.0,TCU Horned Frogs,Kansas Jayhawks,away,2026-01-06,2026-01-07,2026-01-07T02:00Z,,100.0,104.0,-4.0,0,0,0,0,0,0,0,0,0,0,0.0,,,,,,,,,,0.0,False,True,post,Final,Final/OT,2026-01-21T22:23:14Z,espn,v1.3.2,Kansas Jayhawks,TCU Horned Frogs,0.0,eac6fa9c899b850677822207ce79e7429d4b92ac
401822889,2507.0,Providence Friars,UConn Huskies,home,2026-01-07,2026-01-08,2026-01-08T00:00Z,,98.0,103.0,-5.0,0,0,0,0,0,0,0,0,0,0,0.0,,,,,,,,,,0.0,False,True,post,Final,Final/OT,2026-01-21T22:23:16Z,espn,v1.3.2,Providence Friars,UConn Huskies,0.0,9609e045eb70a274f7d9dc9dc378743871b54795
401822889,41.0,UConn Huskies,Providence Friars,away,2026-01-07,2026-01-08,2026-01-08T00:00Z,,103.0,98.0,5.0,0,0,0,0,0,0,0,0,0,0,0.0,,,,,,,,,,0.0,False,True,post,Final,Final/OT,2026-01-21T22:23:16Z,espn,v1.3.2,Providence Friars,UConn Huskies,0.0,fb66de37ff15e766bc544474a32ac3d981a26030
401827605,239.0,Baylor Bears,Iowa State Cyclones,home,2026-01-07,2026-01-08,2026-01-08T01:00Z,,60.0,70.0,-10.0,0,0,0,0,0,0,0,0,0,0,0.0,,,,,,,,,,0.0,False,True,post,Final,Final,2026-01-21T22:23:17Z,espn,v1.3.2,Baylor Bears,Iowa State Cyclones,0.0,24b430c4b1979e9b4a5d30fa37edbd31563da600
401827605,66.0,Iowa State Cyclones,Baylor Bears,away,2026-01-07,2026-01-08,2026-01-08T01:00Z,,70.0,60.0,10.0,0,0,0,0,0,0,0,0,0,0,0.0,,,,,,,,,,0.0,False,True,post,Final,Final,2026-01-21T22:23:17Z,espn,v1.3.2,Baylor Bears,Iowa State Cyclones,0.0,9e570f73c3d65b335161b60a1b578448e58d376f
401825426,2509.0,Purdue Boilermakers,Washington Huskies,home,2026-01-07,2026-01-08,2026-01-08T01:30Z,,81.0,73.0,8.0,0,0,0,0,0,0,0,0,0,0,0.0,,,,,,,,,,0.0,False,True,post,Final,Final,2026-01-21T22:23:16Z,espn,v1.3.2,Purdue Boilermakers,Washington Huskies,0.0,764bb5421d57d2cdab215d6fa4727c5bd8c606a8
401825426,264.0,Washington Huskies,Purdue Boilermakers,away,2026-01-07,2026-01-08,2026-01-08T01:30Z,,73.0,81.0,-8.0,0,0,0,0,0,0,0,0,0,0,0.0,,,,,,,,,,0.0,False,True,post,Final,Final,2026-01-21T22:23:16Z,espn,v1.3.2,Purdue Boilermakers,Washington Huskies,0.0,9408f9f407b619e55566b6a316eb79aaaf5228a1
401808155,333.0,Alabama Crimson Tide,Vanderbilt Commodores,away,2026-01-07,2026-01-08,2026-01-08T02:00Z,,90.0,96.0,-6.0,0,0,0,0,0,0,0,0,0,0,0.0,,,,,,,,,,0.0,False,True,post,Final,Final,2026-01-21T22:23:15Z,espn,v1.3.2,Vanderbilt Commodores,Alabama Crimson Tide,0.0,c015cdd86ff00e812da24d00261a321f7cd65d49
401808155,238.0,Vanderbilt Commodores,Alabama Crimson Tide,home,2026-01-07,2026-01-08,2026-01-08T02:00Z,,96.0,90.0,6.0,0,0,0,0,0,0,0,0,0,0,0.0,,,,,,,,,,0.0,False,True,post,Final,Final,2026-01-21T22:23:15Z,espn,v1.3.2,Vanderbilt Commodores,Alabama Crimson Tide,0.0,bd4b62aa6430b22d9f4e2c6c7f02f72cc445d985
401808159,8.0,Arkansas Razorbacks,Ole Miss Rebels,away,2026-01-07,2026-01-08,2026-01-08T02:00Z,,94.0,87.0,7.0,0,0,0,0,0,0,0,0,0,0,0.0,,,,,,,,,,0.0,False,True,post,Final,Final,2026-01-21T22:23:15Z,espn,v1.3.2,Ole Miss Rebels,Arkansas Razorbacks,0.0,cf4844f235f10026fc0cd69ede730fa1e128f7d1
401808159,145.0,Ole Miss Rebels,Arkansas Razorbacks,home,2026-01-07,2026-01-08,2026-01-08T02:00Z,,87.0,94.0,-7.0,0,0,0,0,0,0,0,0,0,0,0.0,,,,,,,,,,0.0,False,True,post,Final,Final,2026-01-21T22:23:15Z,espn,v1.3.2,Ole Miss Rebels,Arkansas Razorbacks,0.0,d8b1d9a934b82dad06960350eabe675fd2b0110e
401820652,228.0,Clemson Tigers,SMU Mustangs,home,2026-01-07,2026-01-08,2026-01-08T02:00Z,,74.0,70.0,4.0,0,0,0,0,0,0,0,0,0,0,0.0,,,,,,,,,,0.0,False,True,post,Final,Final,2026-01-21T22:23:15Z,espn,v1.3.2,Clemson Tigers,SMU Mustangs,0.0,e73b11933ed881dca6de8620bc1dc323bf6bc655
401820652,2567.0,SMU Mustangs,Clemson Tigers,away,2026-01-07,2026-01-08,2026-01-08T02:00Z,,70.0,74.0,-4.0,0,0,0,0,0,0,0,0,0,0,0.0,,,,,,,,,,0.0,False,True,post,Final,Final,2026-01-21T22:23:15Z,espn,v1.3.2,Clemson Tigers,SMU Mustangs,0.0,294de10dbe9c5910674797e9d807451ad8f320a8
401820654,25.0,California Golden Bears,Virginia Cavaliers,away,2026-01-07,2026-01-08,2026-01-08T02:00Z,,60.0,84.0,-24.0,0,0,0,0,0,0,0,0,0,0,0.0,,,,,,,,,,0.0,False,True,post,Final,Final,2026-01-21T22:23:15Z,espn,v1.3.2,Virginia Cavaliers,California Golden Bears,1.0,ce6456ee8cea949219bf1c6e24dc2d0f16f0fd58
401820654,258.0,Virginia Cavaliers,California Golden Bears,home,2026-01-07,2026-01-08,2026-01-08T02:00Z,,84.0,60.0,24.0,0,0,0,0,0,0,0,0,0,0,0.0,,,,,,,,,,0.0,False,True,post,Final,Final,2026-01-21T22:23:15Z,espn,v1.3.2,Virginia Cavaliers,California Golden Bears,1.0,77ac3ee297087a9cd3edcb47432a5b5e350d5b7b
401827604,12.0,Arizona Wildcats,Kansas State Wildcats,home,2026-01-07,2026-01-08,2026-01-08T02:00Z,,101.0,76.0,25.0,0,0,0,0,0,0,0,0,0,0,0.0,,,,,,,,,,0.0,False,True,post,Final,Final,2026-01-21T22:23:16Z,espn,v1.3.2,Arizona Wildcats,Kansas State Wildcats,1.0,cb86534b804253518e2f7200790fcfad99434c15
401827604,2306.0,Kansas State Wildcats,Arizona Wildcats,away,2026-01-07,2026-01-08,2026-01-08T02:00Z,,76.0,101.0,-25.0,0,0,0,0,0,0,0,0,0,0,0.0,,,,,,,,,,0.0,False,True,post,Final,Final,2026-01-21T22:23:16Z,espn,v1.3.2,Arizona Wildcats,Kansas State Wildcats,1.0,0b277a9c20dcf28b8a0ba696a77ab8bc9f24d372
401827606,9.0,Arizona State Sun Devils,BYU Cougars,away,2026-01-07,2026-01-08,2026-01-08T02:00Z,,76.0,104.0,-28.0,0,0,0,0,0,0,0,0,0,0,0.0,,,,,,,,,,0.0,False,True,post,Final,Final,2026-01-21T22:23:17Z,espn,v1.3.2,BYU Cougars,Arizona State Sun Devils,1.0,426d25600511062df2df421ddadb13fde6f4218c
401827606,252.0,BYU Cougars,Arizona State Sun Devils,home,2026-01-07,2026-01-08,2026-01-08T02:00Z,,104.0,76.0,28.0,0,0,0,0,0,0,0,0,0,0,0.0,,,,,,,,,,0.0,False,True,post,Final,Final,2026-01-21T22:23:17Z,espn,v1.3.2,BYU Cougars,Arizona State Sun Devils,1.0,404364fc5d6a3944599e445c9d67c4f477243835
401825428,127.0,Michigan State Spartans,Northwestern Wildcats,home,2026-01-08,2026-01-08,2026-01-08T23:30Z,,76.0,66.0,10.0,0,0,0,0,0,0,0,0,0,0,0.0,,,,,,,,,,0.0,False,True,post,Final,Final,2026-01-21T22:23:18Z,espn,v1.3.2,Michigan State Spartans,Northwestern Wildcats,0.0,0e15b60617f6d471035447e447703db42b2ebf16
401825428,77.0,Northwestern Wildcats,Michigan State Spartans,away,2026-01-08,2026-01-08,2026-01-08T23:30Z,,66.0,76.0,-10.0,0,0,0,0,0,0,0,0,0,0,0.0,,,,,,,,,,0.0,False,True,post,Final,Final,2026-01-21T22:23:18Z,espn,v1.3.2,Michigan State Spartans,Northwestern Wildcats,0.0,f3ebd750d3e5caf0e77a2d3b00005f9a3aa7ee2f
401825427,356.0,Illinois Fighting Illini,Rutgers Scarlet Knights,home,2026-01-08,2026-01-09,2026-01-09T01:30Z,,81.0,55.0,26.0,0,0,0,0,0,0,0,0,0,0,0.0,,,,,,,,,,0.0,False,True,post,Final,Final,2026-01-21T22:23:18Z,espn,v1.3.2,Illinois Fighting Illini,Rutgers Scarlet Knights,1.0,741aa86e62e887795ff86e37ef01255472ca7a82
401825427,164.0,Rutgers Scarlet Knights,Illinois Fighting Illini,away,2026-01-08,2026-01-09,2026-01-09T01:30Z,,55.0,81.0,-26.0,0,0,0,0,0,0,0,0,0,0,0.0,,,,,,,,,,0.0,False,True,post,Final,Final,2026-01-21T22:23:18Z,espn,v1.3.2,Illinois Fighting Illini,Rutgers Scarlet Knights,1.0,5277a431376ce88114832a6e3b29727bd4fa8df7
401829190,2250.0,Gonzaga Bulldogs,Santa Clara Broncos,home,2026-01-08,2026-01-09,2026-01-09T04:30Z,,89.0,77.0,12.0,0,0,0,0,0,0,0,0,0,0,0.0,,,,,,,,,,0.0,False,True,post,Final,Final,2026-01-21T22:23:18Z,espn,v1.3.2,Gonzaga Bulldogs,Santa Clara Broncos,0.0,0d4d6a48180cce6a5a27451d3fbaf2b717daaea8
401829190,2541.0,Santa Clara Broncos,Gonzaga Bulldogs,away,2026-01-08,2026-01-09,2026-01-09T04:30Z,,77.0,89.0,-12.0,0,0,0,0,0,0,0,0,0,0,0.0,,,,,,,,,,0.0,False,True,post,Final,Final,2026-01-21T22:23:18Z,espn,v1.3.2,Gonzaga Bulldogs,Santa Clara Broncos,0.0,f63f913d97c6edb847e58ec3d20a147ae2d589ad
401823007,131761.0,Bryant & Stratton (Ohio) Bobcats,Youngstown State Penguins,away,2026-01-09,2026-01-09,2026-01-09T16:00Z,,61.0,99.0,-38.0,0,0,0,0,0,0,0,0,0,0,0.0,,,,,,,,,,0.0,False,True,post,Final,Final,2026-01-21T22:23:23Z,espn,v1.3.2,Youngstown State Penguins,Bryant & Stratton (Ohio) Bobcats,1.0,914f8d4cfd0bb843ddad426ea5b142db32313be6
401823007,2754.0,Youngstown State Penguins,Bryant & Stratton (Ohio) Bobcats,home,2026-01-09,2026-01-09,2026-01-09T16:00Z,,99.0,61.0,38.0,0,0,0,0,0,0,0,0,0,0,0.0,,,,,,,,,,0.0,False,True,post,Final,Final,2026-01-21T22:23:23Z,espn,v1.3.2,Youngstown State Penguins,Bryant & Stratton (Ohio) Bobcats,1.0,0c311bf69513434f6b69fc25f941ea784a9f268a
401814515,193.0,Miami (OH) RedHawks,Toledo Rockets,away,2026-01-09,2026-01-09,2026-01-09T23:00Z,,87.0,73.0,14.0,0,0,0,0,0,0,0,0,0,0,0.0,,,,,,,,,,0.0,False,True,post,Final,Final,2026-01-21T22:23:21Z,espn,v1.3.2,Toledo Rockets,Miami (OH) RedHawks,0.0,2a39d73a0d930875031d70e775a7a7208d58648b
401814515,2649.0,Toledo Rockets,Miami (OH) RedHawks,home,2026-01-09,2026-01-09,2026-01-09T23:00Z,,73.0,87.0,-14.0,0,0,0,0,0,0,0,0,0,0,0.0,,,,,,,,,,0.0,False,True,post,Final,Final,2026-01-21T22:23:21Z,espn,v1.3.2,Toledo Rockets,Miami (OH) RedHawks,0.0,e1b093206198c7da08a987b6e150a56ab372cae9
401813301,2099.0,Canisius Golden Griffins,Manhattan Jaspers,away,2026-01-09,2026-01-10,2026-01-10T00:00Z,,70.0,64.0,6.0,0,0,0,0,0,0,0,0,0,0,0.0,,,,,,,,,,0.0,False,True,post,Final,Final,2026-01-21T22:23:19Z,espn,v1.3.2,Manhattan Jaspers,Canisius Golden Griffins,0.0,91299a0a8b13ad33f059d7cb6a0c8edf74083d65
401813301,2363.0,Manhattan Jaspers,Canisius Golden Griffins,home,2026-01-09,2026-01-10,2026-01-10T00:00Z,,64.0,70.0,-6.0,0,0,0,0,0,0,0,0,0,0,0.0,,,,,,,,,,0.0,False,True,post,Final,Final,2026-01-21T22:23:19Z,espn,v1.3.2,Manhattan Jaspers,Canisius Golden Griffins,0.0,fd03eba82036b5ecc86bed2ae6526c539ff52187
401813331,2368.0,Marist Red Foxes,Sacred Heart Pioneers,away,2026-01-09,2026-01-10,2026-01-10T00:00Z,,76.0,72.0,4.0,0,0,0,0,0,0,0,0,0,0,0.0,,,,,,,,,,0.0,False,True,post,Final,Final,2026-01-21T22:23:19Z,espn,v1.3.2,Sacred Heart Pioneers,Marist Red Foxes,0.0,66ecc1a8c10ae793770a740da7caa20c35b6b67d
401813331,2529.0,Sacred Heart Pioneers,Marist Red Foxes,home,2026-01-09,2026-01-10,2026-01-10T00:00Z,,72.0,76.0,-4.0,0,0,0,0,0,0,0,0,0,0,0.0,,,,,,,,,,0.0,False,True,post,Final,Final,2026-01-21T22:23:19Z,espn,v1.3.2,Sacred Heart Pioneers,Marist Red Foxes,0.0,8cdaa285844bb63a92f30df129362ef64978c834
401813386,314.0,Iona Gaels,Niagara Purple Eagles,home,2026-01-09,2026-01-10,2026-01-10T00:00Z,,71.0,53.0,18.0,0,0,0,0,0,0,0,0,0,0,0.0,,,,,,,,,,0.0,False,True,post,Final,Final,2026-01-21T22:23:19Z,espn,v1.3.2,Iona Gaels,Niagara Purple Eagles,1.0,a13bb1c3157e7a61547cf5a112d95292d58bc6ee
401813386,315.0,Niagara Purple Eagles,Iona Gaels,away,2026-01-09,2026-01-10,2026-01-10T00:00Z,,53.0,71.0,-18.0,0,0,0,0,0,0,0,0,0,0,0.0,,,,,,,,,,0.0,False,True,post,Final,Final,2026-01-21T22:23:19Z,espn,v1.3.2,Iona Gaels,Niagara Purple Eagles,1.0,e9784843738dd0a9b3444bcc50e1293629175b0d
401813410,116.0,Mount St. Mary's Mountaineers,Saint Peter's Peacocks,home,2026-01-09,2026-01-10,2026-01-10T00:00Z,,70.0,65.0,5.0,0,0,0,0,0,0,0,0,0,0,0.0,,,,,,,,,,0.0,False,True,post,Final,Final,2026-01-21T22:23:20Z,espn,v1.3.2,Mount St. Mary's Mountaineers,Saint Peter's Peacocks,0.0,65595555144790195aa78b60d87b3e50fb895a24
401813410,2612.0,Saint Peter's Peacocks,Mount St. Mary's Mountaineers,away,2026-01-09,2026-01-10,2026-01-10T00:00Z,,65.0,70.0,-5.0,0,0,0,0,0,0,0,0,0,0,0.0,,,,,,,,,,0.0,False,True,post,Final,Final,2026-01-21T22:23:20Z,espn,v1.3.2,Mount St. Mary's Mountaineers,Saint Peter's Peacocks,0.0,80ea52763f87ee7158b69f708a4811dfb5396653
401813424,2771.0,Merrimack Warriors,Siena Saints,away,2026-01-09,2026-01-10,2026-01-10T00:00Z,,63.0,59.0,4.0,0,0,0,0,0,0,0,0,0,0,0.0,,,,,,,,,,0.0,False,True,post,Final,Final,2026-01-21T22:23:20Z,espn,v1.3.2,Siena Saints,Merrimack Warriors,0.0,3ed2ce2bf9f6c35a3f32192dd30f700e94e6b189
401813424,2561.0,Siena Saints,Merrimack Warriors,home,2026-01-09,2026-01-10,2026-01-10T00:00Z,,59.0,63.0,-4.0,0,0,0,0,0,0,0,0,0,0,0.0,,,,,,,,,,0.0,False,True,post,Final,Final,2026-01-21T22:23:20Z,espn,v1.3.2,Siena Saints,Merrimack Warriors,0.0,1452487d8e2397a8d54c073c72842563ab0e901f
401817612,2739.0,Green Bay Phoenix,IU Indianapolis Jaguars,home,2026-01-09,2026-01-10,2026-01-10T00:00Z,,75.0,59.0,16.0,0,0,0,0,0,0,0,0,0,0,0.0,,,,,,,,,,0.0,False,True,post,Final,Final,2026-01-21T22:23:21Z,espn,v1.3.2,Green Bay Phoenix,IU Indianapolis Jaguars,0.0,6c644b6d9cfa4c80514ec00d1e47899d1d43cae2
401817612,85.0,IU Indianapolis Jaguars,Green Bay Phoenix,away,2026-01-09,2026-01-10,2026-01-10T00:00Z,,59.0,75.0,-16.0,0,0,0,0,0,0,0,0,0,0,0.0,,,,,,,,,,0.0,False,True,post,Final,Final,2026-01-21T22:23:21Z,espn,v1.3.2,Green Bay Phoenix,IU Indianapolis Jaguars,0.0,f51526a23d55aa165558b35a24e653e50a5b72ac
401817614,2174.0,Detroit Mercy Titans,Wright State Raiders,home,2026-01-09,2026-01-10,2026-01-10T00:00Z,,82.0,84.0,-2.0,0,0,0,0,0,0,0,0,0,0,0.0,,,,,,,,,,0.0,False,True,post,Final,Final,2026-01-21T22:23:22Z,espn,v1.3.2,Detroit Mercy Titans,Wright State Raiders,0.0,c58793814b059fec17a88d8b73c997ba22d7a9ab
401817614,2750.0,Wright State Raiders,Detroit Mercy Titans,away,2026-01-09,2026-01-10,2026-01-10T00:00Z,,84.0,82.0,2.0,0,0,0,0,0,0,0,0,0,0,0.0,,,,,,,,,,0.0,False,True,post,Final,Final,2026-01-21T22:23:22Z,espn,v1.3.2,Detroit Mercy Titans,Wright State Raiders,0.0,de9687ca2cd963a3772476d35dda94159594ddb9
401817615,325.0,Cleveland State Vikings,Oakland Golden Grizzlies,away,2026-01-09,2026-01-10,2026-01-10T00:00Z,,74.0,97.0,-23.0,0,0,0,0,0,0,0,0,0,0,0.0,,,,,,,,,,0.0,False,True,post,Final,Final,2026-01-21T22:23:22Z,espn,v1.3.2,Oakland Golden Grizzlies,Cleveland State Vikings,1.0,0f16522047217d2ccb135b307750990ed095ebe2
401817615,2473.0,Oakland Golden Grizzlies,Cleveland State Vikings,home,2026-01-09,2026-01-10,2026-01-10T00:00Z,,97.0,74.0,23.0,0,0,0,0,0,0,0,0,0,0,0.0,,,,,,,,,,0.0,False,True,post,Final,Final,2026-01-21T22:23:22Z,espn,v1.3.2,Oakland Golden Grizzlies,Cleveland State Vikings,1.0,00eaa22971811a80e015f9a71008e32e793597e6
401823316,2217.0,Fairfield Stags,Rider Broncs,home,2026-01-09,2026-01-10,2026-01-10T00:00Z,,68.0,62.0,6.0,0,0,0,0,0,0,0,0,0,0,0.0,,,,,,,,,,0.0,False,True,post,Final,Final,2026-01-21T22:23:23Z,espn,v1.3.2,Fairfield Stags,Rider Broncs,0.0,3751206c0ec5883f94d4bde2ae80c633b030efcd
401823316,2520.0,Rider Broncs,Fairfield Stags,away,2026-01-09,2026-01-10,2026-01-10T00:00Z,,62.0,68.0,-6.0,0,0,0,0,0,0,0,0,0,0,0.0,,,,,,,,,,0.0,False,True,post,Final,Final,2026-01-21T22:23:23Z,espn,v1.3.2,Fairfield Stags,Rider Broncs,0.0,a5743161b7faa7875c5a395cec4a54cc7e74e702
401814510,2006.0,Akron Zips,Bowling Green Falcons,away,2026-01-09,2026-01-10,2026-01-10T01:00Z,,77.0,67.0,10.0,0,0,0,0,0,0,0,0,0,0,0.0,,,,,,,,,,0.0,False,True,post,Final,Final,2026-01-21T22:23:21Z,espn,v1.3.2,Bowling Green Falcons,Akron Zips,0.0,0ecff853dcb6d0ac891204638ddc874c6425ef0a
401814510,189.0,Bowling Green Falcons,Akron Zips,home,2026-01-09,2026-01-10,2026-01-10T01:00Z,,67.0,77.0,-10.0,0,0,0,0,0,0,0,0,0,0,0.0,,,,,,,,,,0.0,False,True,post,Final,Final,2026-01-21T22:23:21Z,espn,v1.3.2,Bowling Green Falcons,Akron Zips,0.0,3539e5470537608c0ba016f4e684a63fb1bcf8e5
401817613,270.0,Milwaukee Panthers,Northern Kentucky Norse,home,2026-01-09,2026-01-10,2026-01-10T01:00Z,,67.0,85.0,-18.0,0,0,0,0,0,0,0,0,0,0,0.0,,,,,,,,,,0.0,False,True,post,Final,Final,2026-01-21T22:23:22Z,espn,v1.3.2,Milwaukee Panthers,Northern Kentucky Norse,1.0,52acb82bf6ca157c0039b2ac31ee4c1f3c1c58ee
401817613,94.0,Northern Kentucky Norse,Milwaukee Panthers,away,2026-01-09,2026-01-10,2026-01-10T01:00Z,,85.0,67.0,18.0,0,0,0,0,0,0,0,0,0,0,0.0,,,,,,,,,,0.0,False,True,post,Final,Final,2026-01-21T22:23:22Z,espn,v1.3.2,Milwaukee Panthers,Northern Kentucky Norse,1.0,9680da4672f500174ee7bd34ba99efb7e7bc664b
401825430,135.0,Minnesota Golden Gophers,USC Trojans,home,2026-01-09,2026-01-10,2026-01-10T01:30Z,,69.0,70.0,-1.0,0,0,0,0,0,0,0,0,0,0,0.0,,,,,,,,,,0.0,False,True,post,Final,Final/OT,2026-01-21T22:23:23Z,espn,v1.3.2,Minnesota Golden Gophers,USC Trojans,0.0,83da6375a5f594fbb0ed69632c41cf5f034b1b20
401825430,30.0,USC Trojans,Minnesota Golden Gophers,away,2026-01-09,2026-01-10,2026-01-10T01:30Z,,70.0,69.0,1.0,0,0,0,0,0,0,0,0,0,0,0.0,,,,,,,,,,0.0,False,True,post,Final,Final/OT,2026-01-21T22:23:23Z,espn,v1.3.2,Minnesota Golden Gophers,USC Trojans,0.0,a01420064d78756e479646424327a60e6199456c
401830827,36.0,Colorado State Rams,UNLV Rebels,home,2026-01-09,2026-01-10,2026-01-10T03:00Z,,70.0,62.0,8.0,0,0,0,0,0,0,0,0,0,0,0.0,,,,,,,,,,0.0,False,True,post,Final,Final,2026-01-21T22:23:24Z,espn,v1.3.2,Colorado State Rams,UNLV Rebels,0.0,39143022e37f849818bc28b61b076504fadb9e62
401830827,2439.0,UNLV Rebels,Colorado State Rams,away,2026-01-09,2026-01-10,2026-01-10T03:00Z,,62.0,70.0,-8.0,0,0,0,0,0,0,0,0,0,0,0.0,,,,,,,,,,0.0,False,True,post,Final,Final,2026-01-21T22:23:24Z,espn,v1.3.2,Colorado State Rams,UNLV Rebels,0.0,1409ea5b137aed0a69ff53613633771611440e24
401808162,57.0,Florida Gators,Tennessee Volunteers,home,2026-01-10,2026-01-10,2026-01-10T17:00Z,,91.0,67.0,24.0,0,0,0,0,0,0,0,0,0,0,0.0,,,,,,,,,,0.0,False,True,post,Final,Final,2026-01-21T22:23:24Z,espn,v1.3.2,Florida Gators,Tennessee Volunteers,1.0,bf6ba291c1025786bb41540a0f0e1e4f70f0e02b
401808162,2633.0,Tennessee Volunteers,Florida Gators,away,2026-01-10,2026-01-10,2026-01-10T17:00Z,,67.0,91.0,-24.0,0,0,0,0,0,0,0,0,0,0,0.0,,,,,,,,,,0.0,False,True,post,Final,Final,2026-01-21T22:23:24Z,espn,v1.3.2,Florida Gators,Tennessee Volunteers,1.0,5221c1b8b8b05c0bac773a2f43dc937a971ab32f
401820659,103.0,Boston College Eagles,Louisville Cardinals,away,2026-01-10,2026-01-10,2026-01-10T17:00Z,,62.0,75.0,-13.0,0,0,0,0,0,0,0,0,0,0,0.0,,,,,,,,,,0.0,False,True,post,Final,Final,2026-01-21T22:23:26Z,espn,v1.3.2,Louisville Cardinals,Boston College Eagles,0.0,0691bb48ce4c1bc09863947786094be1b6c8c6a5
401820659,97.0,Louisville Cardinals,Boston College Eagles,home,2026-01-10,2026-01-10,2026-01-10T17:00Z,,75.0,62.0,13.0,0,0,0,0,0,0,0,0,0,0,0.0,,,,,,,,,,0.0,False,True,post,Final,Final,2026-01-21T22:23:26Z,espn,v1.3.2,Louisville Cardinals,Boston College Eagles,0.0,2753709c90f761e62a50219f088f4bbda624e93c
401825431,84.0,Indiana Hoosiers,Nebraska Cornhuskers,home,2026-01-10,2026-01-10,2026-01-10T17:00Z,,77.0,83.0,-6.0,0,0,0,0,0,0,0,0,0,0,0.0,,,,,,,,,,0.0,False,True,post,Final,Final,2026-01-21T22:23:28Z,espn,v1.3.2,Indiana Hoosiers,Nebraska Cornhuskers,0.0,47ac475ea2de92abeace2369e42cfcde3994757f
401825431,158.0,Nebraska Cornhuskers,Indiana Hoosiers,away,2026-01-10,2026-01-10,2026-01-10T17:00Z,,83.0,77.0,6.0,0,0,0,0,0,0,0,0,0,0,0.0,,,,,,,,,,0.0,False,True,post,Final,Final,2026-01-21T22:23:28Z,espn,v1.3.2,Indiana Hoosiers,Nebraska Cornhuskers,0.0,f7fb27526ba6fa11e4dcc65ef4cb25fabe1d8d46
401827614,2305.0,Kansas Jayhawks,West Virginia Mountaineers,away,2026-01-10,2026-01-10,2026-01-10T17:00Z,,75.0,86.0,-11.0,0,0,0,0,0,0,0,0,0,0,0.0,,,,,,,,,,0.0,False,True,post,Final,Final,2026-01-21T22:23:30Z,espn,v1.3.2,West Virginia Mountaineers,Kansas Jayhawks,0.0,577461c397ee844be32627196798c16645ff9fa3
401827614,277.0,West Virginia Mountaineers,Kansas Jayhawks,home,2026-01-10,2026-01-10,2026-01-10T17:00Z,,86.0,75.0,11.0,0,0,0,0,0,0,0,0,0,0,0.0,,,,,,,,,,0.0,False,True,post,Final,Final,2026-01-21T22:23:30Z,espn,v1.3.2,West Virginia Mountaineers,Kansas Jayhawks,0.0,02426b06ee1761fd26fc77ee39d5d3fcaf2cc9ef
401822893,305.0,DePaul Blue Demons,UConn Huskies,away,2026-01-10,2026-01-10,2026-01-10T17:30Z,,60.0,72.0,-12.0,0,0,0,0,0,0,0,0,0,0,0.0,,,,,,,,,,0.0,False,True,post,Final,Final,2026-01-21T22:23:27Z,espn,v1.3.2,UConn Huskies,DePaul Blue Demons,0.0,00472df7f170113d555e7a7f2e7c8344f56e3e19
401822893,41.0,UConn Huskies,DePaul Blue Demons,home,2026-01-10,2026-01-10,2026-01-10T17:30Z,,72.0,60.0,12.0,0,0,0,0,0,0,0,0,0,0,0.0,,,,,,,,,,0.0,False,True,post,Final,Final,2026-01-21T22:23:27Z,espn,v1.3.2,UConn Huskies,DePaul Blue Demons,0.0,0c6de3a3c660cf31f4b94bafc11b3ff8438f5ddc
401808167,99.0,LSU Tigers,Vanderbilt Commodores,away,2026-01-10,2026-01-10,2026-01-10T18:00Z,,73.0,84.0,-11.0,0,0,0,0,0,0,0,0,0,0,0.0,,,,,,,,,,0.0,False,True,post,Final,Final,2026-01-21T22:23:25Z,espn,v1.3.2,Vanderbilt Commodores,LSU Tigers,0.0,e11056112adaf4680327a45537df0c499da998f6
401808167,238.0,Vanderbilt Commodores,LSU Tigers,home,2026-01-10,2026-01-10,2026-01-10T18:00Z,,84.0,73.0,11.0,0,0,0,0,0,0,0,0,0,0,0.0,,,,,,,,,,0.0,False,True,post,Final,Final,2026-01-21T22:23:25Z,espn,v1.3.2,Vanderbilt Commodores,LSU Tigers,0.0,37309cface4e131fa657b23c3a842d413423dc48
401825432,130.0,Michigan Wolverines,Wisconsin Badgers,home,2026-01-10,2026-01-10,2026-01-10T18:00Z,,88.0,91.0,-3.0,0,0,0,0,0,0,0,0,0,0,0.0,,,,,,,,,,0.0,False,True,post,Final,Final,2026-01-21T22:23:28Z,espn,v1.3.2,Michigan Wolverines,Wisconsin Badgers,0.0,2ca9637772124f13c5edb8cdbcc5264f4814e2be
401825432,275.0,Wisconsin Badgers,Michigan Wolverines,away,2026-01-10,2026-01-10,2026-01-10T18:00Z,,91.0,88.0,3.0,0,0,0,0,0,0,0,0,0,0,0.0,,,,,,,,,,0.0,False,True,post,Final,Final,2026-01-21T22:23:28Z,espn,v1.3.2,Michigan Wolverines,Wisconsin Badgers,0.0,319d6136d7d0ddd272189305a5bab83dbc7b11c8
401827609,239.0,Baylor Bears,Houston Cougars,home,2026-01-10,2026-01-10,2026-01-10T18:00Z,,55.0,77.0,-22.0,0,0,0,0,0,0,0,0,0,0,0.0,,,,,,,,,,0.0,False,True,post,Final,Final,2026-01-21T22:23:28Z,espn,v1.3.2,Baylor Bears,Houston Cougars,1.0,b698c56f3a6599074adece979515f5a7c270c40e
401827609,248.0,Houston Cougars,Baylor Bears,away,2026-01-10,2026-01-10,2026-01-10T18:00Z,,77.0,55.0,22.0,0,0,0,0,0,0,0,0,0,0,0.0,,,,,,,,,,0.0,False,True,post,Final,Final,2026-01-21T22:23:28Z,espn,v1.3.2,Baylor Bears,Houston Cougars,1.0,688e74bf0b528dff846e858e946842ade17e1a74
401808165,61.0,Georgia Bulldogs,South Carolina Gamecocks,away,2026-01-10,2026-01-10,2026-01-10T19:00Z,,75.0,70.0,5.0,0,0,0,0,0,0,0,0,0,0,0.0,,,,,,,,,,0.0,False,True,post,Final,Final,2026-01-21T22:23:25Z,espn,v1.3.2,South Carolina Gamecocks,Georgia Bulldogs,0.0,9071b7b22808ffe3ee0e03c14eb567041da78a98
401808165,2579.0,South Carolina Gamecocks,Georgia Bulldogs,home,2026-01-10,2026-01-10,2026-01-10T19:00Z,,70.0,75.0,-5.0,0,0,0,0,0,0,0,0,0,0,0.0,,,,,,,,,,0.0,False,True,post,Final,Final,2026-01-21T22:23:25Z,espn,v1.3.2,South Carolina Gamecocks,Georgia Bulldogs,0.0,d3eaff7972b3f16097826f8b03868f669305b343
401820657,150.0,Duke Blue Devils,SMU Mustangs,home,2026-01-10,2026-01-10,2026-01-10T19:00Z,,82.0,75.0,7.0,0,0,0,0,0,0,0,0,0,0,0.0,,,,,,,,,,0.0,False,True,post,Final,Final,2026-01-21T22:23:26Z,espn,v1.3.2,Duke Blue Devils,SMU Mustangs,0.0,41f1e3ec3970ebf9d1bb3768828cc90ace1f306f
401820657,2567.0,SMU Mustangs,Duke Blue Devils,away,2026-01-10,2026-01-10,2026-01-10T19:00Z,,75.0,82.0,-7.0,0,0,0,0,0,0,0,0,0,0,0.0,,,,,,,,,,0.0,False,True,post,Final,Final,2026-01-21T22:23:26Z,espn,v1.3.2,Duke Blue Devils,SMU Mustangs,0.0,0a0cf343fe259aee06e45168f2ba06448417263f
401825433,213.0,Penn State Nittany Lions,Purdue Boilermakers,away,2026-01-10,2026-01-10,2026-01-10T19:00Z,,85.0,93.0,-8.0,0,0,0,0,0,0,0,0,0,0,0.0,,,,,,,,,,0.0,False,True,post,Final,Final,2026-01-21T22:23:28Z,espn,v1.3.2,Purdue Boilermakers,Penn State Nittany Lions,0.0,3794e0c79ce641619446bfb97738a0e4a7bf550e
401825433,2509.0,Purdue Boilermakers,Penn State Nittany Lions,home,2026-01-10,2026-01-10,2026-01-10T19:00Z,,93.0,85.0,8.0,0,0,0,0,0,0,0,0,0,0,0.0,,,,,,,,,,0.0,False,True,post,Final,Final,2026-01-21T22:23:28Z,espn,v1.3.2,Purdue Boilermakers,Penn State Nittany Lions,0.0,60e6aa76341ad2cbf4817e693658dbb51d83fa05
401820664,24.0,Stanford Cardinal,Virginia Cavaliers,away,2026-01-10,2026-01-10,2026-01-10T19:15Z,,55.0,70.0,-15.0,0,0,0,0,0,0,0,0,0,0,0.0,,,,,,,,,,0.0,False,True,post,Final,Final,2026-01-21T22:23:27Z,espn,v1.3.2,Virginia Cavaliers,Stanford Cardinal,0.0,0a678c32df5d4063c2537176b72832a98e26c8e5
401820664,258.0,Virginia Cavaliers,Stanford Cardinal,home,2026-01-10,2026-01-10,2026-01-10T19:15Z,,70.0,55.0,15.0,0,0,0,0,0,0,0,0,0,0,0.0,,,,,,,,,,0.0,False,True,post,Final,Final,2026-01-21T22:23:27Z,espn,v1.3.2,Virginia Cavaliers,Stanford Cardinal,0.0,63eea394c243f2f743eb1d5074f88c0b89d36967
401827611,66.0,Iowa State Cyclones,Oklahoma State Cowboys,home,2026-01-10,2026-01-10,2026-01-10T21:00Z,,83.0,71.0,12.0,0,0,0,0,0,0,0,0,0,0,0.0,,,,,,,,,,0.0,False,True,post,Final,Final,2026-01-21T22:23:29Z,espn,v1.3.2,Iowa State Cyclones,Oklahoma State Cowboys,0.0,39222579a48c6081ae20a142c88516cf6b7026d8
401827611,197.0,Oklahoma State Cowboys,Iowa State Cyclones,away,2026-01-10,2026-01-10,2026-01-10T21:00Z,,71.0,83.0,-12.0,0,0,0,0,0,0,0,0,0,0,0.0,,,,,,,,,,0.0,False,True,post,Final,Final,2026-01-21T22:23:29Z,espn,v1.3.2,Iowa State Cyclones,Oklahoma State Cowboys,0.0,1c2a223a116eb1601192c091aa78805e3c58ee41
401827612,12.0,Arizona Wildcats,TCU Horned Frogs,away,2026-01-10,2026-01-10,2026-01-10T21:00Z,,86.0,73.0,13.0,0,0,0,0,0,0,0,0,0,0,0.0,,,,,,,,,,0.0,False,True,post,Final,Final,2026-01-21T22:23:30Z,espn,v1.3.2,TCU Horned Frogs,Arizona Wildcats,0.0,1c4d23572a7714db6a13fd810f1823171968ffe2
401827612,2628.0,TCU Horned Frogs,Arizona Wildcats,home,2026-01-10,2026-01-10,2026-01-10T21:00Z,,73.0,86.0,-13.0,0,0,0,0,0,0,0,0,0,0,0.0,,,,,,,,,,0.0,False,True,post,Final,Final,2026-01-21T22:23:30Z,espn,v1.3.2,TCU Horned Frogs,Arizona Wildcats,0.0,988fad91fd9239ecf2e801bd597fdd0d5cacd180
401808161,8.0,Arkansas Razorbacks,Auburn Tigers,away,2026-01-10,2026-01-10,2026-01-10T23:00Z,,73.0,95.0,-22.0,0,0,0,0,0,0,0,0,0,0,0.0,,,,,,,,,,0.0,False,True,post,Final,Final,2026-01-21T22:23:24Z,espn,v1.3.2,Auburn Tigers,Arkansas Razorbacks,1.0,6e29806d946ca56855fc8f9d0451474a96564fd3
401808161,2.0,Auburn Tigers,Arkansas Razorbacks,home,2026-01-10,2026-01-10,2026-01-10T23:00Z,,95.0,73.0,22.0,0,0,0,0,0,0,0,0,0,0,0.0,,,,,,,,,,0.0,False,True,post,Final,Final,2026-01-21T22:23:24Z,espn,v1.3.2,Auburn Tigers,Arkansas Razorbacks,1.0,96d0b4c8e7ee3678c72080ba304d7576691ddb58
401820661,153.0,North Carolina Tar Heels,Wake Forest Demon Deacons,home,2026-01-10,2026-01-10,2026-01-10T23:00Z,,87.0,84.0,3.0,0,0,0,0,0,0,0,0,0,0,0.0,,,,,,,,,,0.0,False,True,post,Final,Final,2026-01-21T22:23:26Z,espn,v1.3.2,North Carolina Tar Heels,Wake Forest Demon Deacons,0.0,cd6542398a5791431d3b898a3c2916042458862a
401820661,154.0,Wake Forest Demon Deacons,North Carolina Tar Heels,away,2026-01-10,2026-01-10,2026-01-10T23:00Z,,84.0,87.0,-3.0,0,0,0,0,0,0,0,0,0,0,0.0,,,,,,,,,,0.0,False,True,post,Final,Final,2026-01-21T22:23:26Z,espn,v1.3.2,North Carolina Tar Heels,Wake Forest Demon Deacons,0.0,dd791727506759b26775a136eb3417396446eb8b
401827610,38.0,Colorado Buffaloes,Texas Tech Red Raiders,home,2026-01-10,2026-01-11,2026-01-11T00:00Z,,71.0,73.0,-2.0,0,0,0,0,0,0,0,0,0,0,0.0,,,,,,,,,,0.0,False,True,post,Final,Final,2026-01-21T22:23:29Z,espn,v1.3.2,Colorado Buffaloes,Texas Tech Red Raiders,0.0,944c4d4eb7b7c2cf52dfdaaa01192faa179d191e
401827610,2641.0,Texas Tech Red Raiders,Colorado Buffaloes,away,2026-01-10,2026-01-11,2026-01-11T00:00Z,,73.0,71.0,2.0,0,0,0,0,0,0,0,0,0,0,0.0,,,,,,,,,,0.0,False,True,post,Final,Final,2026-01-21T22:23:29Z,espn,v1.3.2,Colorado Buffaloes,Texas Tech Red Raiders,0.0,347fbb842bbc7a131ef86c9a9059fc3c7c47baee
401808168,333.0,Alabama Crimson Tide,Texas Longhorns,home,2026-01-10,2026-01-11,2026-01-11T01:00Z,,88.0,92.0,-4.0,0,0,0,0,0,0,0,0,0,0,0.0,,,,,,,,,,0.0,False,True,post,Final,Final,2026-01-21T22:23:26Z,espn,v1.3.2,Alabama Crimson Tide,Texas Longhorns,0.0,717745872d27a56df64e4b7ccf23b5358010bd28
401808168,251.0,Texas Longhorns,Alabama Crimson Tide,away,2026-01-10,2026-01-11,2026-01-11T01:00Z,,92.0,88.0,4.0,0,0,0,0,0,0,0,0,0,0,0.0,,,,,,,,,,0.0,False,True,post,Final,Final,2026-01-21T22:23:26Z,espn,v1.3.2,Alabama Crimson Tide,Texas Longhorns,0.0,106eafb414073ff6b9c71caa4b91424d9e9a7a6b
401827613,252.0,BYU Cougars,Utah Utes,away,2026-01-10,2026-01-11,2026-01-11T03:10Z,,89.0,84.0,5.0,0,0,0,0,0,0,0,0,0,0,0.0,,,,,,,,,,0.0,False,True,post,Final,Final,2026-01-21T22:23:30Z,espn,v1.3.2,Utah Utes,BYU Cougars,0.0,6e2cd6bbf370dd55b05dc7311220e16cfc8b3185
401827613,254.0,Utah Utes,BYU Cougars,home,2026-01-10,2026-01-11,2026-01-11T03:10Z,,84.0,89.0,-5.0,0,0,0,0,0,0,0,0,0,0,0.0,,,,,,,,,,0.0,False,True,post,Final,Final,2026-01-21T22:23:30Z,espn,v1.3.2,Utah Utes,BYU Cougars,0.0,1ea75178c85d947bc798da4554fadf30fd43b5be
401825435,356.0,Illinois Fighting Illini,Iowa Hawkeyes,away,2026-01-11,2026-01-11,2026-01-11T17:00Z,,75.0,69.0,6.0,0,0,0,0,0,0,0,0,0,0,0.0,,,,,,,,,,0.0,False,True,post,Final,Final,2026-01-21T22:23:31Z,espn,v1.3.2,Iowa Hawkeyes,Illinois Fighting Illini,0.0,e3e341b64e2f3b4a164544eebd2669d9ee1cc06a
401825435,2294.0,Iowa Hawkeyes,Illinois Fighting Illini,home,2026-01-11,2026-01-11,2026-01-11T17:00Z,,69.0,75.0,-6.0,0,0,0,0,0,0,0,0,0,0,0.0,,,,,,,,,,0.0,False,True,post,Final,Final,2026-01-21T22:23:31Z,espn,v1.3.2,Iowa Hawkeyes,Illinois Fighting Illini,0.0,885792896e129d0574339f41f62ccc3d100e347a
401827615,2132.0,Cincinnati Bearcats,UCF Knights,away,2026-01-11,2026-01-11,2026-01-11T22:00Z,,72.0,73.0,-1.0,0,0,0,0,0,0,0,0,0,0,0.0,,,,,,,,,,0.0,False,True,post,Final,Final,2026-01-21T22:23:31Z,espn,v1.3.2,UCF Knights,Cincinnati Bearcats,0.0,5b11bd48e6327af7cfe25a3e83c04bb5c6f242a3
401827615,2116.0,UCF Knights,Cincinnati Bearcats,home,2026-01-11,2026-01-11,2026-01-11T22:00Z,,73.0,72.0,1.0,0,0,0,0,0,0,0,0,0,0,0.0,,,,,,,,,,0.0,False,True,post,Final,Final,2026-01-21T22:23:31Z,espn,v1.3.2,UCF Knights,Cincinnati Bearcats,0.0,cdc86aed75ecd9cd426af6077b9a46a7f8fb451b
401828689,2415.0,Morgan State Bears,North Carolina Central Eagles,home,2026-01-12,2026-01-12,2026-01-12T23:00Z,,78.0,89.0,-11.0,0,0,0,0,0,0,0,0,0,0,0.0,,,,,,,,,,0.0,False,True,post,Final,Final,2026-01-21T22:23:36Z,espn,v1.3.2,Morgan State Bears,North Carolina Central Eagles,0.0,529b5d2293af86aa44c1f65884f61e5e29dac33d
401828689,2428.0,North Carolina Central Eagles,Morgan State Bears,away,2026-01-12,2026-01-12,2026-01-12T23:00Z,,89.0,78.0,11.0,0,0,0,0,0,0,0,0,0,0,0.0,,,,,,,,,,0.0,False,True,post,Final,Final,2026-01-21T22:23:36Z,espn,v1.3.2,Morgan State Bears,North Carolina Central Eagles,0.0,163e96b758064c06cb46ecd152c009e6e812cb72
401808906,2443.0,New Orleans Privateers,SE Louisiana Lions,away,2026-01-12,2026-01-13,2026-01-13T00:00Z,,79.0,76.0,3.0,0,0,0,0,0,0,0,0,0,0,0.0,,,,,,,,,,0.0,False,True,post,Final,Final,2026-01-21T22:23:32Z,espn,v1.3.2,SE Louisiana Lions,New Orleans Privateers,0.0,7e58d8c950ce0bde292d3e2ef5a27501c32f97ba
401808906,2545.0,SE Louisiana Lions,New Orleans Privateers,home,2026-01-12,2026-01-13,2026-01-13T00:00Z,,76.0,79.0,-3.0,0,0,0,0,0,0,0,0,0,0,0.0,,,,,,,,,,0.0,False,True,post,Final,Final,2026-01-21T22:23:32Z,espn,v1.3.2,SE Louisiana Lions,New Orleans Privateers,0.0,7529dc4a237a53f569300b981a8c23ec7a37f2b8
401808969,2916.0,Incarnate Word Cardinals,Stephen F. Austin Lumberjacks,away,2026-01-12,2026-01-13,2026-01-13T00:00Z,,46.0,56.0,-10.0,0,0,0,0,0,0,0,0,0,0,0.0,,,,,,,,,,0.0,False,True,post,Final,Final,2026-01-21T22:23:33Z,espn,v1.3.2,Stephen F. Austin Lumberjacks,Incarnate Word Cardinals,0.0,5a47e196e815355dab14749ed3f8c6f078740515
401808969,2617.0,Stephen F. Austin Lumberjacks,Incarnate Word Cardinals,home,2026-01-12,2026-01-13,2026-01-13T00:00Z,,56.0,46.0,10.0,0,0,0,0,0,0,0,0,0,0,0.0,,,,,,,,,,0.0,False,True,post,Final,Final,2026-01-21T22:23:33Z,espn,v1.3.2,Stephen F. Austin Lumberjacks,Incarnate Word Cardinals,0.0,c7868dcc2adc930ffd58f4c72df2f1a3b907b8e0
401820164,44.0,American University Eagles,Navy Midshipmen,home,2026-01-12,2026-01-13,2026-01-13T00:00Z,,65.0,51.0,14.0,0,0,0,0,0,0,0,0,0,0,0.0,,,,,,,,,,0.0,False,True,post,Final,Final,2026-01-21T22:23:33Z,espn,v1.3.2,American University Eagles,Navy Midshipmen,0.0,9440e7d0ea8bc0f40de6ccf65aa6bcc0828fb610
401820164,2426.0,Navy Midshipmen,American University Eagles,away,2026-01-12,2026-01-13,2026-01-13T00:00Z,,51.0,65.0,-14.0,0,0,0,0,0,0,0,0,0,0,0.0,,,,,,,,,,0.0,False,True,post,Final,Final,2026-01-21T22:23:33Z,espn,v1.3.2,American University Eagles,Navy Midshipmen,0.0,e4be3f87581af67f52ed0e84cd6e650bb378396d
401820478,2277.0,Houston Christian Huskies,Lamar Cardinals,away,2026-01-12,2026-01-13,2026-01-13T00:00Z,,56.0,64.0,-8.0,0,0,0,0,0,0,0,0,0,0,0.0,,,,,,,,,,0.0,False,True,post,Final,Final,2026-01-21T22:23:33Z,espn,v1.3.2,Lamar Cardinals,Houston Christian Huskies,0.0,ff2360dad3942ff1e7a5962456c55e06b7baec37
401820478,2320.0,Lamar Cardinals,Houston Christian Huskies,home,2026-01-12,2026-01-13,2026-01-13T00:00Z,,64.0,56.0,8.0,0,0,0,0,0,0,0,0,0,0,0.0,,,,,,,,,,0.0,False,True,post,Final,Final,2026-01-21T22:23:33Z,espn,v1.3.2,Lamar Cardinals,Houston Christian Huskies,0.0,051564ae3104ff675702697aa6555011b66cf15f
401822769,2154.0,Coppin State Eagles,South Carolina State Bulldogs,home,2026-01-12,2026-01-13,2026-01-13T00:00Z,,72.0,74.0,-2.0,0,0,0,0,0,0,0,0,0,0,0.0,,,,,,,,,,0.0,False,True,post,Final,Final,2026-01-21T22:23:34Z,espn,v1.3.2,Coppin State Eagles,South Carolina State Bulldogs,0.0,7a775d8200dfa08bd2cd218ca6523a5ce2a5a331
401822769,2569.0,South Carolina State Bulldogs,Coppin State Eagles,away,2026-01-12,2026-01-13,2026-01-13T00:00Z,,74.0,72.0,2.0,0,0,0,0,0,0,0,0,0,0,0.0,,,,,,,,,,0.0,False,True,post,Final,Final,2026-01-21T22:23:34Z,espn,v1.3.2,Coppin State Eagles,South Carolina State Bulldogs,0.0,21b72fd23cdb664c0498f2d8baf1ce4b3b689f05
401823047,2379.0,Maryland Eastern Shore Hawks,Norfolk State Spartans,away,2026-01-12,2026-01-13,2026-01-13T00:00Z,,74.0,70.0,4.0,0,0,0,0,0,0,0,0,0,0,0.0,,,,,,,,,,0.0,False,True,post,Final,Final,2026-01-21T22:23:34Z,espn,v1.3.2,Norfolk State Spartans,Maryland Eastern Shore Hawks,0.0,fc3e159ba1431d0f7d407a44829fa3544dacc0cb
401823047,2450.0,Norfolk State Spartans,Maryland Eastern Shore Hawks,home,2026-01-12,2026-01-13,2026-01-13T00:00Z,,70.0,74.0,-4.0,0,0,0,0,0,0,0,0,0,0,0.0,,,,,,,,,,0.0,False,True,post,Final,Final,2026-01-21T22:23:34Z,espn,v1.3.2,Norfolk State Spartans,Maryland Eastern Shore Hawks,0.0,514c4531428e49f04ddb19da63b342a64def7dfe
401827024,2065.0,Bethune-Cookman Wildcats,Southern Jaguars,home,2026-01-12,2026-01-13,2026-01-13T00:00Z,,73.0,77.0,-4.0,0,0,0,0,0,0,0,0,0,0,0.0,,,,,,,,,,0.0,False,True,post,Final,Final,2026-01-21T22:23:35Z,espn,v1.3.2,Bethune-Cookman Wildcats,Southern Jaguars,0.0,c9fd6349787bfceb6f8c86b1bafb11a2ff3af52c
401827024,2582.0,Southern Jaguars,Bethune-Cookman Wildcats,away,2026-01-12,2026-01-13,2026-01-13T00:00Z,,77.0,73.0,4.0,0,0,0,0,0,0,0,0,0,0,0.0,,,,,,,,,,0.0,False,True,post,Final,Final,2026-01-21T22:23:35Z,espn,v1.3.2,Bethune-Cookman Wildcats,Southern Jaguars,0.0,693913baa7a1de8c97750a14db5bd3af25892cec
401827049,2029.0,Arkansas-Pine Bluff Golden Lions,Prairie View A&M Panthers,away,2026-01-12,2026-01-13,2026-01-13T00:00Z,,61.0,73.0,-12.0,0,0,0,0,0,0,0,0,0,0,0.0,,,,,,,,,,0.0,False,True,post,Final,Final,2026-01-21T22:23:35Z,espn,v1.3.2,Prairie View A&M Panthers,Arkansas-Pine Bluff Golden Lions,0.0,c8ca6ff038b7153106740dc1fc51184f43210c53
401827049,2504.0,Prairie View A&M Panthers,Arkansas-Pine Bluff Golden Lions,home,2026-01-12,2026-01-13,2026-01-13T00:00Z,,73.0,61.0,12.0,0,0,0,0,0,0,0,0,0,0,0.0,,,,,,,,,,0.0,False,True,post,Final,Final,2026-01-21T22:23:35Z,espn,v1.3.2,Prairie View A&M Panthers,Arkansas-Pine Bluff Golden Lions,0.0,7ad30cd90de935e95c7da3cd41ca54d9436a5dbb
401827097,50.0,Florida A&M Rattlers,Grambling Tigers,home,2026-01-12,2026-01-13,2026-01-13T00:00Z,,91.0,84.0,7.0,0,0,0,0,0,0,0,0,0,0,0.0,,,,,,,,,,0.0,False,True,post,Final,Final,2026-01-21T22:23:35Z,espn,v1.3.2,Florida A&M Rattlers,Grambling Tigers,0.0,b56d22ce62f8820b7d9e98fc0974054a05dfc14e
401827097,2755.0,Grambling Tigers,Florida A&M Rattlers,away,2026-01-12,2026-01-13,2026-01-13T00:00Z,,84.0,91.0,-7.0,0,0,0,0,0,0,0,0,0,0,0.0,,,,,,,,,,0.0,False,True,post,Final,Final,2026-01-21T22:23:35Z,espn,v1.3.2,Florida A&M Rattlers,Grambling Tigers,0.0,65724d48557c5a4f9655240bbff13a69f0e1237b
401827162,2011.0,Alabama State Hornets,Alcorn State Braves,home,2026-01-12,2026-01-13,2026-01-13T00:00Z,,81.0,66.0,15.0,0,0,0,0,0,0,0,0,0,0,0.0,,,,,,,,,,0.0,False,True,post,Final,Final,2026-01-21T22:23:35Z,espn,v1.3.2,Alabama State Hornets,Alcorn State Braves,0.0,903b16f9356b162e2203e0707f8fe7d40ef9f4c9
401827162,2016.0,Alcorn State Braves,Alabama State Hornets,away,2026-01-12,2026-01-13,2026-01-13T00:00Z,,66.0,81.0,-15.0,0,0,0,0,0,0,0,0,0,0,0.0,,,,,,,,,,0.0,False,True,post,Final,Final,2026-01-21T22:23:35Z,espn,v1.3.2,Alabama State Hornets,Alcorn State Braves,0.0,4b4af07e833fb1925dabfda6e999536abd8a6b02
401830239,2169.0,Delaware State Hornets,Howard Bison,away,2026-01-12,2026-01-13,2026-01-13T00:00Z,,58.0,84.0,-26.0,0,0,0,0,0,0,0,0,0,0,0.0,,,,,,,,,,0.0,False,True,post,Final,Final,2026-01-21T22:23:37Z,espn,v1.3.2,Howard Bison,Delaware State Hornets,1.0,45dbf839883f8d15de7cfe808f00fdd5a8627af2
401830239,47.0,Howard Bison,Delaware State Hornets,home,2026-01-12,2026-01-13,2026-01-13T00:00Z,,84.0,58.0,26.0,0,0,0,0,0,0,0,0,0,0,0.0,,,,,,,,,,0.0,False,True,post,Final,Final,2026-01-21T22:23:37Z,espn,v1.3.2,Howard Bison,Delaware State Hornets,1.0,d4a89d15286bc52cdda847da8c839b4722d42fbf
401808709,2837.0,East Texas A&M Lions,Texas A&M-Corpus Christi Islanders,home,2026-01-12,2026-01-13,2026-01-13T00:30Z,,50.0,61.0,-11.0,0,0,0,0,0,0,0,0,0,0,0.0,,,,,,,,,,0.0,False,True,post,Final,Final,2026-01-21T22:23:31Z,espn,v1.3.2,East Texas A&M Lions,Texas A&M-Corpus Christi Islanders,0.0,2ecacc0873f7cb30dae0c55e95168ee0eb70b518
401808709,357.0,Texas A&M-Corpus Christi Islanders,East Texas A&M Lions,away,2026-01-12,2026-01-13,2026-01-13T00:30Z,,61.0,50.0,11.0,0,0,0,0,0,0,0,0,0,0,0.0,,,,,,,,,,0.0,False,True,post,Final,Final,2026-01-21T22:23:31Z,espn,v1.3.2,East Texas A&M Lions,Texas A&M-Corpus Christi Islanders,0.0,e4cc663ea05a265f8e0d519630cca299aefa2e7f
401808876,2377.0,McNeese Cowboys,Nicholls Colonels,home,2026-01-12,2026-01-13,2026-01-13T00:30Z,,94.0,68.0,26.0,0,0,0,0,0,0,0,0,0,0,0.0,,,,,,,,,,0.0,False,True,post,Final,Final,2026-01-21T22:23:32Z,espn,v1.3.2,McNeese Cowboys,Nicholls Colonels,1.0,4dfa01ea78b453c3040195e945bff55fde4e148d
401808876,2447.0,Nicholls Colonels,McNeese Cowboys,away,2026-01-12,2026-01-13,2026-01-13T00:30Z,,68.0,94.0,-26.0,0,0,0,0,0,0,0,0,0,0,0.0,,,,,,,,,,0.0,False,True,post,Final,Final,2026-01-21T22:23:32Z,espn,v1.3.2,McNeese Cowboys,Nicholls Colonels,1.0,439dfc37e2cb5bebf5912e5b64557e1ae15724ed
401808938,2466.0,Northwestern State Demons,UT Rio Grande Valley Vaqueros,home,2026-01-12,2026-01-13,2026-01-13T00:30Z,,64.0,63.0,1.0,0,0,0,0,0,0,0,0,0,0,0.0,,,,,,,,,,0.0,False,True,post,Final,Final,2026-01-21T22:23:32Z,espn,v1.3.2,Northwestern State Demons,UT Rio Grande Valley Vaqueros,0.0,5cc8b51dba5ef3a58ffc915b3a9ece61f311b295
401808938,292.0,UT Rio Grande Valley Vaqueros,Northwestern State Demons,away,2026-01-12,2026-01-13,2026-01-13T00:30Z,,63.0,64.0,-1.0,0,0,0,0,0,0,0,0,0,0,0.0,,,,,,,,,,0.0,False,True,post,Final,Final,2026-01-21T22:23:32Z,espn,v1.3.2,Northwestern State Demons,UT Rio Grande Valley Vaqueros,0.0,53a47aeb36f29a6aa18356779e17d92b71ca9631
401827203,2010.0,Alabama A&M Bulldogs,Jackson State Tigers,home,2026-01-12,2026-01-13,2026-01-13T01:00Z,,100.0,91.0,9.0,0,0,0,0,0,0,0,0,0,0,0.0,,,,,,,,,,0.0,False,True,post,Final,Final,2026-01-21T22:23:36Z,espn,v1.3.2,Alabama A&M Bulldogs,Jackson State Tigers,0.0,f401ad282135dd783fb9f6ca4ee003d7bebc0901
401827203,2296.0,Jackson State Tigers,Alabama A&M Bulldogs,away,2026-01-12,2026-01-13,2026-01-13T01:00Z,,91.0,100.0,-9.0,0,0,0,0,0,0,0,0,0,0,0.0,,,,,,,,,,0.0,False,True,post,Final,Final,2026-01-21T22:23:36Z,espn,v1.3.2,Alabama A&M Bulldogs,Jackson State Tigers,0.0,110f3b11fa2608f4e506b7c62c35e7464edf5e4f
401829500,2400.0,Mississippi Valley State Delta Devils,Texas Southern Tigers,away,2026-01-12,2026-01-13,2026-01-13T01:00Z,,51.0,84.0,-33.0,0,0,0,0,0,0,0,0,0,0,0.0,,,,,,,,,,0.0,False,True,post,Final,Final,2026-01-21T22:23:37Z,espn,v1.3.2,Texas Southern Tigers,Mississippi Valley State Delta Devils,1.0,f5232f593f05931a4cb32cf255ec917d786320be
401829500,2640.0,Texas Southern Tigers,Mississippi Valley State Delta Devils,home,2026-01-12,2026-01-13,2026-01-13T01:00Z,,84.0,51.0,33.0,0,0,0,0,0,0,0,0,0,0,0.0,,,,,,,,,,0.0,False,True,post,Final,Final,2026-01-21T22:23:37Z,espn,v1.3.2,Texas Southern Tigers,Mississippi Valley State Delta Devils,1.0,dceaa90b8174dfa2f85169027ccd550ade2a05aa
401808175,2633.0,Tennessee Volunteers,Texas A&M Aggies,home,2026-01-13,2026-01-14,2026-01-14T00:00Z,,87.0,82.0,5.0,0,0,0,0,0,0,0,0,0,0,0.0,,,,,,,,,,0.0,False,True,post,Final,Final/2OT,2026-01-21T22:23:38Z,espn,v1.3.2,Tennessee Volunteers,Texas A&M Aggies,0.0,1dc9a66aaccc3da1d27c6977bbbae20e37e4e7c4
401808175,245.0,Texas A&M Aggies,Tennessee Volunteers,away,2026-01-13,2026-01-14,2026-01-14T00:00Z,,82.0,87.0,-5.0,0,0,0,0,0,0,0,0,0,0,0.0,,,,,,,,,,0.0,False,True,post,Final,Final/2OT,2026-01-21T22:23:38Z,espn,v1.3.2,Tennessee Volunteers,Texas A&M Aggies,0.0,7a59d6d7dee15fb5dc0a6eac77a0e7dcf1d92b88
401820667,103.0,Boston College Eagles,Clemson Tigers,away,2026-01-13,2026-01-14,2026-01-14T00:00Z,,50.0,74.0,-24.0,0,0,0,0,0,0,0,0,0,0,0.0,,,,,,,,,,0.0,False,True,post,Final,Final,2026-01-21T22:23:38Z,espn,v1.3.2,Clemson Tigers,Boston College Eagles,1.0,02fef61f5b5fb9853ec6ea490b08caf0ae148e86
401820667,228.0,Clemson Tigers,Boston College Eagles,home,2026-01-13,2026-01-14,2026-01-14T00:00Z,,74.0,50.0,24.0,0,0,0,0,0,0,0,0,0,0,0.0,,,,,,,,,,0.0,False,True,post,Final,Final,2026-01-21T22:23:38Z,espn,v1.3.2,Clemson Tigers,Boston College Eagles,1.0,c22f40f8db7d5731e47b8f41ab9755595501f472
401820669,97.0,Louisville Cardinals,Virginia Cavaliers,home,2026-01-13,2026-01-14,2026-01-14T00:00Z,,70.0,79.0,-9.0,0,0,0,0,0,0,0,0,0,0,0.0,,,,,,,,,,0.0,False,True,post,Final,Final,2026-01-21T22:23:39Z,espn,v1.3.2,Louisville Cardinals,Virginia Cavaliers,0.0,0b5436a046895487b4b8129286337633701153e8
401820669,258.0,Virginia Cavaliers,Louisville Cardinals,away,2026-01-13,2026-01-14,2026-01-14T00:00Z,,79.0,70.0,9.0,0,0,0,0,0,0,0,0,0,0,0.0,,,,,,,,,,0.0,False,True,post,Final,Final,2026-01-21T22:23:39Z,espn,v1.3.2,Louisville Cardinals,Virginia Cavaliers,0.0,07e30459e8303565033891f84bc0e25e59f00f47
401825438,84.0,Indiana Hoosiers,Michigan State Spartans,away,2026-01-13,2026-01-14,2026-01-14T00:00Z,,60.0,81.0,-21.0,0,0,0,0,0,0,0,0,0,0,0.0,,,,,,,,,,0.0,False,True,post,Final,Final,2026-01-21T22:23:39Z,espn,v1.3.2,Michigan State Spartans,Indiana Hoosiers,1.0,5f8a5d0277f26b03b50a58058d3795a78addfc8a
401825438,127.0,Michigan State Spartans,Indiana Hoosiers,home,2026-01-13,2026-01-14,2026-01-14T00:00Z,,81.0,60.0,21.0,0,0,0,0,0,0,0,0,0,0,0.0,,,,,,,,,,0.0,False,True,post,Final,Final,2026-01-21T22:23:39Z,espn,v1.3.2,Michigan State Spartans,Indiana Hoosiers,1.0,3ecdf10c0dfea54176d2cc42538f31de65e06ac4
401822900,2550.0,Seton Hall Pirates,UConn Huskies,home,2026-01-13,2026-01-14,2026-01-14T01:00Z,,64.0,69.0,-5.0,0,0,0,0,0,0,0,0,0,0,0.0,,,,,,,,,,0.0,False,True,post,Final,Final,2026-01-21T22:23:39Z,espn,v1.3.2,Seton Hall Pirates,UConn Huskies,0.0,c97ed9691ad7c3a0cd7c6d074099564286cb98b7
401822900,41.0,UConn Huskies,Seton Hall Pirates,away,2026-01-13,2026-01-14,2026-01-14T01:00Z,,69.0,64.0,5.0,0,0,0,0,0,0,0,0,0,0,0.0,,,,,,,,,,0.0,False,True,post,Final,Final,2026-01-21T22:23:39Z,espn,v1.3.2,Seton Hall Pirates,UConn Huskies,0.0,0e1436450a765ff610d3df543dd8e81fe29349c0
401827616,248.0,Houston Cougars,West Virginia Mountaineers,home,2026-01-13,2026-01-14,2026-01-14T01:30Z,,77.0,48.0,29.0,0,0,0,0,0,0,0,0,0,0,0.0,,,,,,,,,,0.0,False,True,post,Final,Final,2026-01-21T22:23:40Z,espn,v1.3.2,Houston Cougars,West Virginia Mountaineers,1.0,a8bd213330f195dacb5fb4b5923ad921d0fe491d
401827616,277.0,West Virginia Mountaineers,Houston Cougars,away,2026-01-13,2026-01-14,2026-01-14T01:30Z,,48.0,77.0,-29.0,0,0,0,0,0,0,0,0,0,0,0.0,,,,,,,,,,0.0,False,True,post,Final,Final,2026-01-21T22:23:40Z,espn,v1.3.2,Houston Cougars,West Virginia Mountaineers,1.0,1be6925b2b34b27999ee02fbf6b6a58d94b3bbc4
401808170,333.0,Alabama Crimson Tide,Mississippi State Bulldogs,away,2026-01-13,2026-01-14,2026-01-14T02:00Z,,97.0,82.0,15.0,0,0,0,0,0,0,0,0,0,0,0.0,,,,,,,,,,0.0,False,True,post,Final,Final,2026-01-21T22:23:37Z,espn,v1.3.2,Mississippi State Bulldogs,Alabama Crimson Tide,0.0,da1344d08bee13f367c4ba5819ad27ee9f2f6139
401808170,344.0,Mississippi State Bulldogs,Alabama Crimson Tide,home,2026-01-13,2026-01-14,2026-01-14T02:00Z,,82.0,97.0,-15.0,0,0,0,0,0,0,0,0,0,0,0.0,,,,,,,,,,0.0,False,True,post,Final,Final,2026-01-21T22:23:37Z,espn,v1.3.2,Mississippi State Bulldogs,Alabama Crimson Tide,0.0,e567ab143a1a9034f44e1e4fd6c42c2af7078cf6
401808172,57.0,Florida Gators,Oklahoma Sooners,away,2026-01-13,2026-01-14,2026-01-14T02:00Z,,96.0,79.0,17.0,0,0,0,0,0,0,0,0,0,0,0.0,,,,,,,,,,0.0,False,True,post,Final,Final,2026-01-21T22:23:37Z,espn,v1.3.2,Oklahoma Sooners,Florida Gators,0.0,766c1a4515a5e4091880c79e10943e3cabc52078
401808172,201.0,Oklahoma Sooners,Florida Gators,home,2026-01-13,2026-01-14,2026-01-14T02:00Z,,79.0,96.0,-17.0,0,0,0,0,0,0,0,0,0,0,0.0,,,,,,,,,,0.0,False,True,post,Final,Final,2026-01-21T22:23:37Z,espn,v1.3.2,Oklahoma Sooners,Florida Gators,0.0,abfb0a0d582c4be1acbbbd82dd537626b4b5d35d
401825440,158.0,Nebraska Cornhuskers,Oregon Ducks,home,2026-01-13,2026-01-14,2026-01-14T02:00Z,,90.0,55.0,35.0,0,0,0,0,0,0,0,0,0,0,0.0,,,,,,,,,,0.0,False,True,post,Final,Final,2026-01-21T22:23:40Z,espn,v1.3.2,Nebraska Cornhuskers,Oregon Ducks,1.0,2fe6e579e52874cc872c54b2b055a4d4b10d783f
401825440,2483.0,Oregon Ducks,Nebraska Cornhuskers,away,2026-01-13,2026-01-14,2026-01-14T02:00Z,,55.0,90.0,-35.0,0,0,0,0,0,0,0,0,0,0,0.0,,,,,,,,,,0.0,False,True,post,Final,Final,2026-01-21T22:23:40Z,espn,v1.3.2,Nebraska Cornhuskers,Oregon Ducks,1.0,4954e9a518605dce0c1f6a70fa49d54dc3b0b577
401827617,66.0,Iowa State Cyclones,Kansas Jayhawks,away,2026-01-13,2026-01-14,2026-01-14T02:00Z,,63.0,84.0,-21.0,0,0,0,0,0,0,0,0,0,0,0.0,,,,,,,,,,0.0,False,True,post,Final,Final,2026-01-21T22:23:40Z,espn,v1.3.2,Kansas Jayhawks,Iowa State Cyclones,1.0,d77e3387f3d2a9551bb728e1c19b9ac0097b9c59
401827617,2305.0,Kansas Jayhawks,Iowa State Cyclones,home,2026-01-13,2026-01-14,2026-01-14T02:00Z,,84.0,63.0,21.0,0,0,0,0,0,0,0,0,0,0,0.0,,,,,,,,,,0.0,False,True,post,Final,Final,2026-01-21T22:23:40Z,espn,v1.3.2,Kansas Jayhawks,Iowa State Cyclones,1.0,484b0b8078da2f8c8b077e5d95dc821d96597168
401825444,2294.0,Iowa Hawkeyes,Purdue Boilermakers,away,2026-01-14,2026-01-14,2026-01-14T23:30Z,,72.0,79.0,-7.0,0,0,0,0,0,0,0,0,0,0,0.0,,,,,,,,,,0.0,False,True,post,Final,Final,2026-01-21T22:23:42Z,espn,v1.3.2,Purdue Boilermakers,Iowa Hawkeyes,0.0,eec09573cacfaf8f2e3578969cac364e197b5354
401825444,2509.0,Purdue Boilermakers,Iowa Hawkeyes,home,2026-01-14,2026-01-14,2026-01-14T23:30Z,,79.0,72.0,7.0,0,0,0,0,0,0,0,0,0,0,0.0,,,,,,,,,,0.0,False,True,post,Final,Final,2026-01-21T22:23:42Z,espn,v1.3.2,Purdue Boilermakers,Iowa Hawkeyes,0.0,f8eaaa4fc2de8fda07a46b731bf2edef7344ed60
401808174,61.0,Georgia Bulldogs,Ole Miss Rebels,home,2026-01-14,2026-01-15,2026-01-15T00:00Z,,95.0,97.0,-2.0,0,0,0,0,0,0,0,0,0,0,0.0,,,,,,,,,,0.0,False,True,post,Final,Final/OT,2026-01-21T22:23:41Z,espn,v1.3.2,Georgia Bulldogs,Ole Miss Rebels,0.0,764f99c2f02e54db2b3b6c86fe598d4a07a958ac
401808174,145.0,Ole Miss Rebels,Georgia Bulldogs,away,2026-01-14,2026-01-15,2026-01-15T00:00Z,,97.0,95.0,2.0,0,0,0,0,0,0,0,0,0,0,0.0,,,,,,,,,,0.0,False,True,post,Final,Final/OT,2026-01-21T22:23:41Z,espn,v1.3.2,Georgia Bulldogs,Ole Miss Rebels,0.0,ec3ccf32319e9d2a5f29d206298a492f5bb4a1f0
401825442,356.0,Illinois Fighting Illini,Northwestern Wildcats,away,2026-01-14,2026-01-15,2026-01-15T01:30Z,,79.0,68.0,11.0,0,0,0,0,0,0,0,0,0,0,0.0,,,,,,,,,,0.0,False,True,post,Final,Final,2026-01-21T22:23:42Z,espn,v1.3.2,Northwestern Wildcats,Illinois Fighting Illini,0.0,141ba195129671b537922838b70797241c2c161a
401825442,77.0,Northwestern Wildcats,Illinois Fighting Illini,home,2026-01-14,2026-01-15,2026-01-15T01:30Z,,68.0,79.0,-11.0,0,0,0,0,0,0,0,0,0,0,0.0,,,,,,,,,,0.0,False,True,post,Final,Final,2026-01-21T22:23:42Z,espn,v1.3.2,Northwestern Wildcats,Illinois Fighting Illini,0.0,b434a78437b352ff90d5423c4f98a5eab56c53e9
401808173,8.0,Arkansas Razorbacks,South Carolina Gamecocks,home,2026-01-14,2026-01-15,2026-01-15T02:00Z,,108.0,74.0,34.0,0,0,0,0,0,0,0,0,0,0,0.0,,,,,,,,,,0.0,False,True,post,Final,Final,2026-01-21T22:23:40Z,espn,v1.3.2,Arkansas Razorbacks,South Carolina Gamecocks,1.0,5034c9e7896b61129f5be45d63ef6cf2bb44848d
401808173,2579.0,South Carolina Gamecocks,Arkansas Razorbacks,away,2026-01-14,2026-01-15,2026-01-15T02:00Z,,74.0,108.0,-34.0,0,0,0,0,0,0,0,0,0,0,0.0,,,,,,,,,,0.0,False,True,post,Final,Final,2026-01-21T22:23:40Z,espn,v1.3.2,Arkansas Razorbacks,South Carolina Gamecocks,1.0,9f50a0cf9ab81f14204aacf43b5729ca3b261e49
401808176,251.0,Texas Longhorns,Vanderbilt Commodores,home,2026-01-14,2026-01-15,2026-01-15T02:00Z,,80.0,64.0,16.0,0,0,0,0,0,0,0,0,0,0,0.0,,,,,,,,,,0.0,False,True,post,Final,Final,2026-01-21T22:23:41Z,espn,v1.3.2,Texas Longhorns,Vanderbilt Commodores,0.0,aedc32284dc9c4c02b7428507465130b15e24873
401808176,238.0,Vanderbilt Commodores,Texas Longhorns,away,2026-01-14,2026-01-15,2026-01-15T02:00Z,,64.0,80.0,-16.0,0,0,0,0,0,0,0,0,0,0,0.0,,,,,,,,,,0.0,False,True,post,Final,Final,2026-01-21T22:23:41Z,espn,v1.3.2,Texas Longhorns,Vanderbilt Commodores,0.0,5a8361bb5451d56287a1bae2a84e573a1f16eb85
401820672,153.0,North Carolina Tar Heels,Stanford Cardinal,away,2026-01-14,2026-01-15,2026-01-15T02:00Z,,90.0,95.0,-5.0,0,0,0,0,0,0,0,0,0,0,0.0,,,,,,,,,,0.0,False,True,post,Final,Final,2026-01-21T22:23:42Z,espn,v1.3.2,Stanford Cardinal,North Carolina Tar Heels,0.0,4fdb0aa71ac816ece0531fa20686648bc93d468e
401820672,24.0,Stanford Cardinal,North Carolina Tar Heels,home,2026-01-14,2026-01-15,2026-01-15T02:00Z,,95.0,90.0,5.0,0,0,0,0,0,0,0,0,0,0,0.0,,,,,,,,,,0.0,False,True,post,Final,Final,2026-01-21T22:23:42Z,espn,v1.3.2,Stanford Cardinal,North Carolina Tar Heels,0.0,01a90e79fad7fa375b2a79c38492ab0e9c25fa21
401827623,2641.0,Texas Tech Red Raiders,Utah Utes,home,2026-01-14,2026-01-15,2026-01-15T02:00Z,,88.0,74.0,14.0,0,0,0,0,0,0,0,0,0,0,0.0,,,,,,,,,,0.0,False,True,post,Final,Final,2026-01-21T22:23:44Z,espn,v1.3.2,Texas Tech Red Raiders,Utah Utes,0.0,b536ca1e79bfe8910ad603c79c58f701f6d751b7
401827623,254.0,Utah Utes,Texas Tech Red Raiders,away,2026-01-14,2026-01-15,2026-01-15T02:00Z,,74.0,88.0,-14.0,0,0,0,0,0,0,0,0,0,0,0.0,,,,,,,,,,0.0,False,True,post,Final,Final,2026-01-21T22:23:44Z,espn,v1.3.2,Texas Tech Red Raiders,Utah Utes,0.0,e291df5486afa585531868e3dabdad2425db0992
401829294,2440.0,Nevada Wolf Pack,Utah State Aggies,away,2026-01-14,2026-01-15,2026-01-15T03:00Z,,62.0,71.0,-9.0,0,0,0,0,0,0,0,0,0,0,0.0,,,,,,,,,,0.0,False,True,post,Final,Final,2026-01-21T22:23:44Z,espn,v1.3.2,Utah State Aggies,Nevada Wolf Pack,0.0,9051d7bb4040e6196cbe4d6ae421e143e72228ed
401829294,328.0,Utah State Aggies,Nevada Wolf Pack,home,2026-01-14,2026-01-15,2026-01-15T03:00Z,,71.0,62.0,9.0,0,0,0,0,0,0,0,0,0,0,0.0,,,,,,,,,,0.0,False,True,post,Final,Final,2026-01-21T22:23:44Z,espn,v1.3.2,Utah State Aggies,Nevada Wolf Pack,0.0,c656d447d35ec7c7ae012e1593d87b39ff13e8a6
401825445,130.0,Michigan Wolverines,Washington Huskies,away,2026-01-14,2026-01-15,2026-01-15T03:30Z,,82.0,72.0,10.0,0,0,0,0,0,0,0,0,0,0,0.0,,,,,,,,,,0.0,False,True,post,Final,Final,2026-01-21T22:23:43Z,espn,v1.3.2,Washington Huskies,Michigan Wolverines,0.0,04d1be22121561baf86e1e7c68ae747bc8743cee
401825445,264.0,Washington Huskies,Michigan Wolverines,home,2026-01-14,2026-01-15,2026-01-15T03:30Z,,72.0,82.0,-10.0,0,0,0,0,0,0,0,0,0,0,0.0,,,,,,,,,,0.0,False,True,post,Final,Final,2026-01-21T22:23:43Z,espn,v1.3.2,Washington Huskies,Michigan Wolverines,0.0,647a7eb7757a8a3f7ecbd38e9c90787deeebfe8c
401827619,9.0,Arizona State Sun Devils,Arizona Wildcats,away,2026-01-14,2026-01-15,2026-01-15T03:30Z,,82.0,89.0,-7.0,0,0,0,0,0,0,0,0,0,0,0.0,,,,,,,,,,0.0,False,True,post,Final,Final,2026-01-21T22:23:43Z,espn,v1.3.2,Arizona Wildcats,Arizona State Sun Devils,0.0,c440b7d25511d82227c8b42eb49e71d180cf5fa0
401827619,12.0,Arizona Wildcats,Arizona State Sun Devils,home,2026-01-14,2026-01-15,2026-01-15T03:30Z,,89.0,82.0,7.0,0,0,0,0,0,0,0,0,0,0,0.0,,,,,,,,,,0.0,False,True,post,Final,Final,2026-01-21T22:23:43Z,espn,v1.3.2,Arizona Wildcats,Arizona State Sun Devils,0.0,7a39f46b9de51fdb6245ae4fd1994a3a884cd8ab
401820666,25.0,California Golden Bears,Duke Blue Devils,home,2026-01-14,2026-01-15,2026-01-15T04:10Z,,56.0,71.0,-15.0,0,0,0,0,0,0,0,0,0,0,0.0,,,,,,,,,,0.0,False,True,post,Final,Final,2026-01-21T22:23:41Z,espn,v1.3.2,California Golden Bears,Duke Blue Devils,0.0,508f8b575de6473f510172d4f1d930d87001d315
401820666,150.0,Duke Blue Devils,California Golden Bears,away,2026-01-14,2026-01-15,2026-01-15T04:10Z,,71.0,56.0,15.0,0,0,0,0,0,0,0,0,0,0,0.0,,,,,,,,,,0.0,False,True,post,Final,Final,2026-01-21T22:23:41Z,espn,v1.3.2,California Golden Bears,Duke Blue Devils,0.0,832e95307065b8d940719f7e85ff5804fe5d57d4
401827620,252.0,BYU Cougars,TCU Horned Frogs,home,2026-01-14,2026-01-15,2026-01-15T04:10Z,,76.0,70.0,6.0,0,0,0,0,0,0,0,0,0,0,0.0,,,,,,,,,,0.0,False,True,post,Final,Final,2026-01-21T22:23:43Z,espn,v1.3.2,BYU Cougars,TCU Horned Frogs,0.0,afb66abc45d251d4f5868fbd8efd921787e04099
401827620,2628.0,TCU Horned Frogs,BYU Cougars,away,2026-01-14,2026-01-15,2026-01-15T04:10Z,,70.0,76.0,-6.0,0,0,0,0,0,0,0,0,0,0,0.0,,,,,,,,,,0.0,False,True,post,Final,Final,2026-01-21T22:23:43Z,espn,v1.3.2,BYU Cougars,TCU Horned Frogs,0.0,10127888883388f14edc70525e415d6306baea2b
401829197,2250.0,Gonzaga Bulldogs,Washington State Cougars,away,2026-01-15,2026-01-16,2026-01-16T03:15Z,,86.0,65.0,21.0,0,0,0,0,0,0,0,0,0,0,0.0,,,,,,,,,,0.0,False,True,post,Final,Final,2026-01-21T22:19:27Z,espn,v1.3.2,Washington State Cougars,Gonzaga Bulldogs,1.0,c53998631a84055783aef738f7b2e965912a1abe
401829197,265.0,Washington State Cougars,Gonzaga Bulldogs,home,2026-01-15,2026-01-16,2026-01-16T03:15Z,,65.0,86.0,-21.0,0,0,0,0,0,0,0,0,0,0,0.0,,,,,,,,,,0.0,False,True,post,Final,Final,2026-01-21T22:19:27Z,espn,v1.3.2,Washington State Cougars,Gonzaga Bulldogs,1.0,796db497e29b30adf435d4ab15b9bba6b9836fab
401814526,2309.0,Kent State Golden Flashes,Toledo Rockets,home,2026-01-16,2026-01-16,2026-01-16T23:30Z,,87.0,84.0,3.0,0,0,0,0,0,0,0,0,0,0,0.0,,,,,,,,,,0.0,False,True,post,Final,Final,2026-01-21T22:19:28Z,espn,v1.3.2,Kent State Golden Flashes,Toledo Rockets,0.0,327f84f49d17127bdcb020772e69d69dd1dd292f
401814526,2649.0,Toledo Rockets,Kent State Golden Flashes,away,2026-01-16,2026-01-16,2026-01-16T23:30Z,,84.0,87.0,-3.0,0,0,0,0,0,0,0,0,0,0,0.0,,,,,,,,,,0.0,False,True,post,Final,Final,2026-01-21T22:19:28Z,espn,v1.3.2,Kent State Golden Flashes,Toledo Rockets,0.0,dd15fb7ca72ff5665ba9d36944c0f5042604c9bd
401822903,156.0,Creighton Bluejays,Providence Friars,away,2026-01-16,2026-01-16,2026-01-16T23:30Z,,88.0,93.0,-5.0,0,0,0,0,0,0,0,0,0,0,0.0,,,,,,,,,,0.0,False,True,post,Final,Final,2026-01-21T22:19:29Z,espn,v1.3.2,Providence Friars,Creighton Bluejays,0.0,917e8d63ab4fa4b78abc72627787ed5b90093d34
401822903,2507.0,Providence Friars,Creighton Bluejays,home,2026-01-16,2026-01-16,2026-01-16T23:30Z,,93.0,88.0,5.0,0,0,0,0,0,0,0,0,0,0,0.0,,,,,,,,,,0.0,False,True,post,Final,Final,2026-01-21T22:19:29Z,espn,v1.3.2,Providence Friars,Creighton Bluejays,0.0,21983ea8176ee26ef95a84168075c36c16eecc04
401827624,239.0,Baylor Bears,Kansas Jayhawks,away,2026-01-16,2026-01-17,2026-01-17T01:00Z,,62.0,80.0,-18.0,0,0,0,0,0,0,0,0,0,0,0.0,,,,,,,,,,0.0,False,True,post,Final,Final,2026-01-21T22:19:30Z,espn,v1.3.2,Kansas Jayhawks,Baylor Bears,1.0,0ad85026fa9d4256e4ae022f2b2b7e020d52167b
401827624,2305.0,Kansas Jayhawks,Baylor Bears,home,2026-01-16,2026-01-17,2026-01-17T01:00Z,,80.0,62.0,18.0,0,0,0,0,0,0,0,0,0,0,0.0,,,,,,,,,,0.0,False,True,post,Final,Final,2026-01-21T22:19:30Z,espn,v1.3.2,Kansas Jayhawks,Baylor Bears,1.0,3f0d91188f11cf796de340b792ea87cc1bfae11d
401814524,2050.0,Ball State Cardinals,Ohio Bobcats,home,2026-01-16,2026-01-17,2026-01-17T01:30Z,,76.0,71.0,5.0,0,0,0,0,0,0,0,0,0,0,0.0,,,,,,,,,,0.0,False,True,post,Final,Final,2026-01-21T22:19:28Z,espn,v1.3.2,Ball State Cardinals,Ohio Bobcats,0.0,4b2759ca710b11e4f04259a90277e613ef0281b7
401814524,195.0,Ohio Bobcats,Ball State Cardinals,away,2026-01-16,2026-01-17,2026-01-17T01:30Z,,71.0,76.0,-5.0,0,0,0,0,0,0,0,0,0,0,0.0,,,,,,,,,,0.0,False,True,post,Final,Final,2026-01-21T22:19:28Z,espn,v1.3.2,Ball State Cardinals,Ohio Bobcats,0.0,7a7e876a0e95d397180703845abdf418f9e98f1a
401822902,305.0,DePaul Blue Demons,Marquette Golden Eagles,home,2026-01-16,2026-01-17,2026-01-17T01:30Z,,80.0,75.0,5.0,0,0,0,0,0,0,0,0,0,0,0.0,,,,,,,,,,0.0,False,True,post,Final,Final,2026-01-21T22:19:29Z,espn,v1.3.2,DePaul Blue Demons,Marquette Golden Eagles,0.0,99ad7a2b2bd651ff16be459bf09e0bd0c65be779
401822902,269.0,Marquette Golden Eagles,DePaul Blue Demons,away,2026-01-16,2026-01-17,2026-01-17T01:30Z,,75.0,80.0,-5.0,0,0,0,0,0,0,0,0,0,0,0.0,,,,,,,,,,0.0,False,True,post,Final,Final,2026-01-21T22:19:29Z,espn,v1.3.2,DePaul Blue Demons,Marquette Golden Eagles,0.0,0ab1930babe41c4fd6cd29b8b19a2b4aea2a4cde
401828376,2168.0,Dayton Flyers,Loyola Chicago Ramblers,home,2026-01-16,2026-01-17,2026-01-17T01:30Z,,78.0,51.0,27.0,0,0,0,0,0,0,0,0,0,0,0.0,,,,,,,,,,0.0,False,True,post,Final,Final,2026-01-21T22:19:30Z,espn,v1.3.2,Dayton Flyers,Loyola Chicago Ramblers,1.0,b0edc2f3241573e2f4a12f803a56ca4e6d71c14c
401828376,2350.0,Loyola Chicago Ramblers,Dayton Flyers,away,2026-01-16,2026-01-17,2026-01-17T01:30Z,,51.0,78.0,-27.0,0,0,0,0,0,0,0,0,0,0,0.0,,,,,,,,,,0.0,False,True,post,Final,Final,2026-01-21T22:19:30Z,espn,v1.3.2,Dayton Flyers,Loyola Chicago Ramblers,1.0,4f184e85f6cd1a0abaa619ef09486146c412267a
401830828,68.0,Boise State Broncos,Colorado State Rams,home,2026-01-16,2026-01-17,2026-01-17T03:45Z,,79.0,73.0,6.0,0,0,0,0,0,0,0,0,0,0,0.0,,,,,,,,,,0.0,False,True,post,Final,Final,2026-01-21T22:19:30Z,espn,v1.3.2,Boise State Broncos,Colorado State Rams,0.0,20a8b703f6423ef8eec5ea6e42380247dee0676d
401830828,36.0,Colorado State Rams,Boise State Broncos,away,2026-01-16,2026-01-17,2026-01-17T03:45Z,,73.0,79.0,-6.0,0,0,0,0,0,0,0,0,0,0,0.0,,,,,,,,,,0.0,False,True,post,Final,Final,2026-01-21T22:19:30Z,espn,v1.3.2,Boise State Broncos,Colorado State Rams,0.0,d4a80deb04ee0b94d80d30997894c083c756236b
401808181,96.0,Kentucky Wildcats,Tennessee Volunteers,away,2026-01-17,2026-01-17,2026-01-17T17:00Z,,80.0,78.0,2.0,0,0,0,0,0,0,0,0,0,0,0.0,,,,,,,,,,0.0,False,True,post,Final,Final,2026-01-21T22:19:31Z,espn,v1.3.2,Tennessee Volunteers,Kentucky Wildcats,0.0,38ceff8c0fec7636121503eece9e19f035d6b556
401808181,2633.0,Tennessee Volunteers,Kentucky Wildcats,home,2026-01-17,2026-01-17,2026-01-17T17:00Z,,78.0,80.0,-2.0,0,0,0,0,0,0,0,0,0,0,0.0,,,,,,,,,,0.0,False,True,post,Final,Final,2026-01-21T22:19:31Z,espn,v1.3.2,Tennessee Volunteers,Kentucky Wildcats,0.0,03a5193181cfd8515ae4ee4b9eba809870e60883
401820680,2567.0,SMU Mustangs,Virginia Cavaliers,home,2026-01-17,2026-01-17,2026-01-17T17:00Z,,68.0,72.0,-4.0,0,0,0,0,0,0,0,0,0,0,0.0,,,,,,,,,,0.0,False,True,post,Final,Final,2026-01-21T22:19:34Z,espn,v1.3.2,SMU Mustangs,Virginia Cavaliers,0.0,9131de69d8cea5a30d87d57a5b8bf23b6f07d428
401820680,258.0,Virginia Cavaliers,SMU Mustangs,away,2026-01-17,2026-01-17,2026-01-17T17:00Z,,72.0,68.0,4.0,0,0,0,0,0,0,0,0,0,0,0.0,,,,,,,,,,0.0,False,True,post,Final,Final,2026-01-21T22:19:34Z,espn,v1.3.2,SMU Mustangs,Virginia Cavaliers,0.0,a28cf8a4583a9e667f42220db43eaf26da27a111
401822904,46.0,Georgetown Hoyas,UConn Huskies,home,2026-01-17,2026-01-17,2026-01-17T17:00Z,,62.0,64.0,-2.0,0,0,0,0,0,0,0,0,0,0,0.0,,,,,,,,,,0.0,False,True,post,Final,Final,2026-01-21T22:19:35Z,espn,v1.3.2,Georgetown Hoyas,UConn Huskies,0.0,1fc7b3187670663f9598a6641f13cd79d386e057
401822904,41.0,UConn Huskies,Georgetown Hoyas,away,2026-01-17,2026-01-17,2026-01-17T17:00Z,,64.0,62.0,2.0,0,0,0,0,0,0,0,0,0,0,0.0,,,,,,,,,,0.0,False,True,post,Final,Final,2026-01-21T22:19:35Z,espn,v1.3.2,Georgetown Hoyas,UConn Huskies,0.0,ab107e2133bdad161bb635a83aa676f7130192fd
401822906,2086.0,Butler Bulldogs,Seton Hall Pirates,away,2026-01-17,2026-01-17,2026-01-17T17:00Z,,77.0,66.0,11.0,0,0,0,0,0,0,0,0,0,0,0.0,,,,,,,,,,0.0,False,True,post,Final,Final,2026-01-21T22:19:35Z,espn,v1.3.2,Seton Hall Pirates,Butler Bulldogs,0.0,b471924dd409218cd0e1556d3900f6d5ab34849e
401822906,2550.0,Seton Hall Pirates,Butler Bulldogs,home,2026-01-17,2026-01-17,2026-01-17T17:00Z,,66.0,77.0,-11.0,0,0,0,0,0,0,0,0,0,0,0.0,,,,,,,,,,0.0,False,True,post,Final,Final,2026-01-21T22:19:35Z,espn,v1.3.2,Seton Hall Pirates,Butler Bulldogs,0.0,eb4d7a5ef4b32649cab3dc9cfbab6e19561743df
401825446,356.0,Illinois Fighting Illini,Minnesota Golden Gophers,home,2026-01-17,2026-01-17,2026-01-17T17:00Z,,77.0,67.0,10.0,0,0,0,0,0,0,0,0,0,0,0.0,,,,,,,,,,0.0,False,True,post,Final,Final,2026-01-21T22:19:36Z,espn,v1.3.2,Illinois Fighting Illini,Minnesota Golden Gophers,0.0,271b8e3230718c0325218c3612e4dd57d3d98034
401825446,135.0,Minnesota Golden Gophers,Illinois Fighting Illini,away,2026-01-17,2026-01-17,2026-01-17T17:00Z,,67.0,77.0,-10.0,0,0,0,0,0,0,0,0,0,0,0.0,,,,,,,,,,0.0,False,True,post,Final,Final,2026-01-21T22:19:36Z,espn,v1.3.2,Illinois Fighting Illini,Minnesota Golden Gophers,0.0,10dc800e6bfb46a9fd22cb4eca4c24e2e3680365
401808184,333.0,Alabama Crimson Tide,Oklahoma Sooners,away,2026-01-17,2026-01-17,2026-01-17T18:00Z,,83.0,81.0,2.0,0,0,0,0,0,0,0,0,0,0,0.0,,,,,,,,,,0.0,False,True,post,Final,Final,2026-01-21T22:19:32Z,espn,v1.3.2,Oklahoma Sooners,Alabama Crimson Tide,0.0,6436b84d7cf68344bc3d45185ef166bb7aba6e7f
401808184,201.0,Oklahoma Sooners,Alabama Crimson Tide,home,2026-01-17,2026-01-17,2026-01-17T18:00Z,,81.0,83.0,-2.0,0,0,0,0,0,0,0,0,0,0,0.0,,,,,,,,,,0.0,False,True,post,Final,Final,2026-01-21T22:19:32Z,espn,v1.3.2,Oklahoma Sooners,Alabama Crimson Tide,0.0,2e916c958c11237a71d6ffd90b48f8a160a78176
401808182,57.0,Florida Gators,Vanderbilt Commodores,away,2026-01-17,2026-01-17,2026-01-17T19:00Z,,98.0,94.0,4.0,0,0,0,0,0,0,0,0,0,0,0.0,,,,,,,,,,0.0,False,True,post,Final,Final,2026-01-21T22:19:32Z,espn,v1.3.2,Vanderbilt Commodores,Florida Gators,0.0,54a0829134794159a8d88e6e61af10ea0ea28abb
401808182,238.0,Vanderbilt Commodores,Florida Gators,home,2026-01-17,2026-01-17,2026-01-17T19:00Z,,94.0,98.0,-4.0,0,0,0,0,0,0,0,0,0,0,0.0,,,,,,,,,,0.0,False,True,post,Final,Final,2026-01-21T22:19:32Z,espn,v1.3.2,Vanderbilt Commodores,Florida Gators,0.0,61e675cf07b4f1cd785755d0717c890d56ecd677
401827626,2132.0,Cincinnati Bearcats,Iowa State Cyclones,home,2026-01-17,2026-01-17,2026-01-17T19:00Z,,79.0,70.0,9.0,0,0,0,0,0,0,0,0,0,0,0.0,,,,,,,,,,0.0,False,True,post,Final,Final,2026-01-21T22:19:38Z,espn,v1.3.2,Cincinnati Bearcats,Iowa State Cyclones,0.0,ec4ef45e88adfd81a2e8e36d5450caed6f313675
401827626,66.0,Iowa State Cyclones,Cincinnati Bearcats,away,2026-01-17,2026-01-17,2026-01-17T19:00Z,,70.0,79.0,-9.0,0,0,0,0,0,0,0,0,0,0,0.0,,,,,,,,,,0.0,False,True,post,Final,Final,2026-01-21T22:19:38Z,espn,v1.3.2,Cincinnati Bearcats,Iowa State Cyclones,0.0,3be58ccefe451fed7f9ff6013a9d30bf509c6818
401820676,228.0,Clemson Tigers,Miami Hurricanes,home,2026-01-17,2026-01-17,2026-01-17T19:15Z,,69.0,59.0,10.0,0,0,0,0,0,0,0,0,0,0,0.0,,,,,,,,,,0.0,False,True,post,Final,Final,2026-01-21T22:19:33Z,espn,v1.3.2,Clemson Tigers,Miami Hurricanes,0.0,7760c47a851bddc8a5ac15c131dbf6fb916d7fea
401820676,2390.0,Miami Hurricanes,Clemson Tigers,away,2026-01-17,2026-01-17,2026-01-17T19:15Z,,59.0,69.0,-10.0,0,0,0,0,0,0,0,0,0,0,0.0,,,,,,,,,,0.0,False,True,post,Final,Final,2026-01-21T22:19:33Z,espn,v1.3.2,Clemson Tigers,Miami Hurricanes,0.0,6b27e616805c44be0645098753bae6d13139c1d3
401823796,2253.0,Grand Canyon Lopes,Utah State Aggies,home,2026-01-17,2026-01-17,2026-01-17T19:30Z,,84.0,74.0,10.0,0,0,0,0,0,0,0,0,0,0,0.0,,,,,,,,,,0.0,False,True,post,Final,Final,2026-01-21T22:19:35Z,espn,v1.3.2,Grand Canyon Lopes,Utah State Aggies,0.0,d0cb32e75b92fbd91d175bb0e4a049a4fed9110c
401823796,328.0,Utah State Aggies,Grand Canyon Lopes,away,2026-01-17,2026-01-17,2026-01-17T19:30Z,,74.0,84.0,-10.0,0,0,0,0,0,0,0,0,0,0,0.0,,,,,,,,,,0.0,False,True,post,Final,Final,2026-01-21T22:19:35Z,espn,v1.3.2,Grand Canyon Lopes,Utah State Aggies,0.0,2644b241624b9447b1e2d88cd9d74daf2964afb2
401808178,8.0,Arkansas Razorbacks,Georgia Bulldogs,away,2026-01-17,2026-01-17,2026-01-17T21:00Z,,76.0,90.0,-14.0,0,0,0,0,0,0,0,0,0,0,0.0,,,,,,,,,,0.0,False,True,post,Final,Final,2026-01-21T22:19:31Z,espn,v1.3.2,Georgia Bulldogs,Arkansas Razorbacks,0.0,aa40a206ed8732064716e3697d0fdc9a1c05c6c9
401808178,61.0,Georgia Bulldogs,Arkansas Razorbacks,home,2026-01-17,2026-01-17,2026-01-17T21:00Z,,90.0,76.0,14.0,0,0,0,0,0,0,0,0,0,0,0.0,,,,,,,,,,0.0,False,True,post,Final,Final,2026-01-21T22:19:31Z,espn,v1.3.2,Georgia Bulldogs,Arkansas Razorbacks,0.0,35ad08064a317a4b95ec183abac5e1d295128acf
401820675,25.0,California Golden Bears,North Carolina Tar Heels,home,2026-01-17,2026-01-17,2026-01-17T21:00Z,,84.0,78.0,6.0,0,0,0,0,0,0,0,0,0,0,0.0,,,,,,,,,,0.0,False,True,post,Final,Final,2026-01-21T22:19:33Z,espn,v1.3.2,California Golden Bears,North Carolina Tar Heels,0.0,c1ad8808305eee5472929c711bd3588b5a05c327
401820675,153.0,North Carolina Tar Heels,California Golden Bears,away,2026-01-17,2026-01-17,2026-01-17T21:00Z,,78.0,84.0,-6.0,0,0,0,0,0,0,0,0,0,0,0.0,,,,,,,,,,0.0,False,True,post,Final,Final,2026-01-21T22:19:33Z,espn,v1.3.2,California Golden Bears,North Carolina Tar Heels,0.0,603c791be7cfd772f49876fea14d32595274ef41
401825448,158.0,Nebraska Cornhuskers,Northwestern Wildcats,away,2026-01-17,2026-01-17,2026-01-17T21:00Z,,77.0,58.0,19.0,0,0,0,0,0,0,0,0,0,0,0.0,,,,,,,,,,0.0,False,True,post,Final,Final,2026-01-21T22:19:36Z,espn,v1.3.2,Northwestern Wildcats,Nebraska Cornhuskers,1.0,542bb951a724ec4c415e315069996a43abfea788
401825448,77.0,Northwestern Wildcats,Nebraska Cornhuskers,home,2026-01-17,2026-01-17,2026-01-17T21:00Z,,58.0,77.0,-19.0,0,0,0,0,0,0,0,0,0,0,0.0,,,,,,,,,,0.0,False,True,post,Final,Final,2026-01-21T22:19:36Z,espn,v1.3.2,Northwestern Wildcats,Nebraska Cornhuskers,1.0,86f5eaa28da413374e8c4ab710ec3d69b03359d1
401825450,130.0,Michigan Wolverines,Oregon Ducks,away,2026-01-17,2026-01-17,2026-01-17T21:00Z,,81.0,71.0,10.0,0,0,0,0,0,0,0,0,0,0,0.0,,,,,,,,,,0.0,False,True,post,Final,Final,2026-01-21T22:19:36Z,espn,v1.3.2,Oregon Ducks,Michigan Wolverines,0.0,a4af845d70723716e367f12f745e73f43af14141
401825450,2483.0,Oregon Ducks,Michigan Wolverines,home,2026-01-17,2026-01-17,2026-01-17T21:00Z,,71.0,81.0,-10.0,0,0,0,0,0,0,0,0,0,0,0.0,,,,,,,,,,0.0,False,True,post,Final,Final,2026-01-21T22:19:36Z,espn,v1.3.2,Oregon Ducks,Michigan Wolverines,0.0,7a4c52fdcfe11f00d43966714f4d68a778163d3d
401827625,12.0,Arizona Wildcats,UCF Knights,away,2026-01-17,2026-01-17,2026-01-17T21:00Z,,84.0,77.0,7.0,0,0,0,0,0,0,0,0,0,0,0.0,,,,,,,,,,0.0,False,True,post,Final,Final,2026-01-21T22:19:37Z,espn,v1.3.2,UCF Knights,Arizona Wildcats,0.0,5e36a8e1666b763abbe0a533722952803facac51
401827625,2116.0,UCF Knights,Arizona Wildcats,home,2026-01-17,2026-01-17,2026-01-17T21:00Z,,77.0,84.0,-7.0,0,0,0,0,0,0,0,0,0,0,0.0,,,,,,,,,,0.0,False,True,post,Final,Final,2026-01-21T22:19:37Z,espn,v1.3.2,UCF Knights,Arizona Wildcats,0.0,ccad109667c3eb4435d0855d855885e95436a3c0
401820681,150.0,Duke Blue Devils,Stanford Cardinal,away,2026-01-17,2026-01-17,2026-01-17T23:00Z,,80.0,50.0,30.0,0,0,0,0,0,0,0,0,0,0,0.0,,,,,,,,,,0.0,False,True,post,Final,Final,2026-01-21T22:19:35Z,espn,v1.3.2,Stanford Cardinal,Duke Blue Devils,1.0,d8fd6005949eb6e1b5d725f5027e1da09f1f91c6
401820681,24.0,Stanford Cardinal,Duke Blue Devils,home,2026-01-17,2026-01-17,2026-01-17T23:00Z,,50.0,80.0,-30.0,0,0,0,0,0,0,0,0,0,0,0.0,,,,,,,,,,0.0,False,True,post,Final,Final,2026-01-21T22:19:35Z,espn,v1.3.2,Stanford Cardinal,Duke Blue Devils,1.0,4ccac43ef46c088f8ea95820e7e483b4de67f607
401825451,2509.0,Purdue Boilermakers,USC Trojans,away,2026-01-17,2026-01-17,2026-01-17T23:00Z,,69.0,64.0,5.0,0,0,0,0,0,0,0,0,0,0,0.0,,,,,,,,,,0.0,False,True,post,Final,Final,2026-01-21T22:19:37Z,espn,v1.3.2,USC Trojans,Purdue Boilermakers,0.0,68ae49e17d9016ced8931932b0d5fd3b97d38ea8
401825451,30.0,USC Trojans,Purdue Boilermakers,home,2026-01-17,2026-01-17,2026-01-17T23:00Z,,64.0,69.0,-5.0,0,0,0,0,0,0,0,0,0,0,0.0,,,,,,,,,,0.0,False,True,post,Final,Final,2026-01-21T22:19:37Z,espn,v1.3.2,USC Trojans,Purdue Boilermakers,0.0,fc7bd72c0d9b3177ea191f1202bf291a3da1c473
401825452,127.0,Michigan State Spartans,Washington Huskies,away,2026-01-17,2026-01-17,2026-01-17T23:00Z,,80.0,63.0,17.0,0,0,0,0,0,0,0,0,0,0,0.0,,,,,,,,,,0.0,False,True,post,Final,Final,2026-01-21T22:19:37Z,espn,v1.3.2,Washington Huskies,Michigan State Spartans,0.0,5a42bd179d70bb54c6f61823a95a4bbf39b6cbcf
401825452,264.0,Washington Huskies,Michigan State Spartans,home,2026-01-17,2026-01-17,2026-01-17T23:00Z,,63.0,80.0,-17.0,0,0,0,0,0,0,0,0,0,0,0.0,,,,,,,,,,0.0,False,True,post,Final,Final,2026-01-21T22:19:37Z,espn,v1.3.2,Washington Huskies,Michigan State Spartans,0.0,2b84170a7e34055300007f26623841faa7d56898
401820679,97.0,Louisville Cardinals,Pittsburgh Panthers,away,2026-01-17,2026-01-18,2026-01-18T01:00Z,,100.0,59.0,41.0,0,0,0,0,0,0,0,0,0,0,0.0,,,,,,,,,,0.0,False,True,post,Final,Final,2026-01-21T22:19:33Z,espn,v1.3.2,Pittsburgh Panthers,Louisville Cardinals,1.0,8723460f4a424922a34d89bf7cec2c9aecef8e5a
401820679,221.0,Pittsburgh Panthers,Louisville Cardinals,home,2026-01-17,2026-01-18,2026-01-18T01:00Z,,59.0,100.0,-41.0,0,0,0,0,0,0,0,0,0,0,0.0,,,,,,,,,,0.0,False,True,post,Final,Final,2026-01-21T22:19:33Z,espn,v1.3.2,Pittsburgh Panthers,Louisville Cardinals,1.0,785216b5cd894daa7c8c58ed041e36494eba72e2
401827628,252.0,BYU Cougars,Texas Tech Red Raiders,away,2026-01-17,2026-01-18,2026-01-18T01:00Z,,71.0,84.0,-13.0,0,0,0,0,0,0,0,0,0,0,0.0,,,,,,,,,,0.0,False,True,post,Final,Final,2026-01-21T22:19:38Z,espn,v1.3.2,Texas Tech Red Raiders,BYU Cougars,0.0,c76ccb9638d1200f02bb9f08186a24f1dcfa9a8b
401827628,2641.0,Texas Tech Red Raiders,BYU Cougars,home,2026-01-17,2026-01-18,2026-01-18T01:00Z,,84.0,71.0,13.0,0,0,0,0,0,0,0,0,0,0,0.0,,,,,,,,,,0.0,False,True,post,Final,Final,2026-01-21T22:19:38Z,espn,v1.3.2,Texas Tech Red Raiders,BYU Cougars,0.0,a543caa9eb1a0963b583dcb3070b71b93b5d3809
401829203,2250.0,Gonzaga Bulldogs,Seattle U Redhawks,away,2026-01-17,2026-01-18,2026-01-18T03:00Z,,71.0,50.0,21.0,0,0,0,0,0,0,0,0,0,0,0.0,,,,,,,,,,0.0,False,True,post,Final,Final,2026-01-21T22:19:38Z,espn,v1.3.2,Seattle U Redhawks,Gonzaga Bulldogs,1.0,1b636a8a7cb68e0847611ddc751657b49bff3ad2
401829203,2547.0,Seattle U Redhawks,Gonzaga Bulldogs,home,2026-01-17,2026-01-18,2026-01-18T03:00Z,,50.0,71.0,-21.0,0,0,0,0,0,0,0,0,0,0,0.0,,,,,,,,,,0.0,False,True,post,Final,Final,2026-01-21T22:19:38Z,espn,v1.3.2,Seattle U Redhawks,Gonzaga Bulldogs,1.0,a85b246e05ec4818c4b19bdb0bbed1db9c83aca4
401827631,9.0,Arizona State Sun Devils,Houston Cougars,away,2026-01-18,2026-01-18,2026-01-18T23:30Z,,73.0,103.0,-30.0,0,0,0,0,0,0,0,0,0,0,0.0,,,,,,,,,,0.0,False,True,post,Final,Final,2026-01-21T22:19:43Z,espn,v1.3.2,Houston Cougars,Arizona State Sun Devils,1.0,c93a31ffae0b95f9a18e2b47a442df5b594806d2
401827631,248.0,Houston Cougars,Arizona State Sun Devils,home,2026-01-18,2026-01-18,2026-01-18T23:30Z,,103.0,73.0,30.0,0,0,0,0,0,0,0,0,0,0,0.0,,,,,,,,,,0.0,False,True,post,Final,Final,2026-01-21T22:19:43Z,espn,v1.3.2,Houston Cougars,Arizona State Sun Devils,1.0,b2c7c8494d4180bfb1499d099e92e6dbf636e46d
401812018,2405.0,Monmouth Hawks,Northeastern Huskies,home,2026-01-19,2026-01-19,2026-01-19T16:00Z,,81.0,68.0,13.0,0,0,0,0,0,0,0,0,0,0,0.0,,,,,,,,,,0.0,False,True,post,Final,Final,2026-01-21T22:19:46Z,espn,v1.3.2,Monmouth Hawks,Northeastern Huskies,0.0,2fbc0d9ebe7121e45986a16ac2d643b73988d787
401812018,111.0,Northeastern Huskies,Monmouth Hawks,away,2026-01-19,2026-01-19,2026-01-19T16:00Z,,68.0,81.0,-13.0,0,0,0,0,0,0,0,0,0,0,0.0,,,,,,,,,,0.0,False,True,post,Final,Final,2026-01-21T22:19:46Z,espn,v1.3.2,Monmouth Hawks,Northeastern Huskies,0.0,407aa5c947b2c5c2c4ee439c8f65946be4b424db
401812391,2598.0,Saint Francis Red Flash,Stonehill Skyhawks,home,2026-01-19,2026-01-19,2026-01-19T17:00Z,,63.0,61.0,2.0,0,0,0,0,0,0,0,0,0,0,0.0,,,,,,,,,,0.0,False,True,post,Final,Final,2026-01-21T22:19:49Z,espn,v1.3.2,Saint Francis Red Flash,Stonehill Skyhawks,0.0,0042e88f5cdd290c2af3a03f5a45e7bd44940231
401812391,284.0,Stonehill Skyhawks,Saint Francis Red Flash,away,2026-01-19,2026-01-19,2026-01-19T17:00Z,,61.0,63.0,-2.0,0,0,0,0,0,0,0,0,0,0,0.0,,,,,,,,,,0.0,False,True,post,Final,Final,2026-01-21T22:19:49Z,espn,v1.3.2,Saint Francis Red Flash,Stonehill Skyhawks,0.0,23f267a1b8debc36e3e6414af49698232cbf826c
401812019,2182.0,Drexel Dragons,Towson Tigers,away,2026-01-19,2026-01-19,2026-01-19T18:00Z,,58.0,59.0,-1.0,0,0,0,0,0,0,0,0,0,0,0.0,,,,,,,,,,0.0,False,True,post,Final,Final,2026-01-21T22:19:46Z,espn,v1.3.2,Towson Tigers,Drexel Dragons,0.0,9dc4249c88acb261f99d611527924d787406e4bc
401812019,119.0,Towson Tigers,Drexel Dragons,home,2026-01-19,2026-01-19,2026-01-19T18:00Z,,59.0,58.0,1.0,0,0,0,0,0,0,0,0,0,0,0.0,,,,,,,,,,0.0,False,True,post,Final,Final,2026-01-21T22:19:46Z,espn,v1.3.2,Towson Tigers,Drexel Dragons,0.0,91f61b8f66c27fd330201e12bdc2b80e513c3118
401812125,399.0,UAlbany Great Danes,Vermont Catamounts,home,2026-01-19,2026-01-19,2026-01-19T18:00Z,,75.0,68.0,7.0,0,0,0,0,0,0,0,0,0,0,0.0,,,,,,,,,,0.0,False,True,post,Final,Final,2026-01-21T22:19:48Z,espn,v1.3.2,UAlbany Great Danes,Vermont Catamounts,0.0,f8e07985d97aa8f57fb68df805136676219811ed
401812125,261.0,Vermont Catamounts,UAlbany Great Danes,away,2026-01-19,2026-01-19,2026-01-19T18:00Z,,68.0,75.0,-7.0,0,0,0,0,0,0,0,0,0,0,0.0,,,,,,,,,,0.0,False,True,post,Final,Final,2026-01-21T22:19:48Z,espn,v1.3.2,UAlbany Great Danes,Vermont Catamounts,0.0,ae30f4b36f3948965a4d0ab67fafb9f3ac18e019
401812122,2803.0,Bryant Bulldogs,NJIT Highlanders,away,2026-01-19,2026-01-19,2026-01-19T19:00Z,,55.0,79.0,-24.0,0,0,0,0,0,0,0,0,0,0,0.0,,,,,,,,,,0.0,False,True,post,Final,Final,2026-01-21T22:19:47Z,espn,v1.3.2,NJIT Highlanders,Bryant Bulldogs,1.0,2a757cd632c3e5e2de8f4eaf5e9785b37dfbb5c4
401812122,2885.0,NJIT Highlanders,Bryant Bulldogs,home,2026-01-19,2026-01-19,2026-01-19T19:00Z,,79.0,55.0,24.0,0,0,0,0,0,0,0,0,0,0,0.0,,,,,,,,,,0.0,False,True,post,Final,Final,2026-01-21T22:19:47Z,espn,v1.3.2,NJIT Highlanders,Bryant Bulldogs,1.0,6102e92072be3286b725f38cf409b66655de74e0
401812123,2066.0,Binghamton Bearcats,UMBC Retrievers,home,2026-01-19,2026-01-19,2026-01-19T19:00Z,,60.0,78.0,-18.0,0,0,0,0,0,0,0,0,0,0,0.0,,,,,,,,,,0.0,False,True,post,Final,Final,2026-01-21T22:19:47Z,espn,v1.3.2,Binghamton Bearcats,UMBC Retrievers,1.0,de72a60c101d0c301b55f489da0d32aca78a7b53
401812123,2378.0,UMBC Retrievers,Binghamton Bearcats,away,2026-01-19,2026-01-19,2026-01-19T19:00Z,,78.0,60.0,18.0,0,0,0,0,0,0,0,0,0,0,0.0,,,,,,,,,,0.0,False,True,post,Final,Final,2026-01-21T22:19:47Z,espn,v1.3.2,Binghamton Bearcats,UMBC Retrievers,1.0,b3e6936df42f556cd46725606140e665ace9be21
401812124,311.0,Maine Black Bears,New Hampshire Wildcats,home,2026-01-19,2026-01-19,2026-01-19T19:00Z,,48.0,65.0,-17.0,0,0,0,0,0,0,0,0,0,0,0.0,,,,,,,,,,0.0,False,True,post,Final,Final,2026-01-21T22:19:47Z,espn,v1.3.2,Maine Black Bears,New Hampshire Wildcats,0.0,819b83739261cc8bfd9d272b673f2bb9676de84c
401812124,160.0,New Hampshire Wildcats,Maine Black Bears,away,2026-01-19,2026-01-19,2026-01-19T19:00Z,,65.0,48.0,17.0,0,0,0,0,0,0,0,0,0,0,0.0,,,,,,,,,,0.0,False,True,post,Final,Final,2026-01-21T22:19:47Z,espn,v1.3.2,Maine Black Bears,New Hampshire Wildcats,0.0,d41be8ac73eea421e58acb1a486faefc363cde44
401812320,161.0,Fairleigh Dickinson Knights,Wagner Seahawks,home,2026-01-19,2026-01-19,2026-01-19T19:00Z,,68.0,61.0,7.0,0,0,0,0,0,0,0,0,0,0,0.0,,,,,,,,,,0.0,False,True,post,Final,Final,2026-01-21T22:19:48Z,espn,v1.3.2,Fairleigh Dickinson Knights,Wagner Seahawks,0.0,7ee04d37b129ff78f568b900026366a6e1553296
401812320,2681.0,Wagner Seahawks,Fairleigh Dickinson Knights,away,2026-01-19,2026-01-19,2026-01-19T19:00Z,,61.0,68.0,-7.0,0,0,0,0,0,0,0,0,0,0,0.0,,,,,,,,,,0.0,False,True,post,Final,Final,2026-01-21T22:19:48Z,espn,v1.3.2,Fairleigh Dickinson Knights,Wagner Seahawks,0.0,9194abe323de6182a5a6d777c01533ad4b631d36
401812588,108.0,Harvard Crimson,Pennsylvania Quakers,home,2026-01-19,2026-01-19,2026-01-19T19:00Z,,64.0,63.0,1.0,0,0,0,0,0,0,0,0,0,0,0.0,,,,,,,,,,0.0,False,True,post,Final,Final,2026-01-21T22:19:49Z,espn,v1.3.2,Harvard Crimson,Pennsylvania Quakers,0.0,e4d09342a8c3c0732a191c1bef6fba962a58029f
401812588,219.0,Pennsylvania Quakers,Harvard Crimson,away,2026-01-19,2026-01-19,2026-01-19T19:00Z,,63.0,64.0,-1.0,0,0,0,0,0,0,0,0,0,0,0.0,,,,,,,,,,0.0,False,True,post,Final,Final,2026-01-21T22:19:49Z,espn,v1.3.2,Harvard Crimson,Pennsylvania Quakers,0.0,25e7db513eac8c60cb3aec6272b55a08c1e391d2
401812654,2115.0,Central Connecticut Blue Devils,Mercyhurst Lakers,away,2026-01-19,2026-01-19,2026-01-19T19:00Z,,61.0,79.0,-18.0,0,0,0,0,0,0,0,0,0,0,0.0,,,,,,,,,,0.0,False,True,post,Final,Final,2026-01-21T22:19:50Z,espn,v1.3.2,Mercyhurst Lakers,Central Connecticut Blue Devils,1.0,094a290fa21bf01f952b8dd2b848955ec26a2bd7
401812654,2385.0,Mercyhurst Lakers,Central Connecticut Blue Devils,home,2026-01-19,2026-01-19,2026-01-19T19:00Z,,79.0,61.0,18.0,0,0,0,0,0,0,0,0,0,0,0.0,,,,,,,,,,0.0,False,True,post,Final,Final,2026-01-21T22:19:50Z,espn,v1.3.2,Mercyhurst Lakers,Central Connecticut Blue Devils,1.0,2c70343e05337a14f37d5151c6ac6b1986302e90
401813313,2363.0,Manhattan Jaspers,Quinnipiac Bobcats,away,2026-01-19,2026-01-19,2026-01-19T19:00Z,,92.0,98.0,-6.0,0,0,0,0,0,0,0,0,0,0,0.0,,,,,,,,,,0.0,False,True,post,Final,Final/OT,2026-01-21T22:19:50Z,espn,v1.3.2,Quinnipiac Bobcats,Manhattan Jaspers,0.0,a183e5ba30fa2a5453dafeddda68e102d230be7d
401813313,2514.0,Quinnipiac Bobcats,Manhattan Jaspers,home,2026-01-19,2026-01-19,2026-01-19T19:00Z,,98.0,92.0,6.0,0,0,0,0,0,0,0,0,0,0,0.0,,,,,,,,,,0.0,False,True,post,Final,Final/OT,2026-01-21T22:19:50Z,espn,v1.3.2,Quinnipiac Bobcats,Manhattan Jaspers,0.0,9c35ae15ff9ab172edebcd77f80b94f353b13494
401813334,2368.0,Marist Red Foxes,Merrimack Warriors,home,2026-01-19,2026-01-19,2026-01-19T19:00Z,,55.0,68.0,-13.0,0,0,0,0,0,0,0,0,0,0,0.0,,,,,,,,,,0.0,False,True,post,Final,Final,2026-01-21T22:19:51Z,espn,v1.3.2,Marist Red Foxes,Merrimack Warriors,0.0,458355caeba16e8c01aeb432fc21afaa522301c6
401813334,2771.0,Merrimack Warriors,Marist Red Foxes,away,2026-01-19,2026-01-19,2026-01-19T19:00Z,,68.0,55.0,13.0,0,0,0,0,0,0,0,0,0,0,0.0,,,,,,,,,,0.0,False,True,post,Final,Final,2026-01-21T22:19:51Z,espn,v1.3.2,Marist Red Foxes,Merrimack Warriors,0.0,8f8c016bd3effc7136447b2db4cd691415a358cd
401813387,116.0,Mount St. Mary's Mountaineers,Niagara Purple Eagles,away,2026-01-19,2026-01-19,2026-01-19T19:00Z,,68.0,58.0,10.0,0,0,0,0,0,0,0,0,0,0,0.0,,,,,,,,,,0.0,False,True,post,Final,Final,2026-01-21T22:19:51Z,espn,v1.3.2,Niagara Purple Eagles,Mount St. Mary's Mountaineers,0.0,afa67b7ec9543386b2c3aaca0ae61fd2c39cb723
401813387,315.0,Niagara Purple Eagles,Mount St. Mary's Mountaineers,home,2026-01-19,2026-01-19,2026-01-19T19:00Z,,58.0,68.0,-10.0,0,0,0,0,0,0,0,0,0,0,0.0,,,,,,,,,,0.0,False,True,post,Final,Final,2026-01-21T22:19:51Z,espn,v1.3.2,Niagara Purple Eagles,Mount St. Mary's Mountaineers,0.0,dbb32ba7a1ea44a1187f9ec64fc8fbd64a9c5f68
401813426,2217.0,Fairfield Stags,Siena Saints,away,2026-01-19,2026-01-19,2026-01-19T19:00Z,,77.0,85.0,-8.0,0,0,0,0,0,0,0,0,0,0,0.0,,,,,,,,,,0.0,False,True,post,Final,Final,2026-01-21T22:19:51Z,espn,v1.3.2,Siena Saints,Fairfield Stags,0.0,4ff9ae12aee3cf981df738d04f230b03b0e3423c
401813426,2561.0,Siena Saints,Fairfield Stags,home,2026-01-19,2026-01-19,2026-01-19T19:00Z,,85.0,77.0,8.0,0,0,0,0,0,0,0,0,0,0,0.0,,,,,,,,,,0.0,False,True,post,Final,Final,2026-01-21T22:19:51Z,espn,v1.3.2,Siena Saints,Fairfield Stags,0.0,45c7c26af8e5f074702abc321c2346e3987f0d29
401818310,171.0,Columbia Lions,Yale Bulldogs,away,2026-01-19,2026-01-19,2026-01-19T19:00Z,,74.0,91.0,-17.0,0,0,0,0,0,0,0,0,0,0,0.0,,,,,,,,,,0.0,False,True,post,Final,Final,2026-01-21T22:19:52Z,espn,v1.3.2,Yale Bulldogs,Columbia Lions,0.0,a933117c602b1e5926efea7c2623fda339c85721
401818310,43.0,Yale Bulldogs,Columbia Lions,home,2026-01-19,2026-01-19,2026-01-19T19:00Z,,91.0,74.0,17.0,0,0,0,0,0,0,0,0,0,0,0.0,,,,,,,,,,0.0,False,True,post,Final,Final,2026-01-21T22:19:52Z,espn,v1.3.2,Yale Bulldogs,Columbia Lions,0.0,ae22e07ee5ac11dca6950eddb8cd15e3de8cfd6f
401818559,225.0,Brown Bears,Cornell Big Red,home,2026-01-19,2026-01-19,2026-01-19T19:00Z,,67.0,89.0,-22.0,0,0,0,0,0,0,0,0,0,0,0.0,,,,,,,,,,0.0,False,True,post,Final,Final,2026-01-21T22:19:52Z,espn,v1.3.2,Brown Bears,Cornell Big Red,1.0,47e21a462502fcb06fe2296e68b9de1151e2a828
401818559,172.0,Cornell Big Red,Brown Bears,away,2026-01-19,2026-01-19,2026-01-19T19:00Z,,89.0,67.0,22.0,0,0,0,0,0,0,0,0,0,0,0.0,,,,,,,,,,0.0,False,True,post,Final,Final,2026-01-21T22:19:52Z,espn,v1.3.2,Brown Bears,Cornell Big Red,1.0,db8bf2d71f938ff14f7d592ee7ffc53a89567796
401823732,2520.0,Rider Broncs,Sacred Heart Pioneers,home,2026-01-19,2026-01-19,2026-01-19T19:00Z,,85.0,105.0,-20.0,0,0,0,0,0,0,0,0,0,0,0.0,,,,,,,,,,0.0,False,True,post,Final,Final,2026-01-21T22:19:54Z,espn,v1.3.2,Rider Broncs,Sacred Heart Pioneers,1.0,d668896a2f0d6cf18e0b580f71bfbfa69db613ad
401823732,2529.0,Sacred Heart Pioneers,Rider Broncs,away,2026-01-19,2026-01-19,2026-01-19T19:00Z,,105.0,85.0,20.0,0,0,0,0,0,0,0,0,0,0,0.0,,,,,,,,,,0.0,False,True,post,Final,Final,2026-01-21T22:19:54Z,espn,v1.3.2,Rider Broncs,Sacred Heart Pioneers,1.0,fd81c0fc91ff81becb3db924d3620e40579ab74a
401823848,314.0,Iona Gaels,Saint Peter's Peacocks,away,2026-01-19,2026-01-19,2026-01-19T19:00Z,,63.0,77.0,-14.0,0,0,0,0,0,0,0,0,0,0,0.0,,,,,,,,,,0.0,False,True,post,Final,Final,2026-01-21T22:19:55Z,espn,v1.3.2,Saint Peter's Peacocks,Iona Gaels,0.0,c0c2c3e0d35ad1182e42b87fbd977e05a7946f44
401823848,2612.0,Saint Peter's Peacocks,Iona Gaels,home,2026-01-19,2026-01-19,2026-01-19T19:00Z,,77.0,63.0,14.0,0,0,0,0,0,0,0,0,0,0,0.0,,,,,,,,,,0.0,False,True,post,Final,Final,2026-01-21T22:19:55Z,espn,v1.3.2,Saint Peter's Peacocks,Iona Gaels,0.0,7e87e255a5f6011f6d9d9c3ad5af499f19b1eaa4
401812339,2330.0,Le Moyne Dolphins,Long Island University Sharks,home,2026-01-19,2026-01-19,2026-01-19T20:00Z,,83.0,77.0,6.0,0,0,0,0,0,0,0,0,0,0,0.0,,,,,,,,,,0.0,False,True,post,Final,Final,2026-01-21T22:19:49Z,espn,v1.3.2,Le Moyne Dolphins,Long Island University Sharks,0.0,60ea378c786bf34a82772f81a4525ed73968f8f5
401812339,112358.0,Long Island University Sharks,Le Moyne Dolphins,away,2026-01-19,2026-01-19,2026-01-19T20:00Z,,77.0,83.0,-6.0,0,0,0,0,0,0,0,0,0,0,0.0,,,,,,,,,,0.0,False,True,post,Final,Final,2026-01-21T22:19:49Z,espn,v1.3.2,Le Moyne Dolphins,Long Island University Sharks,0.0,8d61fdb58a4ea77ef08cf6791a6b2671dffbaabc
401827051,2016.0,Alcorn State Braves,Prairie View A&M Panthers,home,2026-01-19,2026-01-19,2026-01-19T20:00Z,,76.0,75.0,1.0,0,0,0,0,0,0,0,0,0,0,0.0,,,,,,,,,,0.0,False,True,post,Final,Final,2026-01-21T22:19:56Z,espn,v1.3.2,Alcorn State Braves,Prairie View A&M Panthers,0.0,7399841ef536c1750ab0e8bffb385018b0ebe7a9
401827051,2504.0,Prairie View A&M Panthers,Alcorn State Braves,away,2026-01-19,2026-01-19,2026-01-19T20:00Z,,75.0,76.0,-1.0,0,0,0,0,0,0,0,0,0,0,0.0,,,,,,,,,,0.0,False,True,post,Final,Final,2026-01-21T22:19:56Z,espn,v1.3.2,Alcorn State Braves,Prairie View A&M Panthers,0.0,0244f10eb6432c6b62183cfaa32e66bacc3b0c1d
401828381,2603.0,Saint Joseph's Hawks,VCU Rams,away,2026-01-19,2026-01-19,2026-01-19T20:00Z,,72.0,79.0,-7.0,0,0,0,0,0,0,0,0,0,0,0.0,,,,,,,,,,0.0,False,True,post,Final,Final,2026-01-21T22:19:57Z,espn,v1.3.2,VCU Rams,Saint Joseph's Hawks,0.0,5322f05bb6ab116c8368664f6d9890077b5a332a
401828381,2670.0,VCU Rams,Saint Joseph's Hawks,home,2026-01-19,2026-01-19,2026-01-19T20:00Z,,79.0,72.0,7.0,0,0,0,0,0,0,0,0,0,0,0.0,,,,,,,,,,0.0,False,True,post,Final,Final,2026-01-21T22:19:57Z,espn,v1.3.2,VCU Rams,Saint Joseph's Hawks,0.0,df7aedca2573662042fa6ea2b4e992d2d55fca5d
401808878,2377.0,McNeese Cowboys,Texas A&M-Corpus Christi Islanders,away,2026-01-19,2026-01-19,2026-01-19T21:00Z,,69.0,53.0,16.0,0,0,0,0,0,0,0,0,0,0,0.0,,,,,,,,,,0.0,False,True,post,Final,Final,2026-01-21T22:19:44Z,espn,v1.3.2,Texas A&M-Corpus Christi Islanders,McNeese Cowboys,0.0,a66993ac8181c52ee344c2461a6ef0f9fa3b02e7
401808878,357.0,Texas A&M-Corpus Christi Islanders,McNeese Cowboys,home,2026-01-19,2026-01-19,2026-01-19T21:00Z,,53.0,69.0,-16.0,0,0,0,0,0,0,0,0,0,0,0.0,,,,,,,,,,0.0,False,True,post,Final,Final,2026-01-21T22:19:44Z,espn,v1.3.2,Texas A&M-Corpus Christi Islanders,McNeese Cowboys,0.0,20231e3dbc43b666e705019f9912a306394e739e
401830241,47.0,Howard Bison,Morehouse Maroon Tigers,home,2026-01-19,2026-01-19,2026-01-19T21:00Z,,78.0,69.0,9.0,0,0,0,0,0,0,0,0,0,0,0.0,,,,,,,,,,0.0,False,True,post,Final,Final,2026-01-21T22:19:58Z,espn,v1.3.2,Howard Bison,Morehouse Maroon Tigers,0.0,2c845b0e497d9a390581134cb520f8fdbecc0765
401830241,60.0,Morehouse Maroon Tigers,Howard Bison,away,2026-01-19,2026-01-19,2026-01-19T21:00Z,,69.0,78.0,-9.0,0,0,0,0,0,0,0,0,0,0,0.0,,,,,,,,,,0.0,False,True,post,Final,Final,2026-01-21T22:19:58Z,espn,v1.3.2,Howard Bison,Morehouse Maroon Tigers,0.0,9e4efbc7f68966d05095b572250063dbb61f1da6
401827163,2010.0,Alabama A&M Bulldogs,Alabama State Hornets,away,2026-01-19,2026-01-19,2026-01-19T22:00Z,,73.0,69.0,4.0,0,0,0,0,0,0,0,0,0,0,0.0,,,,,,,,,,0.0,False,True,post,Final,Final,2026-01-21T22:19:56Z,espn,v1.3.2,Alabama State Hornets,Alabama A&M Bulldogs,0.0,fb91b3d0f19e6c89af9b371f5b6fdccaa7c5c4ad
401827163,2011.0,Alabama State Hornets,Alabama A&M Bulldogs,home,2026-01-19,2026-01-19,2026-01-19T22:00Z,,69.0,73.0,-4.0,0,0,0,0,0,0,0,0,0,0,0.0,,,,,,,,,,0.0,False,True,post,Final,Final,2026-01-21T22:19:56Z,espn,v1.3.2,Alabama State Hornets,Alabama A&M Bulldogs,0.0,94a95fae144cde46d23de42dd38b04a8dd29b6ec
401828380,2244.0,George Mason Patriots,George Washington Revolutionaries,home,2026-01-19,2026-01-19,2026-01-19T22:00Z,,69.0,64.0,5.0,0,0,0,0,0,0,0,0,0,0,0.0,,,,,,,,,,0.0,False,True,post,Final,Final,2026-01-21T22:19:56Z,espn,v1.3.2,George Mason Patriots,George Washington Revolutionaries,0.0,8c485e35c2ee8c0918723ebdb134cace482b5ba2
401828380,45.0,George Washington Revolutionaries,George Mason Patriots,away,2026-01-19,2026-01-19,2026-01-19T22:00Z,,64.0,69.0,-5.0,0,0,0,0,0,0,0,0,0,0,0.0,,,,,,,,,,0.0,False,True,post,Final,Final,2026-01-21T22:19:56Z,espn,v1.3.2,George Mason Patriots,George Washington Revolutionaries,0.0,2f2693191f712616a48468f20e231384688bd54d
401808711,2837.0,East Texas A&M Lions,Incarnate Word Cardinals,away,2026-01-19,2026-01-19,2026-01-19T23:00Z,,80.0,58.0,22.0,0,0,0,0,0,0,0,0,0,0,0.0,,,,,,,,,,0.0,False,True,post,Final,Final,2026-01-21T22:19:44Z,espn,v1.3.2,Incarnate Word Cardinals,East Texas A&M Lions,1.0,df2fb23ff9da2394401803cc81f34c91f80ac20a
401808711,2916.0,Incarnate Word Cardinals,East Texas A&M Lions,home,2026-01-19,2026-01-19,2026-01-19T23:00Z,,58.0,80.0,-22.0,0,0,0,0,0,0,0,0,0,0,0.0,,,,,,,,,,0.0,False,True,post,Final,Final,2026-01-21T22:19:44Z,espn,v1.3.2,Incarnate Word Cardinals,East Texas A&M Lions,1.0,119e3b01a50f91c4c2dfe2a9dfe11ae9392db3a4
401822907,269.0,Marquette Golden Eagles,Providence Friars,home,2026-01-19,2026-01-19,2026-01-19T23:00Z,,105.0,104.0,1.0,0,0,0,0,0,0,0,0,0,0,0.0,,,,,,,,,,0.0,False,True,post,Final,Final/OT,2026-01-21T22:19:54Z,espn,v1.3.2,Marquette Golden Eagles,Providence Friars,0.0,31f132c3a927dbb46fc22e5a42a079e6306fe083
401822907,2507.0,Providence Friars,Marquette Golden Eagles,away,2026-01-19,2026-01-19,2026-01-19T23:00Z,,104.0,105.0,-1.0,0,0,0,0,0,0,0,0,0,0,0.0,,,,,,,,,,0.0,False,True,post,Final,Final/OT,2026-01-21T22:19:54Z,espn,v1.3.2,Marquette Golden Eagles,Providence Friars,0.0,31cf5482cdf5ece1e5602015cc94a8c1a52ff962
401826865,159.0,Dartmouth Big Green,Princeton Tigers,home,2026-01-19,2026-01-19,2026-01-19T23:00Z,,71.0,69.0,2.0,0,0,0,0,0,0,0,0,0,0,0.0,,,,,,,,,,0.0,False,True,post,Final,Final,2026-01-21T22:19:55Z,espn,v1.3.2,Dartmouth Big Green,Princeton Tigers,0.0,565773df077b9ae99a124eb309a10224e1e0117e
401826865,163.0,Princeton Tigers,Dartmouth Big Green,away,2026-01-19,2026-01-19,2026-01-19T23:00Z,,69.0,71.0,-2.0,0,0,0,0,0,0,0,0,0,0,0.0,,,,,,,,,,0.0,False,True,post,Final,Final,2026-01-21T22:19:55Z,espn,v1.3.2,Dartmouth Big Green,Princeton Tigers,0.0,6c6969510330df7351550003ad443f328a548c0f
401827141,2029.0,Arkansas-Pine Bluff Golden Lions,Bethune-Cookman Wildcats,home,2026-01-19,2026-01-19,2026-01-19T23:30Z,,82.0,87.0,-5.0,0,0,0,0,0,0,0,0,0,0,0.0,,,,,,,,,,0.0,False,True,post,Final,Final/OT,2026-01-21T22:19:56Z,espn,v1.3.2,Arkansas-Pine Bluff Golden Lions,Bethune-Cookman Wildcats,0.0,23575113306249f9bcebb4ad85def4315f3c8551
401827141,2065.0,Bethune-Cookman Wildcats,Arkansas-Pine Bluff Golden Lions,away,2026-01-19,2026-01-19,2026-01-19T23:30Z,,87.0,82.0,5.0,0,0,0,0,0,0,0,0,0,0,0.0,,,,,,,,,,0.0,False,True,post,Final,Final/OT,2026-01-21T22:19:56Z,espn,v1.3.2,Arkansas-Pine Bluff Golden Lions,Bethune-Cookman Wildcats,0.0,5e1a7d61299e4f1426c274fe2d386c0205361640
401820199,2329.0,Lehigh Mountain Hawks,Loyola Maryland Greyhounds,home,2026-01-19,2026-01-20,2026-01-20T00:00Z,,88.0,81.0,7.0,0,0,0,0,0,0,0,0,0,0,0.0,,,,,,,,,,0.0,False,True,post,Final,Final,2026-01-21T22:19:53Z,espn,v1.3.2,Lehigh Mountain Hawks,Loyola Maryland Greyhounds,0.0,92a42482e82539abbde30c6244ecea9404a60d60
401820199,2352.0,Loyola Maryland Greyhounds,Lehigh Mountain Hawks,away,2026-01-19,2026-01-20,2026-01-20T00:00Z,,81.0,88.0,-7.0,0,0,0,0,0,0,0,0,0,0,0.0,,,,,,,,,,0.0,False,True,post,Final,Final,2026-01-21T22:19:53Z,espn,v1.3.2,Lehigh Mountain Hawks,Loyola Maryland Greyhounds,0.0,e46aadcb0c849d4889f1da5c63106a110b3611a3
401822348,2130.0,Chicago State Cougars,New Haven Chargers,home,2026-01-19,2026-01-20,2026-01-20T00:00Z,,56.0,62.0,-6.0,0,0,0,0,0,0,0,0,0,0,0.0,,,,,,,,,,0.0,False,True,post,Final,Final,2026-01-21T22:19:53Z,espn,v1.3.2,Chicago State Cougars,New Haven Chargers,0.0,0fc74e0895ed4786435b04e2a3f1f4a710e4af1b
401822348,2441.0,New Haven Chargers,Chicago State Cougars,away,2026-01-19,2026-01-20,2026-01-20T00:00Z,,62.0,56.0,6.0,0,0,0,0,0,0,0,0,0,0,0.0,,,,,,,,,,0.0,False,True,post,Final,Final,2026-01-21T22:19:53Z,espn,v1.3.2,Chicago State Cougars,New Haven Chargers,0.0,dd86da1b2d1913880f3441d08d93f16c35184af7
401828727,2207.0,Elizabeth City State Vikings,Norfolk State Spartans,away,2026-01-19,2026-01-20,2026-01-20T00:00Z,,61.0,86.0,-25.0,0,0,0,0,0,0,0,0,0,0,0.0,,,,,,,,,,0.0,False,True,post,Final,Final,2026-01-21T22:19:58Z,espn,v1.3.2,Norfolk State Spartans,Elizabeth City State Vikings,1.0,fde68554136065866b95bbb5abcb80a7be899232
401828727,2450.0,Norfolk State Spartans,Elizabeth City State Vikings,home,2026-01-19,2026-01-20,2026-01-20T00:00Z,,86.0,61.0,25.0,0,0,0,0,0,0,0,0,0,0,0.0,,,,,,,,,,0.0,False,True,post,Final,Final,2026-01-21T22:19:58Z,espn,v1.3.2,Norfolk State Spartans,Elizabeth City State Vikings,1.0,6046de515b0d415670aaa2df8fee5f9e9f385570
401808924,2447.0,Nicholls Colonels,Stephen F. Austin Lumberjacks,home,2026-01-19,2026-01-20,2026-01-20T00:30Z,,62.0,79.0,-17.0,0,0,0,0,0,0,0,0,0,0,0.0,,,,,,,,,,0.0,False,True,post,Final,Final,2026-01-21T22:19:45Z,espn,v1.3.2,Nicholls Colonels,Stephen F. Austin Lumberjacks,0.0,9c09ee0c4aa957d93c7de0993d601d7bcedd1a0b
401808924,2617.0,Stephen F. Austin Lumberjacks,Nicholls Colonels,away,2026-01-19,2026-01-20,2026-01-20T00:30Z,,79.0,62.0,17.0,0,0,0,0,0,0,0,0,0,0,0.0,,,,,,,,,,0.0,False,True,post,Final,Final,2026-01-21T22:19:45Z,espn,v1.3.2,Nicholls Colonels,Stephen F. Austin Lumberjacks,0.0,140dc709d7e25fc2ea26cea7344e2e10b6f7bc44
401808959,2545.0,SE Louisiana Lions,UT Rio Grande Valley Vaqueros,away,2026-01-19,2026-01-20,2026-01-20T00:30Z,,65.0,68.0,-3.0,0,0,0,0,0,0,0,0,0,0,0.0,,,,,,,,,,0.0,False,True,post,Final,Final,2026-01-21T22:19:45Z,espn,v1.3.2,UT Rio Grande Valley Vaqueros,SE Louisiana Lions,0.0,9a469899ebd3251ff48c7df0ced570b3e2d6970e
401808959,292.0,UT Rio Grande Valley Vaqueros,SE Louisiana Lions,home,2026-01-19,2026-01-20,2026-01-20T00:30Z,,68.0,65.0,3.0,0,0,0,0,0,0,0,0,0,0,0.0,,,,,,,,,,0.0,False,True,post,Final,Final,2026-01-21T22:19:45Z,espn,v1.3.2,UT Rio Grande Valley Vaqueros,SE Louisiana Lions,0.0,bbf2a2820e56e5bbea7e5fa5343f22b60c5d5dc2
401808504,149.0,Montana Grizzlies,Northern Arizona Lumberjacks,away,2026-01-19,2026-01-20,2026-01-20T01:00Z,,98.0,72.0,26.0,0,0,0,0,0,0,0,0,0,0,0.0,,,,,,,,,,0.0,False,True,post,Final,Final,2026-01-21T22:19:43Z,espn,v1.3.2,Northern Arizona Lumberjacks,Montana Grizzlies,1.0,a092659233aaf67b65589d0c8a3856db9a90231c
401808504,2464.0,Northern Arizona Lumberjacks,Montana Grizzlies,home,2026-01-19,2026-01-20,2026-01-20T01:00Z,,72.0,98.0,-26.0,0,0,0,0,0,0,0,0,0,0,0.0,,,,,,,,,,0.0,False,True,post,Final,Final,2026-01-21T22:19:43Z,espn,v1.3.2,Northern Arizona Lumberjacks,Montana Grizzlies,1.0,fa29f1ca2cf056e4591a64cb4ff1875e327b8cbc
401808515,147.0,Montana State Bobcats,Northern Colorado Bears,away,2026-01-19,2026-01-20,2026-01-20T01:00Z,,73.0,68.0,5.0,0,0,0,0,0,0,0,0,0,0,0.0,,,,,,,,,,0.0,False,True,post,Final,Final,2026-01-21T22:19:43Z,espn,v1.3.2,Northern Colorado Bears,Montana State Bobcats,0.0,04689eb653ec8db6ec03aed53c58c0a03fe24d59
401808515,2458.0,Northern Colorado Bears,Montana State Bobcats,home,2026-01-19,2026-01-20,2026-01-20T01:00Z,,68.0,73.0,-5.0,0,0,0,0,0,0,0,0,0,0,0.0,,,,,,,,,,0.0,False,True,post,Final,Final,2026-01-21T22:19:43Z,espn,v1.3.2,Northern Colorado Bears,Montana State Bobcats,0.0,9ad24a0dc726bf7248db2c6f6bda6e9101a7de2e
401808908,2320.0,Lamar Cardinals,New Orleans Privateers,away,2026-01-19,2026-01-20,2026-01-20T01:00Z,,76.0,89.0,-13.0,0,0,0,0,0,0,0,0,0,0,0.0,,,,,,,,,,0.0,False,True,post,Final,Final,2026-01-21T22:19:45Z,espn,v1.3.2,New Orleans Privateers,Lamar Cardinals,0.0,91c1f3ea2095203f8904f3f9bbcabf6b0c59a09e
401808908,2443.0,New Orleans Privateers,Lamar Cardinals,home,2026-01-19,2026-01-20,2026-01-20T01:00Z,,89.0,76.0,13.0,0,0,0,0,0,0,0,0,0,0,0.0,,,,,,,,,,0.0,False,True,post,Final,Final,2026-01-21T22:19:45Z,espn,v1.3.2,New Orleans Privateers,Lamar Cardinals,0.0,4313d678f9522d744b15009a72e73b7723be9cf9
401808940,2277.0,Houston Christian Huskies,Northwestern State Demons,home,2026-01-19,2026-01-20,2026-01-20T01:00Z,,82.0,80.0,2.0,0,0,0,0,0,0,0,0,0,0,0.0,,,,,,,,,,0.0,False,True,post,Final,Final,2026-01-21T22:19:45Z,espn,v1.3.2,Houston Christian Huskies,Northwestern State Demons,0.0,eb1445b1c1f9c169fefc4b73012a620062933554
401808940,2466.0,Northwestern State Demons,Houston Christian Huskies,away,2026-01-19,2026-01-20,2026-01-20T01:00Z,,80.0,82.0,-2.0,0,0,0,0,0,0,0,0,0,0,0.0,,,,,,,,,,0.0,False,True,post,Final,Final,2026-01-21T22:19:45Z,espn,v1.3.2,Houston Christian Huskies,Northwestern State Demons,0.0,31e183f0c33ffd676b43df29acd77014f26a8b4a
401828664,2296.0,Jackson State Tigers,Texas Southern Tigers,home,2026-01-19,2026-01-20,2026-01-20T01:00Z,,94.0,89.0,5.0,0,0,0,0,0,0,0,0,0,0,0.0,,,,,,,,,,0.0,False,True,post,Final,Final,2026-01-21T22:19:58Z,espn,v1.3.2,Jackson State Tigers,Texas Southern Tigers,0.0,e43876476c44a12d6a26bebdb2ac247fc5059c1c
401828664,2640.0,Texas Southern Tigers,Jackson State Tigers,away,2026-01-19,2026-01-20,2026-01-20T01:00Z,,89.0,94.0,-5.0,0,0,0,0,0,0,0,0,0,0,0.0,,,,,,,,,,0.0,False,True,post,Final,Final,2026-01-21T22:19:58Z,espn,v1.3.2,Jackson State Tigers,Texas Southern Tigers,0.0,fd1188770fdd57b3459382b35eee3dd31b1f01bc
401830344,50.0,Florida A&M Rattlers,Mississippi Valley State Delta Devils,away,2026-01-19,2026-01-20,2026-01-20T01:00Z,,62.0,48.0,14.0,0,0,0,0,0,0,0,0,0,0,0.0,,,,,,,,,,0.0,False,True,post,Final,Final,2026-01-21T22:19:59Z,espn,v1.3.2,Mississippi Valley State Delta Devils,Florida A&M Rattlers,0.0,54ea8718db7108e51abdcbfc53080c441844ce4e
401830344,2400.0,Mississippi Valley State Delta Devils,Florida A&M Rattlers,home,2026-01-19,2026-01-20,2026-01-20T01:00Z,,48.0,62.0,-14.0,0,0,0,0,0,0,0,0,0,0,0.0,,,,,,,,,,0.0,False,True,post,Final,Final,2026-01-21T22:19:59Z,espn,v1.3.2,Mississippi Valley State Delta Devils,Florida A&M Rattlers,0.0,481554896d48a4515dd4c5bf833e8d5d8cfd4fd8
401812023,2261.0,Hampton Pirates,North Carolina A&T Aggies,home,2026-01-19,2026-01-20,2026-01-20T02:00Z,,82.0,61.0,21.0,0,0,0,0,0,0,0,0,0,0,0.0,,,,,,,,,,0.0,False,True,post,Final,Final,2026-01-21T22:19:46Z,espn,v1.3.2,Hampton Pirates,North Carolina A&T Aggies,1.0,edb43d6fc88cf6bd13859c82d173ff641c45d06d
401812023,2448.0,North Carolina A&T Aggies,Hampton Pirates,away,2026-01-19,2026-01-20,2026-01-20T02:00Z,,61.0,82.0,-21.0,0,0,0,0,0,0,0,0,0,0,0.0,,,,,,,,,,0.0,False,True,post,Final,Final,2026-01-21T22:19:46Z,espn,v1.3.2,Hampton Pirates,North Carolina A&T Aggies,1.0,46df034913cc79107e0a4003ba9310560b79da29
401808189,57.0,Florida Gators,LSU Tigers,home,2026-01-20,2026-01-21,2026-01-21T00:00Z,,79.0,61.0,18.0,0,0,0,0,0,0,0,0,0,0,0.0,,,,,,,,,,0.0,False,True,post,Final,Final,2026-01-21T22:20:00Z,espn,v1.3.2,Florida Gators,LSU Tigers,1.0,398a0f6f9955cc3d7ffa1f2f83fae4b6c5194f4a
401808189,99.0,LSU Tigers,Florida Gators,away,2026-01-20,2026-01-21,2026-01-21T00:00Z,,61.0,79.0,-18.0,0,0,0,0,0,0,0,0,0,0,0.0,,,,,,,,,,0.0,False,True,post,Final,Final,2026-01-21T22:20:00Z,espn,v1.3.2,Florida Gators,LSU Tigers,1.0,c101b372a9236fe74e7bec8c60839fd74ac0e6d2
401814531,2309.0,Kent State Golden Flashes,Miami (OH) RedHawks,home,2026-01-20,2026-01-21,2026-01-21T00:00Z,,101.0,107.0,-6.0,0,0,0,0,0,0,0,0,0,0,0.0,,,,,,,,,,0.0,False,True,post,Final,Final/OT,2026-01-21T22:20:01Z,espn,v1.3.2,Kent State Golden Flashes,Miami (OH) RedHawks,0.0,c91b82cb7522c05b4632496575d5ea033546ea37
401814531,193.0,Miami (OH) RedHawks,Kent State Golden Flashes,away,2026-01-20,2026-01-21,2026-01-21T00:00Z,,107.0,101.0,6.0,0,0,0,0,0,0,0,0,0,0,0.0,,,,,,,,,,0.0,False,True,post,Final,Final/OT,2026-01-21T22:20:01Z,espn,v1.3.2,Kent State Golden Flashes,Miami (OH) RedHawks,0.0,261f1376b18198a87ddda4db2e4d8fd3989a4402
401820685,228.0,Clemson Tigers,NC State Wolfpack,home,2026-01-20,2026-01-21,2026-01-21T00:00Z,,76.0,80.0,-4.0,0,0,0,0,0,0,0,0,0,0,0.0,,,,,,,,,,0.0,False,True,post,Final,Final/OT,2026-01-21T22:20:01Z,espn,v1.3.2,Clemson Tigers,NC State Wolfpack,0.0,447a2bfd47a10d03e44ab5df1f6b6219f89379e7
401820685,152.0,NC State Wolfpack,Clemson Tigers,away,2026-01-20,2026-01-21,2026-01-21T00:00Z,,80.0,76.0,4.0,0,0,0,0,0,0,0,0,0,0,0.0,,,,,,,,,,0.0,False,True,post,Final,Final/OT,2026-01-21T22:20:01Z,espn,v1.3.2,Clemson Tigers,NC State Wolfpack,0.0,fe41e97e42252aca137d4273103a31128fb7460c
401825456,84.0,Indiana Hoosiers,Michigan Wolverines,away,2026-01-20,2026-01-21,2026-01-21T00:00Z,,72.0,86.0,-14.0,0,0,0,0,0,0,0,0,0,0,0.0,,,,,,,,,,0.0,False,True,post,Final,Final,2026-01-21T22:20:01Z,espn,v1.3.2,Michigan Wolverines,Indiana Hoosiers,0.0,c3be2d1fce691616867b957b00e7d25cc4b26d7e
401825456,130.0,Michigan Wolverines,Indiana Hoosiers,home,2026-01-20,2026-01-21,2026-01-21T00:00Z,,86.0,72.0,14.0,0,0,0,0,0,0,0,0,0,0,0.0,,,,,,,,,,0.0,False,True,post,Final,Final,2026-01-21T22:20:01Z,espn,v1.3.2,Michigan Wolverines,Indiana Hoosiers,0.0,dcb1c02167802f55503b176de2c50f1bc5ba508c
401827634,66.0,Iowa State Cyclones,UCF Knights,home,2026-01-20,2026-01-21,2026-01-21T00:00Z,,87.0,57.0,30.0,0,0,0,0,0,0,0,0,0,0,0.0,,,,,,,,,,0.0,False,True,post,Final,Final,2026-01-21T22:20:03Z,espn,v1.3.2,Iowa State Cyclones,UCF Knights,1.0,d195474f4c3c1d0d659fde1041bccc3b6d3450d3
401827634,2116.0,UCF Knights,Iowa State Cyclones,away,2026-01-20,2026-01-21,2026-01-21T00:00Z,,57.0,87.0,-30.0,0,0,0,0,0,0,0,0,0,0,0.0,,,,,,,,,,0.0,False,True,post,Final,Final,2026-01-21T22:20:03Z,espn,v1.3.2,Iowa State Cyclones,UCF Knights,1.0,bad99502d08be3e54af127af8f6722fc3b1ab5d0
401828382,2184.0,Duquesne Dukes,Saint Louis Billikens,home,2026-01-20,2026-01-21,2026-01-21T00:00Z,,77.0,81.0,-4.0,0,0,0,0,0,0,0,0,0,0,0.0,,,,,,,,,,0.0,False,True,post,Final,Final,2026-01-21T22:20:04Z,espn,v1.3.2,Duquesne Dukes,Saint Louis Billikens,0.0,ca72ca9e887ba427cdb990e6028f8bd15dbcf3f6
401828382,139.0,Saint Louis Billikens,Duquesne Dukes,away,2026-01-20,2026-01-21,2026-01-21T00:00Z,,81.0,77.0,4.0,0,0,0,0,0,0,0,0,0,0,0.0,,,,,,,,,,0.0,False,True,post,Final,Final,2026-01-21T22:20:04Z,espn,v1.3.2,Duquesne Dukes,Saint Louis Billikens,0.0,47dc288322744d404e26ac3ca1365ba87d35dec9
401808190,61.0,Georgia Bulldogs,Missouri Tigers,away,2026-01-20,2026-01-21,2026-01-21T02:00Z,,74.0,72.0,2.0,0,0,0,0,0,0,0,0,0,0,0.0,,,,,,,,,,0.0,False,True,post,Final,Final,2026-01-21T22:20:00Z,espn,v1.3.2,Missouri Tigers,Georgia Bulldogs,0.0,d07c2cc2fc4b12e1bc524da9837b8b9da3f1dab6
401808190,142.0,Missouri Tigers,Georgia Bulldogs,home,2026-01-20,2026-01-21,2026-01-21T02:00Z,,72.0,74.0,-2.0,0,0,0,0,0,0,0,0,0,0,0.0,,,,,,,,,,0.0,False,True,post,Final,Final,2026-01-21T22:20:00Z,espn,v1.3.2,Missouri Tigers,Georgia Bulldogs,0.0,9c3340d1c3ee32a5701c27518074770f58f81a87
401825458,127.0,Michigan State Spartans,Oregon Ducks,away,2026-01-20,2026-01-21,2026-01-21T02:00Z,,68.0,52.0,16.0,0,0,0,0,0,0,0,0,0,0,0.0,,,,,,,,,,0.0,False,True,post,Final,Final,2026-01-21T22:20:02Z,espn,v1.3.2,Oregon Ducks,Michigan State Spartans,0.0,d9468e5a4fb20ab6c9b569e8da8d6e103aab4e61
401825458,2483.0,Oregon Ducks,Michigan State Spartans,home,2026-01-20,2026-01-21,2026-01-21T02:00Z,,52.0,68.0,-16.0,0,0,0,0,0,0,0,0,0,0,0.0,,,,,,,,,,0.0,False,True,post,Final,Final,2026-01-21T22:20:02Z,espn,v1.3.2,Oregon Ducks,Michigan State Spartans,0.0,8a38f4c35ec3ebca30fcc6c84ede662cce601b7a
401827632,239.0,Baylor Bears,Texas Tech Red Raiders,home,2026-01-20,2026-01-21,2026-01-21T02:00Z,,73.0,92.0,-19.0,0,0,0,0,0,0,0,0,0,0,0.0,,,,,,,,,,0.0,False,True,post,Final,Final,2026-01-21T22:20:03Z,espn,v1.3.2,Baylor Bears,Texas Tech Red Raiders,1.0,6b9dafc8e85212cc7440e53911880ce4d82979f9
401827632,2641.0,Texas Tech Red Raiders,Baylor Bears,away,2026-01-20,2026-01-21,2026-01-21T02:00Z,,92.0,73.0,19.0,0,0,0,0,0,0,0,0,0,0,0.0,,,,,,,,,,0.0,False,True,post,Final,Final,2026-01-21T22:20:03Z,espn,v1.3.2,Baylor Bears,Texas Tech Red Raiders,1.0,4a7169a1dad810645f7298c6d9b3a00736261493
401808188,8.0,Arkansas Razorbacks,Vanderbilt Commodores,home,2026-01-20,2026-01-21,2026-01-21T02:10Z,,93.0,68.0,25.0,0,0,0,0,0,0,0,0,0,0,0.0,,,,,,,,,,0.0,False,True,post,Final,Final,2026-01-21T22:20:00Z,espn,v1.3.2,Arkansas Razorbacks,Vanderbilt Commodores,1.0,76caed8e0a37805fb84ea9330d2dd803ad3afd79
401808188,238.0,Vanderbilt Commodores,Arkansas Razorbacks,away,2026-01-20,2026-01-21,2026-01-21T02:10Z,,68.0,93.0,-25.0,0,0,0,0,0,0,0,0,0,0,0.0,,,,,,,,,,0.0,False,True,post,Final,Final,2026-01-21T22:20:00Z,espn,v1.3.2,Arkansas Razorbacks,Vanderbilt Commodores,1.0,d7c5b470c0362b6a9a4c0f684495ff617d077e46
401825459,2509.0,Purdue Boilermakers,UCLA Bruins,away,2026-01-20,2026-01-21,2026-01-21T03:00Z,,67.0,69.0,-2.0,0,0,0,0,0,0,0,0,0,0,0.0,,,,,,,,,,0.0,False,True,post,Final,Final,2026-01-21T22:20:02Z,espn,v1.3.2,UCLA Bruins,Purdue Boilermakers,0.0,3d724f5ee851ec6b7e2910b15388d74034532641
401825459,26.0,UCLA Bruins,Purdue Boilermakers,home,2026-01-20,2026-01-21,2026-01-21T03:00Z,,69.0,67.0,2.0,0,0,0,0,0,0,0,0,0,0,0.0,,,,,,,,,,0.0,False,True,post,Final,Final,2026-01-21T22:20:02Z,espn,v1.3.2,UCLA Bruins,Purdue Boilermakers,0.0,45ba8c96c296777df4e33f168822ce036856c3d0
401827633,38.0,Colorado Buffaloes,Kansas Jayhawks,home,2026-01-20,2026-01-21,2026-01-21T04:10Z,,69.0,75.0,-6.0,0,0,0,0,0,0,0,0,0,0,0.0,,,,,,,,,,0.0,False,True,post,Final,Final,2026-01-21T22:20:03Z,espn,v1.3.2,Colorado Buffaloes,Kansas Jayhawks,0.0,ed97e0c4b5f02a20b0ad620d2bcf839393a263fc
401827633,2305.0,Kansas Jayhawks,Colorado Buffaloes,away,2026-01-20,2026-01-21,2026-01-21T04:10Z,,75.0,69.0,6.0,0,0,0,0,0,0,0,0,0,0,0.0,,,,,,,,,,0.0,False,True,post,Final,Final,2026-01-21T22:20:03Z,espn,v1.3.2,Colorado Buffaloes,Kansas Jayhawks,0.0,5534ee4843a7ffec5956df96bbbd836a7c53dd49
401820687,153.0,North Carolina Tar Heels,Notre Dame Fighting Irish,home,2026-01-21,2026-01-22,2026-01-22T00:00Z,,0.0,0.0,0.0,0,0,0,0,0,0,0,0,0,0,0.0,,,,,,,,,,0.0,False,False,pre,Scheduled,"Wed, January 21st at 7:00 PM EST",2026-01-21T22:20:04Z,espn,v1.3.2,North Carolina Tar Heels,Notre Dame Fighting Irish,0.0,8b62165f06f8825085ca25cd2af70e911778a68a
401820687,87.0,Notre Dame Fighting Irish,North Carolina Tar Heels,away,2026-01-21,2026-01-22,2026-01-22T00:00Z,,0.0,0.0,0.0,0,0,0,0,0,0,0,0,0,0,0.0,,,,,,,,,,0.0,False,False,pre,Scheduled,"Wed, January 21st at 7:00 PM EST",2026-01-21T22:20:04Z,espn,v1.3.2,North Carolina Tar Heels,Notre Dame Fighting Irish,0.0,ac3361731b444a28afb6de47aea71c527a486bcd
401825460,356.0,Illinois Fighting Illini,Maryland Terrapins,home,2026-01-21,2026-01-22,2026-01-22T00:00Z,,0.0,0.0,0.0,0,0,0,0,0,0,0,0,0,0,0.0,,,,,,,,,,0.0,False,False,pre,Scheduled,"Wed, January 21st at 7:00 PM EST",2026-01-21T22:20:04Z,espn,v1.3.2,Illinois Fighting Illini,Maryland Terrapins,0.0,edf5a081f6d13718fceb8992c1e6ef660b935184
401825460,120.0,Maryland Terrapins,Illinois Fighting Illini,away,2026-01-21,2026-01-22,2026-01-22T00:00Z,,0.0,0.0,0.0,0,0,0,0,0,0,0,0,0,0,0.0,,,,,,,,,,0.0,False,False,pre,Scheduled,"Wed, January 21st at 7:00 PM EST",2026-01-21T22:20:04Z,espn,v1.3.2,Illinois Fighting Illini,Maryland Terrapins,0.0,2e90c86d47f6831150fd997b21adfb1a86edddc6
401825461,158.0,Nebraska Cornhuskers,Washington Huskies,home,2026-01-21,2026-01-22,2026-01-22T02:00Z,,0.0,0.0,0.0,0,0,0,0,0,0,0,0,0,0,0.0,,,,,,,,,,0.0,False,False,pre,Scheduled,"Wed, January 21st at 9:00 PM EST",2026-01-21T22:20:04Z,espn,v1.3.2,Nebraska Cornhuskers,Washington Huskies,0.0,bef2d0a665a5f04671071a0deb13c01f5fd4e2f2
401825461,264.0,Washington Huskies,Nebraska Cornhuskers,away,2026-01-21,2026-01-22,2026-01-22T02:00Z,,0.0,0.0,0.0,0,0,0,0,0,0,0,0,0,0,0.0,,,,,,,,,,0.0,False,False,pre,Scheduled,"Wed, January 21st at 9:00 PM EST",2026-01-21T22:20:04Z,espn,v1.3.2,Nebraska Cornhuskers,Washington Huskies,0.0,b43bc0f06e04e91fa548806df94a701e0dd10a40
401827637,12.0,Arizona Wildcats,Cincinnati Bearcats,home,2026-01-21,2026-01-22,2026-01-22T02:00Z,,0.0,0.0,0.0,0,0,0,0,0,0,0,0,0,0,0.0,,,,,,,,,,0.0,False,False,pre,Scheduled,"Wed, January 21st at 9:00 PM EST",2026-01-21T22:20:05Z,espn,v1.3.2,Arizona Wildcats,Cincinnati Bearcats,0.0,decaf7d9df8dead9842b679d3a636cb17b70a152
401827637,2132.0,Cincinnati Bearcats,Arizona Wildcats,away,2026-01-21,2026-01-22,2026-01-22T02:00Z,,0.0,0.0,0.0,0,0,0,0,0,0,0,0,0,0,0.0,,,,,,,,,,0.0,False,False,pre,Scheduled,"Wed, January 21st at 9:00 PM EST",2026-01-21T22:20:05Z,espn,v1.3.2,Arizona Wildcats,Cincinnati Bearcats,0.0,bf2ce28a2f3ac1d5e89ff56f8ee652c3f1b32400
401829210,2250.0,Gonzaga Bulldogs,Pepperdine Waves,home,2026-01-21,2026-01-22,2026-01-22T02:00Z,,0.0,0.0,0.0,0,0,0,0,0,0,0,0,0,0,0.0,,,,,,,,,,0.0,False,False,pre,Scheduled,"Wed, January 21st at 9:00 PM EST",2026-01-21T22:20:05Z,espn,v1.3.2,Gonzaga Bulldogs,Pepperdine Waves,0.0,40073973c279ac1f7a915fa748a2b775763b718f
401829210,2492.0,Pepperdine Waves,Gonzaga Bulldogs,away,2026-01-21,2026-01-22,2026-01-22T02:00Z,,0.0,0.0,0.0,0,0,0,0,0,0,0,0,0,0,0.0,,,,,,,,,,0.0,False,False,pre,Scheduled,"Wed, January 21st at 9:00 PM EST",2026-01-21T22:20:05Z,espn,v1.3.2,Gonzaga Bulldogs,Pepperdine Waves,0.0,afd9e1d833142b80d2b050834f6668fa4575b0cc
401808178,,Arkansas Razorbacks,Georgia Bulldogs,away,2026-01-17,2026-01-17,2026-01-17T21:00Z,,,,,29,72,5,21,13,16,18,16,27,43,81.04,0.4375,0.2222222222222222,0.2916666666666667,0.2221125370187561,0.3809523809523809,0.75,,,,,,,,,,,,,,,,
401808181,,Kentucky Wildcats,Tennessee Volunteers,away,2026-01-17,2026-01-17,2026-01-17T17:00Z,,,,,28,59,11,24,13,21,9,14,15,29,63.24,0.5677966101694916,0.3559322033898305,0.4067796610169492,0.1423149905123339,0.4117647058823529,0.4838709677419355,,,,,,,,,,,,,,,,
401808182,,Florida Gators,Vanderbilt Commodores,away,2026-01-17,2026-01-17,2026-01-17T19:00Z,,,,,32,61,9,24,25,30,10,13,27,40,71.2,0.5983606557377049,0.4918032786885246,0.3934426229508196,0.1404494382022471,0.3939393939393939,0.8181818181818182,,,,,,,,,,,,,,,,
401808184,,Alabama Crimson Tide,Oklahoma Sooners,away,2026-01-17,2026-01-17,2026-01-17T18:00Z,,,,,29,66,10,33,15,26,11,14,29,43,74.44,0.5151515151515151,0.3939393939393939,0.5,0.1477700161203654,0.3333333333333333,0.6304347826086957,,,,,,,,,,,,,,,,
401808188,,Vanderbilt Commodores,Arkansas Razorbacks,away,2026-01-20,2026-01-21,2026-01-21T02:10Z,,,,,22,58,10,31,14,19,10,9,18,27,67.36,0.4655172413793103,0.3275862068965517,0.5344827586206896,0.1484560570071258,0.2368421052631578,0.6428571428571429,,,,,,,,,,,,,,,,
401808189,,LSU Tigers,Florida Gators,away,2026-01-20,2026-01-21,2026-01-21T00:00Z,,,,,24,56,3,11,10,15,11,7,23,30,66.6,0.4553571428571428,0.2678571428571428,0.1964285714285714,0.1651651651651652,0.2121212121212121,0.4893617021276595,,,,,,,,,,,,,,,,
401808190,,Georgia Bulldogs,Missouri Tigers,away,2026-01-20,2026-01-21,2026-01-21T02:00Z,,,,,24,65,8,29,18,21,10,19,25,44,65.24,0.4307692307692308,0.3230769230769231,0.4461538461538462,0.1532801961986511,0.4418604651162791,0.625,,,,,,,,,,,,,,,,
401808504,,Montana Grizzlies,Northern Arizona Lumberjacks,away,2026-01-19,2026-01-20,2026-01-20T01:00Z,,,,,36,53,13,22,13,16,7,6,24,30,61.04,0.8018867924528302,0.3018867924528302,0.4150943396226415,0.1146788990825688,0.3333333333333333,0.8,,,,,,,,,,,,,,,,
401808515,,Montana State Bobcats,Northern Colorado Bears,away,2026-01-19,2026-01-20,2026-01-20T01:00Z,,,,,23,54,11,26,16,21,7,5,23,28,65.24000000000001,0.5277777777777778,0.3888888888888889,0.4814814814814814,0.1072961373390557,0.1470588235294117,0.5609756097560976,,,,,,,,,,,,,,,,
401808711,,East Texas A&M Lions,Incarnate Word Cardinals,away,2026-01-19,2026-01-19,2026-01-19T23:00Z,,,,,30,54,8,21,12,17,6,8,26,34,59.48,0.6296296296296297,0.3148148148148148,0.3888888888888889,0.1008742434431741,0.32,0.65,,,,,,,,,,,,,,,,
401808878,,McNeese Cowboys,Texas A&M-Corpus Christi Islanders,away,2026-01-19,2026-01-19,2026-01-19T21:00Z,,,,,24,49,3,13,18,26,11,14,25,39,57.44,0.5204081632653061,0.5306122448979592,0.2653061224489796,0.1915041782729805,0.5,0.8333333333333334,,,,,,,,,,,,,,,,
401808908,,Lamar Cardinals,New Orleans Privateers,away,2026-01-19,2026-01-20,2026-01-20T01:00Z,,,,,28,71,8,27,12,16,11,19,16,35,70.04,0.4507042253521127,0.2253521126760563,0.380281690140845,0.1570531125071387,0.4130434782608695,0.5517241379310345,,,,,,,,,,,,,,,,
401808924,,Stephen F. Austin Lumberjacks,Nicholls Colonels,away,2026-01-19,2026-01-20,2026-01-20T00:30Z,,,,,27,57,9,25,16,20,13,14,27,41,64.8,0.5526315789473685,0.3508771929824561,0.4385964912280701,0.2006172839506173,0.4375,0.627906976744186,,,,,,,,,,,,,,,,
401808940,,Northwestern State Demons,Houston Christian Huskies,away,2026-01-19,2026-01-20,2026-01-20T01:00Z,,,,,27,48,7,19,19,24,8,11,11,22,55.56,0.6354166666666666,0.5,0.3958333333333333,0.1439884809215262,0.4782608695652174,0.5,,,,,,,,,,,,,,,,
401808959,,SE Louisiana Lions,UT Rio Grande Valley Vaqueros,away,2026-01-19,2026-01-20,2026-01-20T00:30Z,,,,,23,57,7,23,12,18,10,9,26,35,65.92,0.4649122807017544,0.3157894736842105,0.4035087719298245,0.1516990291262135,0.2432432432432432,0.7428571428571429,,,,,,,,,,,,,,,,
401812018,,Northeastern Huskies,Monmouth Hawks,away,2026-01-19,2026-01-19,2026-01-19T16:00Z,,,,,27,62,4,24,10,14,18,13,27,40,73.16,0.4677419354838709,0.2258064516129032,0.3870967741935484,0.2460360852925096,0.3513513513513513,0.6585365853658537,,,,,,,,,,,,,,,,
401812019,,Drexel Dragons,Towson Tigers,away,2026-01-19,2026-01-19,2026-01-19T18:00Z,,,,,26,50,5,15,1,4,13,2,26,28,62.76,0.57,0.08,0.3,0.207138304652645,0.0769230769230769,0.5909090909090909,,,,,,,,,,,,,,,,
401812023,,North Carolina A&T Aggies,Hampton Pirates,away,2026-01-19,2026-01-20,2026-01-20T02:00Z,,,,,23,57,6,15,9,13,10,9,25,34,63.72,0.4561403508771929,0.2280701754385964,0.2631578947368421,0.1569365976145637,0.2368421052631578,0.6578947368421053,,,,,,,,,,,,,,,,
401812122,,Bryant Bulldogs,NJIT Highlanders,away,2026-01-19,2026-01-19,2026-01-19T19:00Z,,,,,15,48,6,25,19,24,12,9,21,30,61.56,0.375,0.5,0.5208333333333334,0.1949317738791423,0.2647058823529412,0.7241379310344828,,,,,,,,,,,,,,,,
401812123,,UMBC Retrievers,Binghamton Bearcats,away,2026-01-19,2026-01-19,2026-01-19T19:00Z,,,,,31,57,7,16,9,12,5,4,29,33,63.28,0.6052631578947368,0.2105263157894736,0.2807017543859649,0.0790139064475347,0.1481481481481481,0.8055555555555556,,,,,,,,,,,,,,,,
401812124,,New Hampshire Wildcats,Maine Black Bears,away,2026-01-19,2026-01-19,2026-01-19T19:00Z,,,,,26,59,5,18,8,15,9,11,28,39,63.6,0.4830508474576271,0.2542372881355932,0.3050847457627119,0.1415094339622641,0.3142857142857143,0.9655172413793104,,,,,,,,,,,,,,,,
401812125,,Vermont Catamounts,UAlbany Great Danes,away,2026-01-19,2026-01-19,2026-01-19T18:00Z,,,,,24,55,9,24,11,15,13,7,26,33,67.6,0.5181818181818182,0.2727272727272727,0.4363636363636363,0.1923076923076923,0.2121212121212121,0.8125,,,,,,,,,,,,,,,,
401812320,,Wagner Seahawks,Fairleigh Dickinson Knights,away,2026-01-19,2026-01-19,2026-01-19T19:00Z,,,,,21,48,5,14,14,16,8,5,17,22,58.04,0.4895833333333333,0.3333333333333333,0.2916666666666667,0.1378359751895244,0.1923076923076923,0.5862068965517241,,,,,,,,,,,,,,,,
401812339,,Long Island University Sharks,Le Moyne Dolphins,away,2026-01-19,2026-01-19,2026-01-19T20:00Z,,,,,32,73,7,18,6,12,12,18,21,39,72.28,0.4863013698630137,0.1643835616438356,0.2465753424657534,0.1660210293303818,0.4186046511627907,0.9130434782608696,,,,,,,,,,,,,,,,
401812391,,Stonehill Skyhawks,Saint Francis Red Flash,away,2026-01-19,2026-01-19,2026-01-19T17:00Z,,,,,19,44,7,19,16,21,21,7,33,40,67.24000000000001,0.5113636363636364,0.4772727272727273,0.4318181818181818,0.3123140987507435,0.25,0.7674418604651163,,,,,,,,,,,,,,,,
401812588,,Pennsylvania Quakers,Harvard Crimson,away,2026-01-19,2026-01-19,2026-01-19T19:00Z,,,,,22,54,6,19,13,17,11,10,23,33,62.48,0.4629629629629629,0.3148148148148148,0.3518518518518518,0.176056338028169,0.2941176470588235,0.7419354838709677,,,,,,,,,,,,,,,,
401812654,,Central Connecticut Blue Devils,Mercyhurst Lakers,away,2026-01-19,2026-01-19,2026-01-19T19:00Z,,,,,22,60,5,22,12,15,10,15,18,33,61.6,0.4083333333333333,0.25,0.3666666666666666,0.1623376623376623,0.375,0.6666666666666666,,,,,,,,,,,,,,,,
401813313,,Manhattan Jaspers,Quinnipiac Bobcats,away,2026-01-19,2026-01-19,2026-01-19T19:00Z,,,,,31,71,9,20,21,23,11,12,19,31,80.12,0.5,0.323943661971831,0.2816901408450704,0.1372940589116325,0.3333333333333333,0.5588235294117647,,,,,,,,,,,,,,,,
401813334,,Merrimack Warriors,Marist Red Foxes,away,2026-01-19,2026-01-19,2026-01-19T19:00Z,,,,,21,44,4,17,22,27,12,3,25,28,64.88,0.5227272727272727,0.6136363636363636,0.3863636363636363,0.1849568434032059,0.1304347826086956,0.6756756756756757,,,,,,,,,,,,,,,,
401813387,,Mount St. Mary's Mountaineers,Niagara Purple Eagles,away,2026-01-19,2026-01-19,2026-01-19T19:00Z,,,,,23,52,7,20,15,21,10,11,25,36,60.24,0.5096153846153846,0.4038461538461538,0.3846153846153846,0.1660026560424966,0.34375,0.5813953488372093,,,,,,,,,,,,,,,,
401813426,,Fairfield Stags,Siena Saints,away,2026-01-19,2026-01-19,2026-01-19T19:00Z,,,,,29,58,8,26,11,13,9,8,12,20,64.72,0.5689655172413793,0.2241379310344827,0.4482758620689655,0.1390605686032138,0.2758620689655172,0.75,,,,,,,,,,,,,,,,
401814524,,Ohio Bobcats,Ball State Cardinals,away,2026-01-16,2026-01-17,2026-01-17T01:30Z,,,,,26,54,4,16,15,19,12,8,23,31,66.36,0.5185185185185185,0.3518518518518518,0.2962962962962963,0.1808318264014466,0.2758620689655172,0.71875,,,,,,,,,,,,,,,,
401814526,,Toledo Rockets,Kent State Golden Flashes,away,2026-01-16,2026-01-16,2026-01-16T23:30Z,,,,,28,59,8,19,20,29,11,10,19,29,72.76,0.5423728813559322,0.4915254237288136,0.3220338983050847,0.1511819681143485,0.2941176470588235,0.59375,,,,,,,,,,,,,,,,
401814531,,Miami (OH) RedHawks,Kent State Golden Flashes,away,2026-01-20,2026-01-21,2026-01-21T00:00Z,,,,,38,70,9,31,22,34,6,9,22,31,81.96000000000001,0.6071428571428571,0.4857142857142857,0.4428571428571428,0.0732064421669106,0.2368421052631578,0.5641025641025641,,,,,,,,,,,,,,,,
401818310,,Columbia Lions,Yale Bulldogs,away,2026-01-19,2026-01-19,2026-01-19T19:00Z,,,,,25,49,3,17,21,25,12,8,18,26,64.0,0.5408163265306123,0.5102040816326531,0.3469387755102041,0.1875,0.32,0.5625,,,,,,,,,,,,,,,,
401818559,,Cornell Big Red,Brown Bears,away,2026-01-19,2026-01-19,2026-01-19T19:00Z,,,,,31,58,12,29,15,21,10,8,26,34,69.24,0.6379310344827587,0.3620689655172414,0.5,0.1444251877527441,0.25,0.8387096774193549,,,,,,,,,,,,,,,,
401820199,,Loyola Maryland Greyhounds,Lehigh Mountain Hawks,away,2026-01-19,2026-01-20,2026-01-20T00:00Z,,,,,29,62,13,32,10,16,8,10,19,29,67.04,0.5725806451612904,0.2580645161290322,0.5161290322580645,0.1193317422434367,0.2857142857142857,0.8260869565217391,,,,,,,,,,,,,,,,
401820675,,North Carolina Tar Heels,California Golden Bears,away,2026-01-17,2026-01-17,2026-01-17T21:00Z,,,,,26,56,9,27,17,28,11,10,24,34,69.32,0.5446428571428571,0.5,0.4821428571428571,0.1586843623773803,0.2777777777777778,0.75,,,,,,,,,,,,,,,,
401820676,,Miami Hurricanes,Clemson Tigers,away,2026-01-17,2026-01-17,2026-01-17T19:15Z,,,,,21,54,6,24,11,14,16,11,23,34,65.16,0.4444444444444444,0.2592592592592592,0.4444444444444444,0.245549416820135,0.3142857142857143,0.8518518518518519,,,,,,,,,,,,,,,,
401820679,,Louisville Cardinals,Pittsburgh Panthers,away,2026-01-17,2026-01-18,2026-01-18T01:00Z,,,,,36,57,15,29,13,15,8,6,29,35,65.6,0.7631578947368421,0.2631578947368421,0.5087719298245614,0.1219512195121951,0.2727272727272727,0.7837837837837838,,,,,,,,,,,,,,,,
401820680,,Virginia Cavaliers,SMU Mustangs,away,2026-01-17,2026-01-17,2026-01-17T17:00Z,,,,,25,60,12,31,10,12,11,16,24,40,60.28,0.5166666666666667,0.2,0.5166666666666667,0.1824817518248175,0.4444444444444444,0.6666666666666666,,,,,,,,,,,,,,,,
401820681,,Duke Blue Devils,Stanford Cardinal,away,2026-01-17,2026-01-17,2026-01-17T23:00Z,,,,,28,50,4,10,20,28,10,11,24,35,61.32,0.6,0.56,0.2,0.1630789302022178,0.4074074074074074,0.6486486486486487,,,,,,,,,,,,,,,,
401820685,,NC State Wolfpack,Clemson Tigers,away,2026-01-20,2026-01-21,2026-01-21T00:00Z,,,,,25,57,8,23,22,25,7,6,24,30,69.0,0.5087719298245614,0.4385964912280701,0.4035087719298245,0.1014492753623188,0.1714285714285714,0.7272727272727273,,,,,,,,,,,,,,,,
401822348,,New Haven Chargers,Chicago State Cougars,away,2026-01-19,2026-01-20,2026-01-20T00:00Z,,,,,20,48,8,27,14,14,17,13,23,36,58.16,0.5,0.2916666666666667,0.5625,0.2922971114167813,0.4642857142857143,0.7419354838709677,,,,,,,,,,,,,,,,
401822902,,Marquette Golden Eagles,DePaul Blue Demons,away,2026-01-16,2026-01-17,2026-01-17T01:30Z,,,,,29,60,12,29,5,13,7,8,22,30,64.72,0.5833333333333334,0.2166666666666666,0.4833333333333333,0.1081582200247218,0.2285714285714285,0.5945945945945946,,,,,,,,,,,,,,,,
401822903,,Creighton Bluejays,Providence Friars,away,2026-01-16,2026-01-16,2026-01-16T23:30Z,,,,,27,66,10,30,24,29,10,14,23,37,74.76,0.4848484848484848,0.4393939393939394,0.4545454545454545,0.1337613697164258,0.3414634146341463,0.5476190476190477,,,,,,,,,,,,,,,,
401822904,,UConn Huskies,Georgetown Hoyas,away,2026-01-17,2026-01-17,2026-01-17T17:00Z,,,,,21,58,5,26,17,24,6,16,18,34,58.56,0.4051724137931034,0.4137931034482758,0.4482758620689655,0.1024590163934426,0.3902439024390244,0.5454545454545454,,,,,,,,,,,,,,,,
401822906,,Butler Bulldogs,Seton Hall Pirates,away,2026-01-17,2026-01-17,2026-01-17T17:00Z,,,,,20,44,4,18,33,41,8,5,22,27,65.03999999999999,0.5,0.9318181818181818,0.4090909090909091,0.1230012300123001,0.1724137931034483,0.5116279069767442,,,,,,,,,,,,,,,,
401822907,,Providence Friars,Marquette Golden Eagles,away,2026-01-19,2026-01-19,2026-01-19T23:00Z,,,,,32,64,11,27,29,33,17,14,28,42,81.52,0.5859375,0.515625,0.421875,0.2085377821393523,0.4516129032258064,0.6829268292682927,,,,,,,,,,,,,,,,
401823732,,Sacred Heart Pioneers,Rider Broncs,away,2026-01-19,2026-01-19,2026-01-19T19:00Z,,,,,36,59,15,27,18,26,9,4,32,36,75.44,0.7372881355932204,0.4406779661016949,0.4576271186440678,0.1193001060445387,0.1379310344827586,0.7804878048780488,,,,,,,,,,,,,,,,
401823796,,Utah State Aggies,Grand Canyon Lopes,away,2026-01-17,2026-01-17,2026-01-17T19:30Z,,,,,25,69,7,28,17,23,7,22,21,43,64.12,0.4130434782608695,0.3333333333333333,0.4057971014492754,0.1091703056768558,0.4680851063829787,0.6176470588235294,,,,,,,,,,,,,,,,
401823848,,Iona Gaels,Saint Peter's Peacocks,away,2026-01-19,2026-01-19,2026-01-19T19:00Z,,,,,20,56,11,32,12,22,9,7,24,31,67.68,0.4553571428571428,0.3928571428571428,0.5714285714285714,0.1329787234042553,0.1707317073170731,0.7058823529411765,,,,,,,,,,,,,,,,
401825446,,Minnesota Golden Gophers,Illinois Fighting Illini,away,2026-01-17,2026-01-17,2026-01-17T17:00Z,,,,,26,65,12,35,3,3,7,11,20,31,62.31999999999999,0.4923076923076923,0.0461538461538461,0.5384615384615384,0.1123234916559692,0.3055555555555556,0.5405405405405406,,,,,,,,,,,,,,,,
401825448,,Nebraska Cornhuskers,Northwestern Wildcats,away,2026-01-17,2026-01-17,2026-01-17T21:00Z,,,,,27,53,11,26,12,15,5,6,22,28,58.6,0.6132075471698113,0.2830188679245283,0.490566037735849,0.0853242320819112,0.2222222222222222,0.7096774193548387,,,,,,,,,,,,,,,,
401825450,,Michigan Wolverines,Oregon Ducks,away,2026-01-17,2026-01-17,2026-01-17T21:00Z,,,,,25,51,9,23,22,30,14,12,24,36,66.2,0.5784313725490197,0.5882352941176471,0.4509803921568627,0.2114803625377643,0.4444444444444444,0.6153846153846154,,,,,,,,,,,,,,,,
401825451,,Purdue Boilermakers,USC Trojans,away,2026-01-17,2026-01-17,2026-01-17T23:00Z,,,,,23,55,7,21,16,22,8,6,26,32,66.68,0.4818181818181818,0.4,0.3818181818181818,0.1199760047990401,0.1666666666666666,0.7222222222222222,,,,,,,,,,,,,,,,
401825452,,Michigan State Spartans,Washington Huskies,away,2026-01-17,2026-01-17,2026-01-17T23:00Z,,,,,31,65,6,19,12,18,5,13,26,39,64.92,0.5230769230769231,0.2769230769230769,0.2923076923076923,0.0770178681454097,0.3421052631578947,0.896551724137931,,,,,,,,,,,,,,,,
401825456,,Indiana Hoosiers,Michigan Wolverines,away,2026-01-20,2026-01-21,2026-01-21T00:00Z,,,,,23,57,11,34,15,18,10,5,20,25,69.92,0.5,0.3157894736842105,0.5964912280701754,0.143020594965675,0.1470588235294117,0.625,,,,,,,,,,,,,,,,
401825458,,Michigan State Spartans,Oregon Ducks,away,2026-01-20,2026-01-21,2026-01-21T02:00Z,,,,,28,49,7,20,5,9,12,6,25,31,58.96,0.6428571428571429,0.1836734693877551,0.4081632653061224,0.2035278154681139,0.2608695652173913,0.78125,,,,,,,,,,,,,,,,
401825459,,Purdue Boilermakers,UCLA Bruins,away,2026-01-20,2026-01-21,2026-01-21T03:00Z,,,,,27,60,7,27,6,7,8,13,17,30,58.08,0.5083333333333333,0.1166666666666666,0.45,0.1377410468319559,0.3939393939393939,0.8095238095238095,,,,,,,,,,,,,,,,
401826865,,Princeton Tigers,Dartmouth Big Green,away,2026-01-19,2026-01-19,2026-01-19T23:00Z,,,,,24,56,10,27,11,11,1,4,25,29,57.84,0.5178571428571429,0.1964285714285714,0.4821428571428571,0.0172890733056708,0.1333333333333333,0.78125,,,,,,,,,,,,,,,,
401827051,,Prairie View A&M Panthers,Alcorn State Braves,away,2026-01-19,2026-01-19,2026-01-19T20:00Z,,,,,26,54,7,19,16,19,10,4,22,26,68.36,0.5462962962962963,0.3518518518518518,0.3518518518518518,0.1462843768285547,0.1333333333333333,0.5238095238095238,,,,,,,,,,,,,,,,
401827141,,Bethune-Cookman Wildcats,Arkansas-Pine Bluff Golden Lions,away,2026-01-19,2026-01-19,2026-01-19T23:30Z,,,,,27,57,3,13,30,41,17,15,26,41,77.03999999999999,0.5,0.7192982456140351,0.2280701754385964,0.2206645898234683,0.4166666666666667,0.7647058823529411,,,,,,,,,,,,,,,,
401827163,,Alabama A&M Bulldogs,Alabama State Hornets,away,2026-01-19,2026-01-19,2026-01-19T22:00Z,,,,,22,51,5,20,24,29,12,6,19,25,69.75999999999999,0.4803921568627451,0.5686274509803921,0.392156862745098,0.1720183486238532,0.2,0.6333333333333333,,,,,,,,,,,,,,,,
401827624,,Baylor Bears,Kansas Jayhawks,away,2026-01-16,2026-01-17,2026-01-17T01:00Z,,,,,22,61,11,29,7,10,11,11,26,37,65.4,0.4508196721311475,0.1639344262295081,0.4754098360655737,0.1681957186544342,0.2682926829268293,0.7878787878787878,,,,,,,,,,,,,,,,
401827625,,Arizona Wildcats,UCF Knights,away,2026-01-17,2026-01-17,2026-01-17T21:00Z,,,,,29,55,3,13,23,33,12,9,28,37,72.52,0.5545454545454546,0.6,0.2363636363636363,0.1654715940430226,0.2903225806451613,0.6666666666666666,,,,,,,,,,,,,,,,
401827626,,Iowa State Cyclones,Cincinnati Bearcats,away,2026-01-17,2026-01-17,2026-01-17T19:00Z,,,,,22,51,9,21,17,27,12,11,21,32,63.88,0.5196078431372549,0.5294117647058824,0.4117647058823529,0.1878522229179711,0.3142857142857143,0.5833333333333334,,,,,,,,,,,,,,,,
401827628,,BYU Cougars,Texas Tech Red Raiders,away,2026-01-17,2026-01-18,2026-01-18T01:00Z,,,,,27,64,5,22,12,14,12,12,23,35,70.16,0.4609375,0.21875,0.34375,0.1710376282782212,0.3157894736842105,0.696969696969697,,,,,,,,,,,,,,,,
401827631,,Arizona State Sun Devils,Houston Cougars,away,2026-01-18,2026-01-18,2026-01-18T23:30Z,,,,,22,54,9,25,20,24,17,13,17,30,68.56,0.4907407407407407,0.4444444444444444,0.4629629629629629,0.2479579929988331,0.4193548387096774,0.53125,,,,,,,,,,,,,,,,
401827632,,Texas Tech Red Raiders,Baylor Bears,away,2026-01-20,2026-01-21,2026-01-21T02:00Z,,,,,33,55,17,27,9,11,13,5,23,28,67.84,0.7545454545454545,0.2,0.4909090909090909,0.191627358490566,0.217391304347826,0.6764705882352942,,,,,,,,,,,,,,,,
401827633,,Kansas Jayhawks,Colorado Buffaloes,away,2026-01-20,2026-01-21,2026-01-21T04:10Z,,,,,24,52,8,19,19,24,12,9,36,45,65.56,0.5384615384615384,0.4615384615384615,0.3653846153846153,0.1830384380719951,0.3,0.75,,,,,,,,,,,,,,,,
401827634,,UCF Knights,Iowa State Cyclones,away,2026-01-20,2026-01-21,2026-01-21T00:00Z,,,,,21,57,10,32,5,6,19,13,19,32,65.64,0.4561403508771929,0.1052631578947368,0.5614035087719298,0.2894576477757465,0.3611111111111111,0.5588235294117647,,,,,,,,,,,,,,,,
401828376,,Loyola Chicago Ramblers,Dayton Flyers,away,2026-01-16,2026-01-17,2026-01-17T01:30Z,,,,,19,57,4,17,9,16,19,16,26,42,67.04,0.3684210526315789,0.2807017543859649,0.2982456140350877,0.2834128878281622,0.3720930232558139,0.7878787878787878,,,,,,,,,,,,,,,,
401828380,,George Washington Revolutionaries,George Mason Patriots,away,2026-01-19,2026-01-19,2026-01-19T22:00Z,,,,,24,57,8,25,8,11,12,7,25,32,66.84,0.4912280701754385,0.1929824561403508,0.4385964912280701,0.1795332136445242,0.2,0.8620689655172413,,,,,,,,,,,,,,,,
401828381,,Saint Joseph's Hawks,VCU Rams,away,2026-01-19,2026-01-19,2026-01-19T20:00Z,,,,,26,55,8,18,12,19,18,8,29,37,73.36,0.5454545454545454,0.3454545454545454,0.3272727272727272,0.2453653217011995,0.25,0.725,,,,,,,,,,,,,,,,
401828382,,Saint Louis Billikens,Duquesne Dukes,away,2026-01-20,2026-01-21,2026-01-21T00:00Z,,,,,28,57,9,20,16,25,16,9,29,38,75.0,0.5701754385964912,0.4385964912280701,0.3508771929824561,0.2133333333333333,0.2647058823529412,0.6304347826086957,,,,,,,,,,,,,,,,
401828664,,Texas Southern Tigers,Jackson State Tigers,away,2026-01-19,2026-01-20,2026-01-20T01:00Z,,,,,32,65,8,28,17,24,11,15,22,37,71.56,0.5538461538461539,0.3692307692307692,0.4307692307692308,0.1537171604248183,0.3846153846153846,0.7333333333333333,,,,,,,,,,,,,,,,
401828727,,Elizabeth City State Vikings,Norfolk State Spartans,away,2026-01-19,2026-01-20,2026-01-20T00:00Z,,,,,20,56,8,26,13,17,15,8,19,27,70.48,0.4285714285714285,0.3035714285714285,0.4642857142857143,0.2128263337116912,0.2285714285714285,0.6785714285714286,,,,,,,,,,,,,,,,
401829197,,Gonzaga Bulldogs,Washington State Cougars,away,2026-01-15,2026-01-16,2026-01-16T03:15Z,,,,,34,68,6,16,12,17,8,17,26,43,66.48,0.5441176470588235,0.25,0.2352941176470588,0.1203369434416365,0.4722222222222222,0.7222222222222222,,,,,,,,,,,,,,,,
401829203,,Gonzaga Bulldogs,Seattle U Redhawks,away,2026-01-17,2026-01-18,2026-01-18T03:00Z,,,,,28,60,6,18,9,13,15,13,31,44,67.72,0.5166666666666667,0.2166666666666666,0.3,0.2215002953337271,0.4193548387096774,0.8378378378378378,,,,,,,,,,,,,,,,
401830241,,Morehouse Maroon Tigers,Howard Bison,away,2026-01-19,2026-01-19,2026-01-19T21:00Z,,,,,24,57,9,24,12,17,10,6,22,28,68.48,0.5,0.2982456140350877,0.4210526315789473,0.1460280373831775,0.2,0.5641025641025641,,,,,,,,,,,,,,,,
401830344,,Florida A&M Rattlers,Mississippi Valley State Delta Devils,away,2026-01-19,2026-01-20,2026-01-20T01:00Z,,,,,22,50,6,21,12,15,19,11,33,44,64.6,0.5,0.3,0.42,0.2941176470588235,0.3666666666666666,0.8048780487804879,,,,,,,,,,,,,,,,
401830828,,Colorado State Rams,Boise State Broncos,away,2026-01-16,2026-01-17,2026-01-17T03:45Z,,,,,23,47,14,25,13,14,15,6,20,26,62.16,0.6382978723404256,0.2978723404255319,0.5319148936170213,0.2413127413127413,0.2608695652173913,0.6451612903225806,,,,,,,,,,,,,,,,
