rk,team,conf,rec,adjoe,oe_rank,adjde,de_rank,barthag,rank1,proj_w,proj_l,pro_con_w,pro_con_l,con_rec,sos,ncsos,consos,proj_sos,proj_noncon_sos,proj_con_sos,elite_sos,elite_noncon_sos,opp_oe,opp_de,opp_proj_oe,opp_proj_de,con_adj_oe,con_adj_de,qual_o,qual_d,qual_barthag,qual_games,fun,conpf,conpa,conposs,conoe,conde,consosremain,conf_winpct,wab,wab_rk,fun_rk,adjt,team_key
1,Michigan,B10,22-1,127.85204111930533,5,89.74941051613973,1,0.9831977982373088,1,28.085308596790917,2.914691403209089,17.42789945995414,2.5721005400458585,12-1,0.7515318789048202,0.7125564408528969,0.7815129850986072,0.7905231732800361,0.7358011230242214,0.8206203009207342,0.6014199968824199,0.6582982555599891,116.22749176745204,103.33598582024018,117.86921044525636,101.95285664746493,127.71700104264596,93.61171501403412,128.3319895816961,86.4867414760015,0.989420891760387,12.0,0.0471592324540525,1133.0,922.0,924.6875,1.2252788104089218,0.9970936127069956,0.8932481731618271,0.9230769230769232,8.650923534558796,1,73,72.4305431015618,michigan
2,Arizona,B12,23-1,125.00933448198542,13,90.3033095258503,2,0.9767962561877546,2,28.33125528324833,2.6687447167516734,15.331255283248325,2.6687447167516734,10-1,0.6719299979806331,0.5687847361530148,0.7938289437769087,0.7239960763321929,0.5687847361530148,0.8360931553504879,0.6290541911759155,0.7107547835285708,114.35319020439886,104.53383562058072,116.32582821389312,103.3735675791592,125.27116136415408,90.22413129329644,125.30486445126,89.06839670391466,0.98064896636395,10.0,0.0917749132814499,957.0,776.0,808.9125,1.1830698623151452,0.9593126574258648,0.9025083449661124,0.9090909090909092,8.355839820999686,2,22,71.27907157695041,arizona
3,Houston,B12,21-2,128.13574688131615,4,93.04171470841204,7,0.9754092386244604,3,27.245424478432803,3.754575521567199,15.2454244784328,2.7545755215671988,9-1,0.6667040898169647,0.5316008892972046,0.8423382504926529,0.7051647409775874,0.5316008892972046,0.8305164116356417,0.6627270504884781,0.7927372579374143,113.58717632633407,105.02556823414824,115.08672868466093,104.05323033903882,132.5532227535143,93.3617005823809,129.58318324015585,97.3500278833076,0.9640534969341752,9.0,0.0279528973920467,790.0,636.0,639.1125,1.236089107942655,0.9951299653816816,0.8157391130643776,0.9,6.568011951523984,6,113,63.12467812748365,houston
4,Florida,SEC,17-6,125.1789163694051,10,92.22798140935744,4,0.9710561193006604,4,23.70222172091807,7.297778279081926,14.702221720918072,3.297778279081926,8-2,0.7234434016007318,0.6160135633786125,0.8631021912894866,0.7467572871963615,0.6160135633786126,0.8411833099536248,0.6279273969323552,0.6973154734868894,117.1504915521094,104.50538512000946,117.48493698512,104.04862569124978,129.2264375209878,91.58844808591442,127.210631939863,94.13169591639564,0.9696229004013,12.0,-0.0798333083246553,878.0,722.0,715.1625,1.2276930068341112,1.009560764161991,0.8137847082837971,0.8,4.16714845620178,15,333,69.62857882756653,florida
5,Illinois,B10,20-4,131.7782341729868,1,97.16693876870517,22,0.9707995078462855,5,25.608836898051223,5.391163101948775,16.608836898051223,3.391163101948777,11-2,0.7012605645116361,0.5818870186472979,0.8022689494737685,0.7310432299250967,0.5818870186472979,0.8130791461278865,0.6194851186650467,0.7206258143884183,115.88699610221586,103.707044299179,116.51618888479248,103.02427912488965,133.41343173262814,98.8268138338099,133.44078137865856,98.86102388390564,0.9692114933973712,11.0,0.0215185177638231,1049.0,903.0,842.0875,1.2457137767749789,1.0723351195689284,0.8331552256283911,0.8461538461538461,6.410774570123867,7,128,65.72744706659766,illinois
6,Duke,ACC,21-2,124.78163195610534,15,92.7018731762022,5,0.9682479447243728,6,27.102490349069832,3.897509650930171,15.759899485906598,2.240100514093402,10-1,0.6826242646740491,0.5880315200992766,0.7858163496647098,0.7275573339551502,0.6184289261089104,0.8063722951774345,0.6174027310735384,0.6290741615184856,114.83567310363848,103.85503006314748,115.92466415922736,102.7017546079728,126.295363092556,94.0841481852568,124.0242017637877,88.27218349514617,0.9803646753538042,13.0,0.0952742103331659,873.0,719.0,725.6624999999999,1.2030386026561937,0.9908187346045856,0.8386744952688588,0.9090909090909092,7.819039770124299,3,19,66.34320908068506,duke
7,Iowa St.,B12,21-2,126.02685548315928,7,94.38770747090844,13,0.9652587353537624,7,26.538348515576597,4.461651484423404,13.538348515576596,4.461651484423404,8-2,0.6153265571961496,0.4766791255911932,0.7955682182825932,0.6826803849893227,0.4766791255911932,0.8314590723324162,0.6627710041967028,0.787781726795915,111.56160014150312,105.36443236915966,114.04677490680704,103.72971882986654,125.95467128727864,95.35915168453413,120.97032290501174,98.45392338270136,0.9143935819607482,6.0,0.0531952758813429,801.0,678.0,671.3999999999999,1.1930294906166223,1.0098302055406616,0.8763226398946952,0.8,5.763217416426233,9,62,67.77642832251554,iowa state
8,Connecticut,BE,22-2,122.7325101694876,26,92.10336136210935,3,0.9644837308784624,8,27.90968090266596,3.090319097334045,17.909680902665958,2.090319097334044,12-1,0.6815446067218898,0.5867755910738794,0.7617337738086677,0.7056918765865271,0.5867755910738791,0.7710958336184838,0.6665629809842059,0.6365662426279,114.1851574917612,104.0459877805654,114.42731445128224,103.51870520427906,122.42034941878956,92.92495707714156,122.3665311010072,92.96953001979934,0.9592858936066704,10.0,0.1013262307892626,1033.0,869.0,883.275,1.169511194135462,0.9838385553762984,0.7884825161224278,0.9230769230769232,7.728115153015906,4,17,65.03695225025733,connecticut
9,Purdue,B10,19-4,128.49420585514406,3,97.7420925341408,25,0.9587445873337302,9,24.039483527549844,6.9605164724501565,14.039483527549844,5.960516472450155,9-3,0.723364061091191,0.6455917385587546,0.7946553567459244,0.7720491831747498,0.6455917385587546,0.8416007777135471,0.597473379816377,0.7065222620771269,116.10484456855212,103.68528621890825,117.67535648946506,102.23404687409348,128.1818658685211,99.13132190737204,128.4313702875937,96.41148759235163,0.9643548816196816,10.0,0.0271094869536429,954.0,845.0,786.2875,1.2132966631162263,1.0746705244582928,0.9120189091649814,0.75,5.637580788855555,10,116,65.25462632536731,purdue
10,Nebraska,B10,21-2,121.71534714932832,33,93.3724603650792,11,0.9547185667604468,10,26.961551540640425,4.038448459359576,15.96155154064042,4.038448459359576,10-2,0.6506306988684699,0.4229428459301553,0.8593445640619249,0.6870117690777641,0.4229428459301552,0.8322496768089493,0.6601873841026037,0.8865925665556791,114.59425593037663,105.30557350316305,115.6077985877042,104.5847773370669,126.33494101616748,91.65456226347074,124.1559311421252,89.6839645512261,0.9768045953045708,9.0,0.1227565661449738,926.0,799.0,789.2375000000001,1.1732843408986522,1.012369533885554,0.7916073459294856,0.8333333333333334,6.809109041872633,5,7,66.99738795254487,nebraska
11,Kansas,B12,19-5,121.10571564520367,37,93.18067431476004,9,0.9532213525178134,11,23.33862485000649,7.661375149993512,13.338624850006488,4.661375149993512,9-2,0.7551465231088939,0.6933829777354532,0.828139804004778,0.7780109503343466,0.6933829777354532,0.8391311527668806,0.5926503534318109,0.6608761295484711,116.55423217417324,102.27221146580769,117.1790712644313,101.27008834170732,123.57046204786955,95.99367419730751,123.04479289174944,96.09668741036856,0.9449414892840964,11.0,0.0354227839092153,886.0,803.0,765.825,1.1569222733653248,1.0485424215715078,0.8564032722501843,0.8181818181818182,5.889076478753509,8,92,67.19200512116348,kansas
12,Vanderbilt,SEC,19-4,124.38724734853264,17,96.44861575572504,20,0.949091565169508,12,24.245133004452352,6.75486699554765,11.24513300445235,6.75486699554765,6-4,0.6592975828839488,0.5322429191315002,0.824468645762132,0.717938366107399,0.5322429191315001,0.8520517444788819,0.6597365229720767,0.7994883574111852,114.38876383657616,106.03203874642864,115.97399893343336,104.46184154016412,122.72644692924686,98.62438650379131,129.18370174159654,98.78810479785196,0.9562684849111044,8.0,0.0052724332155152,819.0,776.0,708.1500000000001,1.1565346324931156,1.0958130339617311,0.8865306178748191,0.6,4.224888016706327,14,169,70.34887041146466,vanderbilt
13,Louisville,ACC,18-6,125.77510142502727,8,97.80002766724806,26,0.9475023615497116,13,22.73232535200241,8.267674647997588,11.948712325214467,6.051287674785534,8-4,0.6771075393060726,0.5491785406895465,0.8050365379225987,0.7095833914117001,0.571002124126685,0.8096698622286556,0.6510132776035703,0.7405807357922003,112.99586153314884,103.36012421671356,114.2744507876914,102.92148405324448,125.71005849753436,98.6012325530248,122.60638159087416,99.30967072185165,0.9185992425286568,12.0,-0.0312626801064589,991.0,884.0,841.625,1.1774840338630626,1.0503490271795632,0.8189365108407695,0.6666666666666666,3.3411503081684355,24,251,70.30794745593492,louisville
14,Michigan St.,B10,20-4,119.36389957527678,47,92.86374521389186,6,0.9472000548266276,14,24.05377304627385,6.946226953726146,14.053773046273854,5.946226953726146,10-3,0.6969562450413026,0.5645371550025726,0.8090031673817666,0.7317191003188946,0.5645371550025727,0.823669170242872,0.6270312188929963,0.7803586927574776,116.49552161835214,104.99039405473307,117.86337645909254,103.9363169901415,120.60692910761652,91.994122275271,120.44693626243856,90.26966269939872,0.9649969681615214,11.0,0.0573390804394716,996.0,842.0,862.7500000000001,1.154447986090988,0.9759490002897708,0.8509060326992105,0.7692307692307693,5.574626977927482,11,57,65.6115361369584,michigan state
15,Virginia,ACC,20-3,123.3475472899464,22,96.8211220683226,21,0.9418389839535656,15,25.934735335206888,5.06526466479311,14.241151389754172,3.7588486102458303,9-2,0.5983152236063566,0.4214467589556947,0.7912626395888971,0.6505279875947885,0.4565172269332936,0.7906468702947568,0.7264562477451209,0.8479005128308781,111.80453866503878,107.00346061328584,113.23131247368266,105.71093330549368,121.59212039361203,94.36924117652198,126.37004116451446,92.3355963705243,0.9736228055471624,6.0,0.0433117148971781,858.0,763.0,754.6875,1.1368944099378882,1.011014492753623,0.7896792328325366,0.8181818181818182,4.082077578383876,17,79,65.27167027648044,virginia
16,Texas Tech,B12,17-6,125.03910498381585,12,98.20589209601324,30,0.9414722353973703,16,22.19584360387942,8.804156396120577,12.195843603879425,5.804156396120577,7-3,0.7255228023187894,0.6369629557267115,0.8406506028884904,0.7491550663437777,0.6369629557267115,0.8301827017894361,0.6136875736983859,0.6984709227272432,117.74183292660518,104.08436925502984,117.8777574320639,103.05904146211572,126.19294089775482,96.53655176465509,125.73086565080152,99.46474414266868,0.9367258877631992,11.0,0.0218497626371265,805.0,739.0,688.1625,1.1697818465842007,1.0738742666158063,0.8170978254156183,0.7,4.09363403607157,16,127,67.82019334143025,texas tech
17,Tennessee,SEC,16-7,121.83441433952756,30,95.75523664765184,16,0.9410316979321336,17,21.593193406840065,9.406806593159931,11.593193406840063,6.406806593159933,6-4,0.6746233364161894,0.5167359434674167,0.879876947249594,0.715771108850698,0.5167359434674167,0.859518728294179,0.6182318754135933,0.7275294645874809,116.57636777336998,105.80820224639298,117.41812898720052,104.92838333523076,122.35256495669412,98.10848178362438,121.9307274357924,96.2061802361744,0.9384877798262856,14.0,-0.0146815552101244,789.0,777.0,699.875,1.127344168601536,1.1101982496874443,0.8340709545999101,0.6,3.02021490941833,29,215,65.93997148358584,tennessee
18,Gonzaga,WCC,23-2,121.45323573769444,35,95.87642804376688,17,0.9381614527648152,18,27.62856117614702,3.3714388238529813,15.628561176147018,2.371438823852981,11-1,0.5994296588241695,0.6237082819953765,0.5731278170553619,0.6177503617088778,0.6237082819953765,0.6134474192797394,0.7609084304427646,0.7240644702091965,111.80109271828174,106.36287847421228,112.37377879922111,106.049411285535,119.41423563730773,97.85463459530848,123.24870802200458,94.34651197515306,0.9557713238799808,6.0,0.0819150231439999,989.0,799.0,840.2875,1.1769781176085563,0.9508650313136872,0.6940866237284945,0.9166666666666666,5.204270287365043,12,31,69.55238897075725,gonzaga
19,Alabama,SEC,16-7,129.40122704161718,2,102.48413881840614,67,0.9359508941660616,19,21.54410755653813,9.45589244346188,11.54410755653812,6.4558924434618765,6-4,0.7720325576976148,0.6937935740024502,0.8737432365013286,0.7836521847724212,0.6937935740024497,0.8485500703285122,0.5906657867410577,0.6384621126225838,118.54618785107472,102.76259672213423,118.62187573174803,102.69344894018728,126.60432447235726,103.04866125298336,129.02670155568575,104.18652014274168,0.921225904637473,14.0,0.0282435007308811,883.0,857.0,749.25,1.178511845178512,1.1438104771438105,0.8170586126124914,0.6,4.272062517688385,13,112,73.27248096417527,alabama
20,Iowa,B10,18-5,123.36091696832264,21,98.0884078869677,28,0.9331627599261512,20,22.59038039554623,8.409619604453765,12.590380395546235,7.409619604453763,8-4,0.6097005766447502,0.3956457736358114,0.8059174794029441,0.6751960998923969,0.3956457736358116,0.8289487793335187,0.644883969841995,0.8466449468047268,112.44549990100894,105.95474644324732,114.74295689746135,104.37162456175336,122.75992843946268,99.9443019128014,121.40225716379564,95.71389660965218,0.9390078511382772,9.0,0.0285187355314828,876.0,821.0,761.6874999999999,1.1500779519159765,1.0778698613276445,0.8634957292293808,0.6666666666666666,3.240471353492163,26,111,63.463003347552245,iowa
21,St. John's,BE,19-5,121.74354055123072,32,97.43414402668854,23,0.9283429726452568,21,23.75812014581279,7.24187985418721,16.75812014581279,3.241879854187211,12-1,0.6939317506338506,0.6193122565614994,0.7570713225412249,0.7196412348697178,0.6193122565614994,0.7748221729392382,0.6921428730740157,0.7363273673572661,113.98946660719652,104.10327794913958,114.63445361565576,103.47601243395918,123.60768842456008,98.26795037746255,127.97100800563037,101.17594447643263,0.9371352012019604,7.0,0.0213438235852863,1078.0,939.0,918.7125,1.1733812264446168,1.022082533980979,0.8077880379641199,0.9230769230769232,3.663872564518128,20,130,69.9104593232778,st johns
22,Clemson,ACC,20-4,116.50825656638594,67,93.32519869662204,10,0.92767609106691,22,24.542714036544776,6.457285963455222,14.542714036544778,3.457285963455223,10-1,0.6268846748420909,0.5234216787663986,0.7491591247497272,0.6641717311219619,0.5234216787663986,0.765824546712091,0.7073813646834902,0.7705210691638841,111.7214458656772,106.03373721929844,113.08871755857112,104.95787283675786,116.26246186727316,90.8572853885084,118.62526733440642,94.09970603566587,0.9348423240209144,9.0,0.0403449251683636,789.0,683.0,714.6624999999999,1.104017630699806,0.9556958704283492,0.792013066938663,0.9090909090909092,3.973977317637615,18,86,64.28367167439858,clemson
23,Saint Louis,A10,23-1,123.38591472680405,20,98.8875191860743,33,0.9272598383542172,23,29.12919785874004,1.8708021412599616,17.129197858740035,0.8708021412599616,11-0,0.4779170039883691,0.3967782430130531,0.5738082669591973,0.4951547480824997,0.396778243013053,0.5662044461882113,0.8582146580958068,0.8894445168880051,107.82824590094614,107.9388774057771,108.23809388811534,107.87271118019513,125.14936465662991,98.68058704324056,101.37744442320276,80.96429493425487,0.9299347363462046,2.0,0.0622089817435752,955.0,758.0,776.2,1.2303530018036588,0.9765524349394484,0.554255584976662,1.0,3.443004200913471,22,48,71.37790035222685,saint louis
24,Indiana,B10,17-8,124.374052736428,18,100.53082358263464,42,0.9203810588062158,24,20.080165251491454,10.919834748508542,11.080165251491458,8.919834748508542,8-6,0.6529075444000906,0.4384223315177848,0.8214316402361878,0.6960176886567827,0.4384223315177848,0.8376951350832312,0.6428579954903041,0.8392077523436394,113.79409931252732,104.60066557720442,115.44605631100488,103.62163749308228,127.2194878845754,103.28779612224596,118.3137650469058,102.32806349342626,0.8414819166029661,11.0,-0.0395173512497529,1114.0,1070.0,947.75,1.1754154576628857,1.1289897124769188,0.8756432897263332,0.5714285714285714,1.5377235159711131,40,266,66.66424080914817,indiana
25,Arkansas,SEC,17-6,126.67524568715578,6,102.57592285073142,68,0.9188459843663404,25,21.56347587139516,9.43652412860484,11.563475871395164,6.43652412860484,7-3,0.6798466113237331,0.5646786940646764,0.8295649037605065,0.7302332882788388,0.5646786940646765,0.8498004952112893,0.6223149186352718,0.7028866227328286,115.53597201300737,104.63816775886248,117.36423539272856,103.91660721575197,127.196559437153,103.83106148361972,125.42820623171129,101.86376515931194,0.916301036075319,11.0,0.048738685608799,863.0,802.0,716.55,1.2043821087153723,1.119251971251134,0.8750949845247679,0.7,3.456099173017908,21,69,70.87095634664303,arkansas
26,North Carolina,ACC,19-4,123.72417965582272,19,100.76483842076928,49,0.9137691920367772,26,23.49981324974272,7.500186750257281,11.49981324974272,6.500186750257281,7-3,0.6381744680254758,0.5242411106662794,0.786287832592431,0.6924337784037206,0.5242411106662794,0.8139062606585389,0.6712041421986686,0.789051639153499,112.75385705559763,105.07487132943206,114.28825832139168,103.63898987563446,128.4184125033759,105.85182389260876,125.35512255474032,105.33273259383276,0.8809339618347729,9.0,0.0834503929293258,842.0,795.0,698.6250000000001,1.205224548219717,1.137949543746645,0.8484292957411734,0.7,3.939574125647717,19,30,68.04078355476507,north carolina
27,Texas A&M,SEC,17-6,121.60050103931864,34,99.46824920914014,36,0.9097330571867092,27,21.84174577216385,9.158254227836151,11.841745772163849,6.158254227836153,7-3,0.5960787086768947,0.411808419474054,0.8356300846405874,0.6588562979586154,0.411808419474054,0.8372797657530212,0.685717758333154,0.864602936504657,112.89186706564736,107.59610092846344,114.937934355067,106.43602851095154,122.9134201140028,97.56479593809844,120.52629375342008,97.66713250749638,0.9182258880350652,7.0,0.002976009103552,840.0,793.0,727.6875,1.1543416645194535,1.0897534999570555,0.8393418671435635,0.7,1.8047593328627751,37,177,71.65073003401343,texas am
28,N.C. State,ACC,18-7,122.52266012738954,28,100.34498500832322,41,0.9085736138546912,28,21.543301426314034,9.45669857368597,12.54330142631403,5.456698573685968,9-3,0.6808031769934008,0.5878716296783865,0.7814790199179996,0.713428605734709,0.5878716296783864,0.8041086439976088,0.6759392095482342,0.7701803646857495,113.92834608430913,104.74020966201373,114.94787954744648,103.90233941466995,123.91104645130385,102.0086282824207,120.1680499433736,106.38735666993897,0.8023030392879766,7.0,0.0034446716131373,985.0,919.0,849.9624999999999,1.158874656234834,1.081224171654632,0.8493678921568278,0.75,2.3277253801293267,34,174,69.35304174184932,north carolina st
29,Utah St.,MWC,20-3,122.72313992805832,27,100.73975056855949,48,0.9063609627767863,29,25.860218813600078,5.139781186399926,15.990696910365369,4.009303089634632,11-2,0.5928349545588875,0.5066944382551788,0.6590968901771248,0.6324325501857059,0.5208141286839256,0.6938226820116851,0.7753885715913588,0.850394997894422,111.4913197513124,106.1201863088904,111.64074218369824,104.76858841319653,125.8869821694672,101.12920285638413,127.95999806247946,98.46261800174648,0.9531788918052057,4.0,0.0650193665085203,1082.0,899.0,878.975,1.2309792656218892,1.0227822179242867,0.7583134382758685,0.8461538461538461,3.288550296079497,25,45,67.93932496420186,utah st
30,Auburn,SEC,14-9,125.58716491181494,9,103.16723632447406,74,0.9056345146966625,30,18.698682688500742,12.301317311499254,9.698682688500748,8.301317311499252,5-5,0.7291207552144543,0.6258866352968279,0.8633251111073685,0.7573795583213923,0.6258866352968279,0.8523466693946887,0.5853735256788889,0.6382942562279101,117.78965900442542,103.12624633820874,118.50898598403955,102.99556677323623,126.95958465138015,102.31396486365,126.61309572976644,104.74265888220964,0.898506476775086,14.0,0.009863507242687,831.0,806.0,703.8,1.1807331628303497,1.1452117078715545,0.838623617253839,0.5,2.013630017727343,35,161,67.65207430214535,auburn
31,BYU,B12,17-6,124.77201630786033,16,102.59688839370553,69,0.9046787268717044,31,21.242307042424557,9.757692957575449,9.24230704242455,8.75769295757545,5-5,0.6853204629268567,0.5818036971365241,0.819892258454289,0.7302563404620994,0.5818036971365241,0.8374721384194594,0.6259171708847694,0.7469769159828505,114.18660141696192,103.41118426526106,115.4704554958344,102.32771057830897,125.2427069955936,105.70497289758691,124.7520339041325,99.82923859751132,0.9284400099271732,9.0,0.0683046925985501,837.0,817.0,715.2125,1.17028155967632,1.1423178425992275,0.8594469883759229,0.5,3.3526920073407003,23,41,69.81058218949146,byu
32,Villanova,BE,18-5,121.15199595304966,36,99.66975735574776,37,0.9041847385195104,32,23.306339299079653,7.693660700920344,14.306339299079651,5.693660700920344,9-3,0.6743224028870963,0.5580336177156103,0.7809204559609584,0.6994931114521812,0.5580336177156103,0.7772958330072948,0.7010943811508317,0.7746197280138399,114.21451385576638,104.8198085510654,114.48757537800078,104.04356475110217,121.42158569975372,98.8927820853293,116.22815220379952,95.69973976420162,0.9033404384715168,7.0,0.0586461213830453,907.0,838.0,795.7375000000001,1.139823120061578,1.0531111076202893,0.7718588985767997,0.75,3.097683042873016,28,55,63.55703230728589,villanova
33,Saint Mary's,WCC,21-4,119.4324829774423,46,98.77961263092574,32,0.898747960833362,33,25.318790096485387,5.681209903514614,14.318790096485383,3.681209903514615,10-2,0.5691929722655099,0.5584758977188862,0.5808031363576858,0.592517756458161,0.5584758977188861,0.6171035433254153,0.7878136634024555,0.817259551968835,110.1191446606338,105.26492504527698,110.50081625265078,104.81342179106446,121.82844125012656,99.97874158603544,103.3201455036616,96.95176279421928,0.6751598677660583,3.0,0.038105085556915,932.0,770.0,777.8,1.198251478529185,0.9899717150938544,0.6897043572608743,0.8333333333333334,2.3445736223025366,33,88,65.0890876532885,saint marys
34,SMU,ACC,16-7,124.84590012158505,14,103.64728845282798,80,0.8947301157991158,34,21.31964529409872,9.680354705901284,10.319645294098716,7.68035470590128,5-5,0.6846944451277678,0.557211321095638,0.8504225063695362,0.7063034081377232,0.5572113210956376,0.8139810265570073,0.684895354276761,0.8041486440036822,114.5363124827545,103.93337075606289,114.54650468452428,103.42652861847036,126.60584096742518,103.99208558076025,125.28662375844016,102.19476847452223,0.9123619541458076,8.0,0.0160960594112488,804.0,785.0,690.1875,1.1649008421624558,1.1373720909173233,0.7684291767913463,0.5,1.7311084861085644,38,141,68.85291164069413,smu
35,Santa Clara,WCC,21-5,121.8112946486489,31,101.19647207494484,52,0.8939942160947011,35,24.401088527627557,6.598911472372448,15.401088527627552,2.5989114723724493,12-1,0.5712249581358286,0.5502225473779953,0.5922273688936623,0.5920958273467869,0.5502225473779953,0.6223376406575809,0.7801050531532648,0.7984469294059475,111.00756564901408,106.23742052151226,111.22342129881504,105.48936707447209,124.92434997429277,100.92605812961322,112.6547633619317,96.63226493438675,0.8537443263301359,4.0,0.0187793619182335,1145.0,933.0,927.6375,1.234318362506906,1.005780814165016,0.7006243472437694,0.9230769230769232,1.8890561101905408,36,137,69.71574995518705,santa clara
36,Wisconsin,B10,16-7,121.95243067814056,29,101.78116002787904,60,0.8888718894430545,36,19.568319353541543,11.431680646458457,11.568319353541543,8.431680646458457,8-4,0.6582896635372152,0.4891838936715719,0.8133032859140549,0.7104353202540518,0.4891838936715719,0.8321236048744156,0.6406210560097019,0.8287544121345033,114.32559148762076,104.9087476004624,116.19757909950594,103.649195328769,125.79818977289123,102.93496262182808,121.04936606074142,103.82090080242654,0.8539106451605545,9.0,0.0121032517352819,968.0,941.0,829.475,1.1670032249314326,1.134452515145122,0.8603540833149568,0.6666666666666666,1.4183137222201343,41,153,69.22051678435275,wisconsin
37,San Diego St.,MWC,17-6,112.26447196515508,112,93.79176426171884,12,0.8877014492380471,37,21.6266087194151,8.3733912805849,15.6266087194151,4.3733912805849,11-2,0.5952862528334947,0.5631292136583661,0.620022436814363,0.6377508748595219,0.5631292136583661,0.6750617054600998,0.7371589855598988,0.7387752697230477,112.45316920036858,105.45586028337384,113.35445402673096,104.95388855452894,112.35403231900666,91.42562297434566,106.38196088118492,96.24300019846925,0.75984637122188,6.0,0.0030100450959058,1023.0,868.0,927.0124999999998,1.1035449899542888,0.9363412035975784,0.7772774900878965,0.8461538461538461,1.0661393478972454,44,176,68.70114673833834,san diego st
38,UCLA,B10,17-7,120.03383908145548,44,100.68389306931856,46,0.8830422581541041,38,19.617195681082556,11.382804318917453,11.617195681082547,8.38280431891745,9-4,0.6307406165851916,0.4571154929391415,0.7776541827472341,0.6935075150620468,0.4571154929391411,0.8235231272296447,0.6448323090286654,0.8118983904079806,114.01448881937829,106.13921243968106,115.48478781395572,103.79008430778218,121.07568177332334,100.68098996014872,120.90722815982284,104.1929721721135,0.8469603570024292,8.0,0.0189130536300374,986.0,923.0,848.5875000000001,1.1619308556866557,1.0876898375241209,0.9087083098398364,0.6923076923076923,1.398042552032399,42,136,65.19370654878368,ucla
39,Ohio St.,B10,15-8,122.90320881410514,25,103.5747522911352,79,0.8773628427147101,39,18.66365797083167,12.336342029168334,10.357241916284387,9.642758083715613,7-6,0.661270397816728,0.4546433124473514,0.8202143096393253,0.7164528126371963,0.4989338280423638,0.8360882541643543,0.6372636367078818,0.8125856575967102,114.16612747130276,104.35993558440444,115.9345610262762,103.21500002944154,125.4719470671458,104.38618608550163,124.42815161594982,103.88191137143788,0.8884937703547733,8.0,0.0033612063266547,1000.0,994.0,862.6,1.1592858798979828,1.1523301646185948,0.8655684368536936,0.5384615384615384,0.8619905384228554,47,175,66.50720243893272,ohio st
40,Kentucky,SEC,17-7,119.30578241219024,49,100.62014063581272,44,0.8764116460039868,40,19.6549446586185,11.345055341381505,10.654944658618495,7.345055341381502,8-3,0.672642532372648,0.5292373707210237,0.8421213597791131,0.7243156928257949,0.5292373707210236,0.8652055921236852,0.594947572659561,0.7212122846695223,115.74617068390592,105.3829932796824,117.23325686879926,103.8172993015798,120.41764506388276,102.02141088432992,115.88672735443691,100.76751168115926,0.8330873821135062,13.0,0.0995947402121467,854.0,831.0,744.475,1.147117095940092,1.116222841599785,0.9014808143794416,0.7272727272727273,3.136263805860523,27,18,67.62723934402435,kentucky
41,Georgia,SEC,17-6,120.86637941571524,40,101.95223031963866,64,0.8762170804392378,41,20.888304146247656,10.111695853752344,8.888304146247657,9.111695853752344,5-5,0.5951883012838707,0.3929155981750117,0.8581428153253873,0.661067587132446,0.3929155981750117,0.8547329124905929,0.6797232448595422,0.8664481590366313,112.26716227577096,106.90791078966278,114.49936511009156,105.53024223428343,121.1607123497241,103.40402725090212,122.17814586908628,101.07988134821984,0.8984431283636171,10.0,0.0437520112919246,827.0,843.0,733.525,1.1274326028424388,1.1492450836713133,0.8504705339471001,0.5,1.7208709768862054,39,77,73.42622835207993,georgia
42,Texas,SEC,15-9,125.16855378990604,11,105.85746456258651,121,0.8729202165348369,42,18.117308952146555,12.882691047853443,9.117308952146557,8.882691047853443,6-5,0.6102265977621856,0.4200948846450942,0.8349277132642029,0.6686832069453026,0.4200948846450942,0.8482192174954535,0.6353588447897065,0.7694509583181925,113.7135546737568,105.34405778898451,115.63652035790162,104.47387542780172,127.42550191647098,106.36742505085743,126.4048871828042,105.23866164185915,0.8916283790222549,12.0,-0.0133075836031337,902.0,864.0,746.675,1.2080222318947331,1.1571299427461748,0.8691058670017043,0.5454545454545454,0.2619645536867195,53,211,67.05898967131596,texas
43,Washington,B10,12-12,118.29602303633848,53,101.1141422591348,50,0.8587336581837655,43,16.875989641255057,14.124010358744943,8.875989641255053,11.124010358744943,4-9,0.7237633821931303,0.5224632543821988,0.894094259571611,0.7206571038405976,0.5224632543821988,0.8296637210427171,0.6557683230540023,0.834142179867404,116.93372472161208,103.71642997302058,116.31775876736118,104.03856007546656,122.95829391499908,104.3782368275858,121.82910330027843,106.7838265126236,0.8199261321805117,12.0,-0.0589674491798588,960.0,996.0,856.6625,1.1206280186187676,1.1626515693169714,0.7100070066319143,0.3076923076923077,-1.1836117770922536,67,311,66.93886644160791,washington
44,New Mexico,MWC,18-6,116.787677485197,64,100.13239058081412,40,0.8543880155069551,44,22.197253299484807,8.802746700515197,13.1972532994848,6.802746700515198,9-4,0.5646442775094237,0.4710688322365697,0.6438235004326077,0.5932760036018938,0.4710688322365696,0.6604899478528221,0.7658295260022512,0.8180566954689709,110.63940846766056,105.98753207769336,110.78504335152152,105.10835931599532,118.45577810540917,99.04827241824783,110.42208620442504,95.4814166689434,0.8418227325107668,6.0,0.0165063269430865,1054.0,916.0,913.05,1.1543727068616176,1.003230929302886,0.6914419216332204,0.6923076923076923,0.4794991941457274,49,140,69.90662220241147,new mexico
45,Miami FL,ACC,18-5,118.62332405495415,52,101.83076103699534,61,0.8526288790891161,45,21.713433164958115,9.286566835041883,10.713433164958111,7.286566835041884,7-3,0.5430370496848062,0.4086760884949116,0.7177062992316691,0.6171912261900081,0.4086760884949115,0.7677854923031334,0.7263124530705436,0.8359670928551853,109.455500138523,107.36479383944216,111.87979700860495,105.63412550132227,119.09440215342026,103.91823480883716,110.34318933736176,95.8855802858634,0.8341124034465233,4.0,0.0500251830282365,774.0,730.0,683.875,1.131785779564979,1.0674465362822154,0.8303844836424641,0.7,1.179936669406637,43,65,69.03144419502699,miami fl
46,Cincinnati,B12,12-12,108.02902129360584,175,93.10287776035648,8,0.8468350317411082,46,15.399185361729494,15.600814638270506,7.399185361729497,10.600814638270505,4-7,0.6423444056018848,0.4661940172655227,0.8505221372721308,0.681012820900751,0.4661940172655227,0.8361597346373045,0.6603137583162302,0.819539552776503,113.29734092503732,104.08788805331436,114.4988092219172,103.56071446470236,111.75947371242636,93.086775134072,109.4113288179181,94.77697294540184,0.8390614788704823,9.0,-0.1177939887117104,734.0,763.0,726.3625,1.0105147223321689,1.050439690925674,0.8135902447825776,0.3636363636363636,-2.94704798759068,90,360,68.17687451901106,cincinnati
47,USC,B10,18-6,113.337711161952,95,98.51714332244735,31,0.833636993431572,47,20.695201125021875,10.304798874978127,9.695201125021873,10.304798874978127,7-6,0.6484582196302039,0.4648550880298656,0.8038147155997208,0.6994790610216148,0.4648550880298656,0.828522246167077,0.6585618347929006,0.8671553283184076,114.77353645480856,105.10729129471368,116.23330845776806,104.00095332652336,112.33006560326332,97.91412159775388,110.4743581093425,93.40808433217391,0.873223267932435,7.0,0.1355298414434842,946.0,989.0,913.9375,1.035081720577173,1.0821308896943171,0.8744076600778811,0.5384615384615384,2.7547357420745824,31,4,70.27149063644359,usc
48,Baylor,B12,13-10,120.41118850239204,43,104.71492409226886,96,0.8328851256466789,48,16.423532116625154,14.576467883374846,6.2071451434131,11.7928548565869,3-8,0.6674301102393524,0.4828119083871279,0.8688317849872338,0.7110400420347116,0.5185573278615251,0.8500553356042353,0.6300522863353861,0.7843840430992379,113.4480235799446,102.42385350154984,115.50839023157792,102.15956925172776,116.25884347667449,101.88517621052038,115.36884191217528,103.92105511493337,0.7688416576558107,10.0,-0.0055378519161691,772.0,823.0,735.5624999999999,1.0495369190245565,1.1188716118616706,0.8205494865738091,0.2727272727272727,-0.6270060080745905,62,197,67.94840310489816,baylor
49,Missouri,SEC,16-7,117.19003205305032,62,102.63816021637484,70,0.8212369970030804,49,18.89938901327565,12.10061098672435,8.89938901327565,9.100610986724352,6-4,0.5901152526593536,0.404705652442075,0.8311477329418157,0.6658878862016375,0.404705652442075,0.8545194994724328,0.6655741042848419,0.8176682164123872,112.5301687422038,107.00195905256064,115.04402904103942,105.59486425044544,117.03731157272162,99.87300581072296,113.03114602621716,101.55627780849268,0.7740072791237792,8.0,0.0688115389784373,758.0,759.0,689.2499999999999,1.0997461008342404,1.101196953210011,0.883734207635704,0.6,0.8812399392257979,46,40,66.70119610396571,missouri
50,Grand Canyon,MWC,15-8,109.75900846469864,143,96.18032765244118,18,0.8203493728294793,50,20.28392409863469,10.716075901365308,13.283924098634692,6.716075901365306,8-4,0.5685694893901829,0.4466200382109052,0.6803564863045208,0.5803993644678376,0.4466200382109052,0.6539779939091505,0.7674280595193356,0.822864141153304,110.95123336774112,107.23061517153351,110.8892841282549,106.54925732003412,111.13448390502366,94.56543931531156,105.53869631772362,90.92097774485931,0.8474189938907157,7.0,-0.0231704126857243,884.0,815.0,828.8374999999999,1.0665540591491096,0.9833049300978782,0.6144102553160948,0.6666666666666666,-1.302934461293127,69,234,67.82712365256965,grand canyon
51,UCF,B12,17-6,120.88742021858408,39,106.23996699539676,128,0.8153766348236519,51,20.808984255345152,9.191015744654846,9.808984255345154,8.191015744654845,6-5,0.6680990165652984,0.4862575353642155,0.8664715415119345,0.6948100777928242,0.4862575353642155,0.8338451060785633,0.6794082040781824,0.8392240649962756,113.65953896285016,103.75449721201514,114.0929431473907,103.48143322890785,120.35100622846026,105.59735683647112,123.8860773863534,107.97255500545336,0.8293576143077329,8.0,0.1686070932299158,835.0,891.0,772.6125000000001,1.080748758271449,1.153230112119594,0.7825749932546942,0.5454545454545454,2.9729261559784668,30,3,68.63408183126624,ucf
52,Boise St.,MWC,15-9,117.68487563380128,58,103.56015650457964,78,0.813112883245849,52,20.421980142867003,10.578019857132992,11.421980142867008,8.578019857132993,7-6,0.6528318820354536,0.5783950679628667,0.7158168785584118,0.6545948494533278,0.5783950679628669,0.6965047292730813,0.7425977233105779,0.7908665399230554,113.34990856779672,103.53794506484024,113.19663210412322,103.8907427168997,119.42685472678632,108.20303842692184,118.51019236657248,110.86496838484862,0.682847559661502,8.0,0.0094169770633808,1042.0,1014.0,905.875,1.1502690768593902,1.1193597350627846,0.660639309171753,0.5384615384615384,-0.9466774981541012,65,163,66.27043718834418,boise st
53,Nevada,MWC,17-7,118.70100917442376,51,104.52238349335671,92,0.8119720699817013,53,21.15377808042018,9.846221919579818,13.153778080420182,6.846221919579819,9-4,0.6291352890498169,0.5942642001419356,0.6586415950487934,0.6343939637471848,0.5942642001419356,0.6564653337300719,0.7675069271109887,0.8170568277671477,111.29145561581215,105.08377139353706,111.42946975971628,105.0322180581225,120.24139497802317,103.94019829356986,115.68894407496772,107.95554517469472,0.6890397380720394,6.0,0.0417907025343584,996.0,906.0,859.2499999999999,1.1591504218795463,1.0544079138783824,0.6524237055667319,0.6923076923076923,-0.1103039536605884,58,83,65.1197962133906,nevada
54,Minnesota,B10,11-13,114.88386532952283,78,101.17693240846856,51,0.8116987276162376,54,14.049584873655204,16.950415126344797,7.049584873655203,12.950415126344796,4-9,0.644782755454108,0.3991413456154185,0.8526331791637681,0.6802413495414857,0.3991413456154185,0.8348463517008229,0.6531841527540286,0.8593220850799093,114.49321583006603,106.42307304305068,115.507247772048,105.28615619597748,117.90983291386482,102.28648067129085,117.26354432924064,101.23472360283444,0.8442628406277072,11.0,-0.1093701770777452,902.0,961.0,837.8874999999998,1.076516835494025,1.1469320165296657,0.8018136721267817,0.3076923076923077,-3.6695582542210383,102,357,63.07442337601047,minnesota
55,Tulsa,Amer,20-4,123.0755274579398,24,108.90839617265142,187,0.8031892047686879,55,25.67562904821529,5.324370951784713,13.675629048215283,4.324370951784713,8-3,0.4856476228979707,0.3900559058023241,0.5986196521928259,0.4741163739975122,0.3900559058023239,0.5348267121384817,0.8763627575690258,0.907691885282918,108.65221261453412,107.49464729029772,108.28557446019508,108.22427648885146,124.2262826846766,108.68598897654527,0.0,0.0,0.0,0.0,0.0628127508311444,924.0,816.0,754.7875,1.2241856151565838,1.0810989848136066,0.4345806634816548,0.7272727272727273,0.3587203583391081,52,47,67.97889345294926,tulsa
56,West Virginia,B12,15-9,110.3957302398414,134,97.89480263627208,27,0.799319552711328,56,18.41830715006559,12.581692849934411,9.418307150065589,8.581692849934413,6-5,0.6010388034342923,0.3881397151743992,0.852646816832348,0.6428653567452609,0.3881397151743991,0.8268338756575502,0.6966514919208535,0.8668183877483615,111.2493222104075,105.4553902437952,112.76588750298788,105.29274621259216,109.64330319066288,98.5712901470268,113.3842680984652,101.05853859885649,0.789755323794937,8.0,0.0259232660299643,689.0,745.0,691.2125,0.9967991030254806,1.0778161563918478,0.7862706823828678,0.5454545454545454,-0.5300899540806816,61,120,62.43302752958488,west virginia
57,LSU,SEC,14-9,119.62349713062386,45,106.15645764997429,127,0.7979459372663262,57,16.7548031015715,14.2451968984285,4.7548031015715,13.2451968984285,2-8,0.6072609731045133,0.4384471699937726,0.8267189171484761,0.6768785674530241,0.4384471699937726,0.8490790211735947,0.6749683907845421,0.8577126190678735,112.23968203972385,105.48837038971352,115.01941163005604,104.71346620049232,116.10168746413606,107.66577849091809,117.03260609575564,102.01502370497684,0.829108701800104,8.0,-0.0101976771241036,736.0,796.0,680.5374999999999,1.0814980805613212,1.1696636849549071,0.8770291512049928,0.2,-1.4134431866235546,70,206,66.34363724640797,lsu
58,VCU,A10,18-6,118.96885868944572,50,105.61554346685774,116,0.797242218018586,58,22.521306152257267,8.478693847742736,13.521306152257267,4.478693847742735,9-2,0.5306096363709573,0.4836517638297497,0.586105303919657,0.551416402071951,0.4836517638297496,0.6003575296913184,0.7934121195402051,0.7837389031212333,109.45407955787446,108.34603455516805,109.86238151871297,107.58033517915167,119.7200017725882,106.71020866701792,105.04981415463052,95.92158750315092,0.7398889340100266,4.0,0.0611795232351179,890.0,811.0,759.8874999999999,1.171226003849254,1.067263246204208,0.622753884475358,0.8181818181818182,0.1990641929265969,54,50,69.44545273972976,vcu
59,Seton Hall,BE,16-8,107.63412656592382,187,95.59294362124822,14,0.7964650735297062,59,19.455745477907968,11.54425452209203,9.45574547790797,10.54425452209203,6-7,0.6305429449393737,0.4399678145569853,0.7917988244937024,0.664621806674883,0.4399678145569853,0.7881815023397267,0.7180738766443889,0.8576671075063138,112.6542830740382,106.09002381928262,113.56598698814304,105.2248670193036,105.00446157615168,96.33225034504096,111.25290157180169,95.14192918234173,0.8580291955970191,7.0,0.0617632875348137,872.0,876.0,864.1624999999999,1.0090694747804956,1.0136982338391218,0.781463618339486,0.4615384615384615,-0.023966564095391,57,49,65.69092291915655,seton hall
60,TCU,B12,14-9,113.09821288514576,99,100.56262222458489,43,0.7942887100078564,60,17.389536088971397,13.610463911028605,7.389536088971395,10.610463911028605,4-6,0.6011743922598933,0.4228359016583042,0.8330144300419591,0.6589890790866634,0.4228359016583042,0.8295441516738115,0.6696261085695949,0.8077027986732255,112.79343612228858,105.9748728911043,113.90704278398232,104.58993143624046,114.7790867878256,102.39866121244556,119.23829574465668,93.38848172238218,0.9432188294104652,8.0,0.0234745479112599,771.0,814.0,718.0124999999998,1.0737974617433543,1.133684998520221,0.8252063037136271,0.4,-0.6351771805814759,63,123,67.76154263097061,tcu
61,Oklahoma,SEC,12-12,120.98216296704304,38,107.592481390083,151,0.7939435237731721,61,14.635682469396764,16.364317530603238,4.635682469396764,13.364317530603236,2-9,0.6322615870172782,0.4390827742654816,0.860563820269401,0.6853606841235986,0.4390827742654816,0.8632280634655718,0.6485971023509148,0.7952076100461738,113.06026555104614,106.19406795438374,114.96048022467896,105.32082590777785,121.17482167411995,106.73499284137183,126.95834087642996,108.24573465672874,0.862205834687894,10.0,-0.044783382514175,856.0,924.0,771.5125,1.1095089191685163,1.1976474781678843,0.8674147313452689,0.1818181818181818,-2.511846870939097,82,283,66.8858189778265,oklahoma
62,Virginia Tech,ACC,16-8,114.2624466860616,83,101.71442234419018,58,0.7921249388472216,62,18.929775355283585,12.070224644716417,7.929775355283586,10.070224644716417,5-6,0.637280008343632,0.4910735376563553,0.8100694737013225,0.6736832468134198,0.4910735376563553,0.805568036760189,0.6895075490771443,0.8517005811108673,113.46925641877652,106.24141348314733,114.14377642532992,104.82229498693614,114.76163447133813,100.61808690298712,112.00868809903024,99.03677191162484,0.8046288604388584,7.0,0.0700739766414677,833.0,841.0,778.7125,1.0697144324766843,1.07998780037562,0.7984943501384075,0.4545454545454545,0.1455304064265743,56,38,67.74193572795802,virginia tech
63,Syracuse,ACC,13-11,114.87558401109116,79,102.29997227834312,66,0.7913881190368591,63,15.855286075737592,15.144713924262406,6.855286075737592,11.144713924262406,4-7,0.6215002588639909,0.4871436903882298,0.780285294335345,0.6683113374047914,0.4871436903882298,0.7991546380278638,0.6722451337074934,0.7586773815801048,110.99909705638572,103.90242124999638,112.97237339526504,103.28553004719666,116.59406822753094,104.07169561956093,109.126061004251,97.04041968219326,0.7941011301759033,8.0,-0.0437576528634293,833.0,855.0,769.1875,1.082960916551556,1.1115625253920534,0.8288064638303937,0.3636363636363636,-2.437436174316959,81,278,67.78647559597033,syracuse
64,Providence,BE,11-13,123.22293581054596,23,110.1576931157342,207,0.7839687883100052,64,14.439331378746925,16.560668621253075,7.439331378746926,12.560668621253075,4-9,0.6650087403928019,0.5027828087848325,0.8022768363687759,0.6877172272901428,0.5027828087848325,0.7894311574680632,0.6958276440658794,0.7976977271915909,112.93276280616352,103.9012871386692,113.01488957782402,103.35665586588745,125.08311205905704,110.59099444050996,123.33130821482077,107.34561645157432,0.8315198157688726,7.0,-0.097874429582837,1134.0,1151.0,975.5374999999998,1.1624360929231323,1.1798623835577824,0.7655748966524542,0.3076923076923077,-4.107982133556497,113,349,71.83936263606962,providence
65,Akron,MAC,19-5,118.18163157177185,55,106.08389702256224,126,0.7758968129834788,65,24.936044101412584,6.06395589858742,15.93604410141258,2.063955898587419,10-1,0.3991059563273469,0.3854484156465255,0.4152466862228633,0.3864343621629704,0.3854484156465255,0.3871464346470697,0.8918571448658621,0.8646330104808317,108.44011031255717,110.61837470267405,107.88896302314043,111.12576472013774,115.26011367452097,101.5238691328702,123.38179373266044,111.28168815446983,0.7662070801891099,1.0,0.0054523862313116,910.0,775.0,773.75,1.1760904684975768,1.001615508885299,0.3429888964565369,0.9090909090909092,-1.1879710083923565,68,168,70.34995225943705,akron
66,California,ACC,17-7,113.40737152421,94,101.8927861276533,62,0.7740373436558009,66,20.712889190679,10.287110809321,8.712889190678998,9.287110809321,5-6,0.5870121011080266,0.3839687214536462,0.8269724588813852,0.6187617067707122,0.3839687214536463,0.7883344183885928,0.7468602564696941,0.9018978402401506,112.34790096241326,106.2056257230538,112.56311742137126,105.52152185161638,113.5000973712156,103.47081309213782,115.6407304049955,102.40808905363517,0.8017883205034325,9.0,0.094843080972085,787.0,848.0,752.775,1.045465112417389,1.126498621766132,0.7276174976142048,0.4545454545454545,0.4846240125675915,48,20,67.06832609436442,california
67,Stanford,ACC,15-9,114.6650584683268,80,103.1205827730204,73,0.7721229968935939,67,18.071280325975167,12.928719674024832,7.071280325975167,10.928719674024832,4-7,0.6627392633719658,0.5316892698323387,0.8176165284642525,0.6881622607002333,0.5316892698323387,0.8011705318826018,0.7174064055534426,0.8596024479062888,112.4731976225222,103.70363636179027,113.12122032059946,103.38178571087732,113.2721705173504,103.85127960175964,117.72644829987914,103.7235471179732,0.8109656882409668,8.0,0.0428513764393346,764.0,814.0,723.2375,1.0563611538395064,1.1254947372059665,0.7753268229685792,0.3636363636363636,-1.056181376846582,66,81,67.49375947762779,stanford
68,South Florida,Amer,16-8,117.70080049329152,57,105.93878658505218,123,0.7704352147619276,68,20.49371350343997,10.506286496560026,12.493713503439974,5.506286496560026,8-3,0.5242640936243993,0.5091353447482266,0.5421435241144216,0.5412580956917822,0.5091353447482266,0.5644578602621279,0.8190320524421463,0.8030047470158318,110.26654744940122,108.43807442957716,110.0892645680376,107.7399535764143,118.45454376416482,106.72573342808332,123.32688043646976,92.23928736907992,0.9657824791736396,3.0,-0.0169297283878215,975.0,882.0,821.9875,1.1861494244133883,1.0730090177770344,0.599523245637095,0.7272727272727273,-2.339798588365793,80,219,71.64870927435526,south florida
69,Arizona St.,B12,12-12,117.03375310183564,63,105.52895823488336,113,0.7667384304942627,69,14.544629633724549,16.45537036627545,5.544629633724549,12.455370366275451,3-8,0.7105426670106375,0.6148606178485392,0.8236214523840264,0.7385771627064543,0.6148606178485394,0.827928000659393,0.6323415448768832,0.7446223520333699,115.64762565110604,103.71907424715882,116.47272889520512,103.05890882556602,118.1027121613069,106.48552475139444,119.5509876079496,108.25157193739844,0.7580059815123574,10.0,0.0129147360597246,843.0,925.0,783.8,1.0755294718040318,1.1801479969379944,0.8346954336635405,0.2727272727272727,-1.9389774083387743,74,151,69.18195407789298,arizona st
70,Northwestern,B10,10-14,116.12541702083234,68,104.72598421385064,97,0.7664226544256615,70,12.304387230816973,18.695612769183025,4.304387230816975,15.695612769183027,2-11,0.6797453426736754,0.4801838003223787,0.8486051092786187,0.715267027500112,0.4801838003223787,0.8445628024478653,0.6200798296273163,0.8352130062980471,114.99594668695144,104.46546619949704,116.15136074727631,103.33725423833168,115.12480859705046,106.7447426026702,115.50280495381368,105.14222595553504,0.7466415168147575,10.0,-0.0859612095523033,908.0,1012.0,854.3374999999999,1.062811827878327,1.1845435790890604,0.837055661190752,0.1538461538461538,-4.129499879242348,114,341,65.84417786946783,northwestern
71,Oklahoma St.,B12,16-7,115.45148904065417,75,104.17158951408597,86,0.7653658458344277,71,18.858195393621315,12.14180460637868,6.858195393621317,11.14180460637868,4-6,0.6389852808020317,0.4770502559188227,0.8495008131502029,0.6909476339253308,0.4770502559188229,0.8454290735966978,0.6797278853810805,0.865933566750833,113.36807891604622,105.20485628938351,114.31825314096848,103.78914728552331,112.7800365021213,103.1975661677116,115.93862980334532,99.59707388201598,0.8515960618203149,8.0,0.1282781976989105,764.0,835.0,728.3750000000001,1.0489102454093011,1.1463875064355584,0.8403393991548161,0.4,0.9914437302334144,45,6,72.37028758767441,oklahoma st
72,Belmont,MVC,22-4,119.3504085718688,48,107.77611692671894,155,0.7637028152611282,72,25.44227176404515,5.557728235954845,15.442271764045156,4.557728235954845,12-3,0.4522340057665298,0.3357612055790057,0.537647392570714,0.4661341709562859,0.3357612055790059,0.5378393019137898,0.8803804831270725,0.9208582395449892,106.38849122387352,108.07648070926982,106.58090742950304,107.74849699729234,122.03674863897866,111.65243881339224,0.0,0.0,0.0,0.0,0.085750407735739,1228.0,1151.0,1039.1999999999998,1.1816782140107778,1.107582755966128,0.538415029943017,0.8,0.156067186282077,55,27,68.57913075422826,belmont
73,Wake Forest,ACC,11-12,114.95220715812246,77,103.80473134008832,81,0.7636970231448656,73,14.751781085747188,16.24821891425281,5.751781085747188,12.248218914252812,2-8,0.6695938263554231,0.5259401471952373,0.8563436092636645,0.6951849016118059,0.5259401471952373,0.8174172242459943,0.6749826817542581,0.7727375821896884,115.23905677654412,105.00619011595865,114.76537277562396,103.85655048900988,115.46478669405325,105.99438834739551,115.4460052205674,105.45255333364383,0.7390874296419001,9.0,-0.0406880266861335,750.0,829.0,703.975,1.0653787421428318,1.17759863631521,0.7687592429739063,0.2,-2.958952489507988,92,269,69.04119514462495,wake forest
74,Stephen F. Austin,Slnd,22-3,112.49173080472396,109,101.72912108342383,59,0.7606980334539107,74,26.715912046708507,4.284087953291497,19.715912046708507,2.284087953291497,15-1,0.3510114604521024,0.3111548595403092,0.3734307984649861,0.3608273142533419,0.3111548595403092,0.3811478639086736,0.9189591848497918,0.9263922167185236,104.54909123298664,109.73529046871565,105.0322400805974,110.00157092275592,112.09939430952107,100.22881424692144,0.0,0.0,0.0,0.0,0.0554466709207123,1199.0,1025.0,1057.6125,1.1336855417272396,0.969164036922786,0.4017267050918403,0.9375,-0.1856430645277915,59,60,66.04712911497998,stephen f austin
75,Butler,BE,13-11,116.01444454424244,69,105.10163116057784,106,0.7569535724472556,75,16.093290487341818,14.906709512658182,7.093290487341818,12.906709512658182,4-9,0.6601964955437191,0.4992539128543368,0.7963786808962733,0.6882029087346517,0.4992539128543368,0.7921248564688247,0.6970620125397743,0.8064879278117513,113.13128397781246,104.92289142199836,113.43301770806038,103.94447018435226,115.31623244916146,109.28659148786252,118.81462686085824,103.5360930198857,0.8296160819745184,8.0,0.0049428543590623,997.0,1094.0,925.475,1.07728463761852,1.1820956805964504,0.7842248968178486,0.3076923076923077,-2.3255735488228177,79,170,68.6900560700034,butler
76,Creighton,BE,13-11,116.66998132657262,66,105.95089569928956,124,0.7518112385621829,76,15.658822342596578,15.341177657403422,9.658822342596576,10.341177657403422,7-6,0.6834430531411643,0.566188922629251,0.7826580866512447,0.7122841002477632,0.566188922629251,0.7926364479379451,0.6635565159407825,0.7129951391277101,113.74021413972254,104.01027225372928,114.54846741226989,103.26071022801544,118.65105065570404,106.1582099514775,111.79534133973586,105.36100397676071,0.6641155591396612,9.0,0.0323646178088189,999.0,1007.0,898.575,1.1117602871212753,1.1206632724035277,0.8111676903275313,0.5384615384615384,-1.7648303035800006,73,105,66.5237112591124,creighton
77,Mississippi,SEC,11-12,113.00957638286012,101,102.92682102135814,71,0.7454943405103011,77,13.873257688000145,17.126742311999855,5.873257688000145,12.126742311999855,3-7,0.6643786429811669,0.4993134438069889,0.8789634019075988,0.708411191848427,0.4993134438069889,0.8594262321005772,0.6392851803757034,0.7968459258197993,114.24571900289791,104.91556292065845,115.81875707488564,104.05091596469472,115.5022250821789,104.27264737719902,112.3150581032786,102.66525526673772,0.7375151438488393,11.0,-0.013239621501721,729.0,795.0,676.8375,1.0770679816056292,1.1745803091584022,0.8350047698418002,0.3,-2.655312054003192,83,210,64.95552580550557,mississippi
78,Georgetown,BE,13-11,113.92253921423668,87,103.82441158921056,82,0.7441026425324179,78,15.771981052787568,15.228018947212432,7.771981052787567,12.228018947212432,5-8,0.6283033099917579,0.4359973994659919,0.7910236958212521,0.6665814595084081,0.4359973994659919,0.7934026925317368,0.7004059927904798,0.8181977611727066,111.449296295618,106.05134486981132,112.64534851140355,104.93171361149254,115.41866070268549,102.3768700925368,113.65890096145336,104.32766342399832,0.7281291038651867,8.0,-0.0016825622646885,928.0,943.0,862.3125,1.0761759802855693,1.0935710661738058,0.79782082927978,0.3846153846153846,-2.7753734796582066,86,185,66.34270295488876,georgetown
79,Miami OH,MAC,24-0,117.5303787674963,60,107.26134783702244,147,0.7410489352996533,79,29.43018675849123,1.5698132415087669,16.43018675849123,1.5698132415087669,11-0,0.3191109055943965,0.2390403339046569,0.4137397630459069,0.3434062918196466,0.2390403339046569,0.4187817058693615,0.9237747660273392,0.9449774742911412,106.1956173462139,112.293415890636,106.49823220707084,111.80438475870994,118.13455520457272,108.53330145448945,0.0,0.0,0.0,0.0,0.176470472296261,985.0,862.0,805.2375,1.2232415902140674,1.0704916251416507,0.4267047588776471,1.0,2.5418696576283115,32,1,70.17753836553682,miami oh
80,Utah Valley,WAC,18-6,112.85685935446904,105,103.10949683441274,72,0.7386147354416053,80,23.265557339857345,7.734442660142662,13.265557339857336,4.734442660142662,8-3,0.4265013915465651,0.4268505829871526,0.4260887107531437,0.4312826130419026,0.4268505829871523,0.4344835236370003,0.8834464218164307,0.8511083296524138,106.65498411822064,106.89247843330638,106.31988855462832,107.02246661741904,113.16656978477197,106.520901444549,111.60151205916264,112.58208446991044,0.4748707003100161,2.0,0.004896328615297,872.0,790.0,781.175,1.1162671616475182,1.011297084520114,0.4476753724544889,0.7272727272727273,-2.020693429535095,76,171,69.15847227273522,utah valley
81,Northern Iowa,MVC,16-9,104.64350570176804,240,95.71307058073178,15,0.7361109297978776,81,20.056058483388217,10.943941516611783,12.056058483388217,7.943941516611784,8-6,0.5069812990920174,0.4640510459610723,0.5407122122663315,0.5134263201089116,0.4640510459610723,0.5405827208902233,0.8544169903263275,0.8525861504808987,108.96640759394288,107.58893736002858,109.08461203038136,107.60306455749487,104.22387971839328,97.34053514272289,107.7829932280116,88.87662030342501,0.9018555324914436,1.0,-0.0539051749914767,900.0,856.0,873.4374999999999,1.0304114490161005,0.9800357781753132,0.5402805743459712,0.5714285714285714,-4.043097369462736,112,299,61.59549011892248,northern iowa
82,George Washington,A10,13-11,117.58150860907642,59,107.79808349893923,156,0.7308672103301059,82,17.85212710432675,13.14787289567325,8.85212710432675,9.14787289567325,4-7,0.4859577836365429,0.410275240046963,0.5754007896969558,0.4956970996337177,0.410275240046963,0.5573906648908183,0.8385776751674789,0.8642009095352414,108.87333978897034,107.9497915615886,108.9613231934502,107.91300033165528,118.61066428429544,108.62344027023134,114.10911548745796,93.0593762191973,0.9125399786869872,2.0,-0.1409916371702415,877.0,829.0,758.5000000000001,1.156229400131839,1.092946605141727,0.5290890401954594,0.3636363636363636,-5.780502119555037,166,365,69.87179475441408,george washington
83,Oregon,B10,8-16,114.09042607562402,84,104.7865385747542,100,0.7267626963776287,83,10.692005812798042,20.30799418720196,3.692005812798042,16.307994187201956,1-12,0.7311721307435551,0.5739198215003043,0.8642317770263059,0.7474370644518197,0.5739198215003043,0.8428715480751533,0.6306149266701083,0.7934970159502582,115.90230729776523,102.5437204263884,116.5230004215696,102.54286590296716,111.92194157635232,106.31434107241236,115.07236608604131,109.72344810978603,0.6335271114719414,13.0,-0.1001674464583921,847.0,998.0,839.125,1.0093847758081336,1.1893341278117089,0.8032025514515839,0.0769230769230769,-5.425305108649331,153,350,65.6415815250843,oregon
84,Memphis,Amer,12-11,106.29049444604314,216,97.68189437925962,24,0.7253757137128902,84,16.532396597571086,14.467603402428914,11.401918500805792,6.598081499194208,7-4,0.6066765509627909,0.6755358869877691,0.5315572752991784,0.610793022938159,0.6950208263244495,0.5499618316036162,0.7695604429138158,0.6739433878631094,112.12850328900736,106.46917624368436,111.88048238815244,106.10532983612792,103.66764430772504,96.71210800518172,108.55439205856428,99.72474707060326,0.7262404901951178,4.0,-0.0574668193626064,821.0,763.0,780.8749999999999,1.0513846646390268,0.9771090123259166,0.5788832772248753,0.6363636363636364,-4.199898670883002,117,308,69.52631359142383,memphis
85,Florida St.,ACC,11-12,113.99329767520808,86,104.80235507040167,101,0.7244670826785458,85,14.157488745563317,16.842511254436683,7.157488745563317,10.842511254436683,4-6,0.6231577068949017,0.4622964583516621,0.8322773300011128,0.6634428068967051,0.4622964583516621,0.8087151697347916,0.6778555883165458,0.7682373003998696,112.55899448468952,105.45003030562772,113.1811265514644,104.32088329662488,117.02119479180816,103.969163579315,111.87520421333129,106.11672313484542,0.6474182563679551,10.0,-0.0365753690216621,754.0,812.0,702.1499999999999,1.0738446200954217,1.156448052410454,0.7792624694018899,0.4,-3.368848312980658,96,257,71.74072671592559,florida st
86,Mississippi St.,SEC,11-12,111.07813080045686,127,102.26832084829049,65,0.7211734167085209,86,13.322490112469774,17.67750988753023,5.322490112469773,12.677509887530226,3-7,0.685084272215217,0.5498093394505512,0.8609416848092822,0.7301709875593138,0.5498093394505509,0.8604321778600872,0.6542140125833253,0.8056349043248754,115.0954291556599,105.19713623521422,116.5235042621948,104.05708047340909,110.46585540492732,100.27015900780964,113.2125785282078,103.29050549739225,0.7416957375046752,11.0,-0.0015685170375051,741.0,822.0,718.625,1.0311358497129937,1.14385110453992,0.8597952941735933,0.3,-3.204619500954099,95,183,68.71245229060564,mississippi st
87,Hawaii,BW,17-5,106.57195216044104,208,98.17107265139326,29,0.7199575055506173,87,23.1440384652736,6.8559615347264,15.1440384652736,4.8559615347264,9-3,0.3751677161948388,0.2639815103656446,0.4678228877191674,0.3817436947088179,0.2639815103656447,0.4406247868804046,0.910603138923312,0.9358047544657444,105.57046466530214,110.28498762524325,105.9670680829559,110.56628233144774,108.00147168715958,99.06750767465633,0.0,0.0,0.0,0.0,-0.0071083721558053,944.0,840.0,872.3,1.0821964920325575,0.9629714547747336,0.3998276356222602,0.75,-2.1802484784108587,78,200,69.74048351490075,hawaii
88,Colorado,B12,14-10,117.8308389271609,56,108.57421491966184,176,0.719278372192131,88,16.014986062043736,14.985013937956264,6.014986062043736,11.985013937956264,4-7,0.6578876346432759,0.5181382565381407,0.8230459905857085,0.6997402441057295,0.5181382565381407,0.8308972351267658,0.6836993602501898,0.8654518715125672,113.1301641861308,105.2478836143498,114.98953991354672,104.1145924288714,117.1825360904363,107.30913112207926,113.1141492158597,107.61796269512718,0.6394122172077511,7.0,0.050337676134375,834.0,868.0,755.9625,1.1032293268515303,1.148205102766341,0.8432349051198561,0.3636363636363636,-2.1200393410434604,77,64,68.34846958716794,colorado
89,Liberty,CUSA,20-3,118.22110478734596,54,109.03205505198756,194,0.7171806207555745,89,25.911834945832965,5.088165054167038,17.91183494583296,2.088165054167037,12-0,0.3961414637464211,0.3579051341456181,0.4311914325471571,0.4098735220524898,0.357905134145618,0.4384561354012694,0.8937889449663029,0.8764455505144774,106.7094023618051,108.87412603488194,106.62902705683858,108.74593342070231,120.46533358390523,108.93495877857406,76.19755074709391,108.14962275808738,0.0175130118375354,1.0,0.1168145262589791,941.0,836.0,782.0,1.2033248081841432,1.0690537084398977,0.4493531896824375,1.0,0.44233284162879,51,9,63.78749758402215,liberty
90,McNeese St.,Slnd,20-5,113.88615528088232,88,105.10296348394058,107,0.7156482258210612,90,24.61279973814957,6.387200261850429,17.612799738149565,4.38720026185043,13-3,0.428093096231339,0.5153517131594794,0.3790101242092601,0.4229958046458609,0.5153517131594793,0.385213842072108,0.8638612861620096,0.7458711468164798,108.1338943469393,108.5500631570105,107.55272146564212,108.66793036189216,114.21581169097196,105.97622247785348,107.38188617291743,107.15376719905343,0.5061137587151652,2.0,0.0902000278655505,1235.0,1046.0,1046.3625,1.1802793009114911,0.9996535617436596,0.4017570897063691,0.8125,-0.2098023431775233,60,24,66.11380979249721,mcneese st
91,Wichita St.,Amer,15-9,111.97889445027891,119,103.4818136629246,77,0.7124918085653196,91,19.62535143544861,11.374648564551393,11.625351435448612,6.374648564551388,7-4,0.489098258101799,0.4307657232312866,0.5580367084033138,0.5007267782101661,0.4307657232312863,0.5512542068060237,0.8449899180837082,0.8579597430016722,108.9792640566204,108.39462738045307,109.14104169921708,108.3581436879942,111.96191906800564,103.57059093136404,105.7303624802559,97.86843873493008,0.708597432524928,3.0,-0.0433673068408757,853.0,814.0,770.9749999999999,1.1063912578228867,1.0558059599857326,0.5405959900102825,0.6363636363636364,-3.904893815674432,108,274,66.04958501407621,wichita st
92,Notre Dame,ACC,11-13,113.22179550247088,97,104.66802704970414,95,0.7116440935763497,92,13.842045916232744,17.157954083767255,4.842045916232746,13.157954083767256,2-9,0.658906476955293,0.523250103557712,0.8192276455160705,0.6819561768757356,0.523250103557712,0.7965772298276412,0.6762521760673913,0.7632829966843903,113.36925867752392,104.13600831481816,113.8185199879579,103.60035740686948,112.74936864440907,106.20978147352766,112.8919148322598,101.82758222642236,0.7660649039378187,12.0,-0.0276233147428134,774.0,857.0,744.3500000000001,1.0398334117014842,1.1513400953852353,0.7609837194601096,0.1818181818181818,-3.7206908433172887,103,245,65.3223782979113,notre dame
93,Illinois St.,MVC,16-9,109.73497614536603,144,101.61910440895612,56,0.7075719934180615,93,19.407359817554124,11.592640182445871,11.407359817554129,8.592640182445873,8-6,0.4646860192653957,0.4135431125743236,0.5048697316655237,0.4973284454941711,0.4135431125743237,0.5434103786000872,0.8605604493189861,0.8743460654496671,108.28199688038973,108.91499761754687,108.78615973328746,108.22410827404244,108.2527004506198,101.72185165769086,115.91703933207756,116.05574344370284,0.4965619407692755,2.0,-0.0582160165501316,1027.0,949.0,954.9,1.075505288511886,0.993821342548958,0.6333385547807352,0.5714285714285714,-4.570221220927757,128,310,66.76132257022626,illinois st
94,Davidson,A10,15-9,112.5008502288311,108,104.27306794338428,87,0.7054522961277202,94,19.409087161854856,11.590912838145153,10.409087161854847,7.590912838145149,6-5,0.5081847051219994,0.4504099069621005,0.5764640120382436,0.5174418499357915,0.4504099069621002,0.5658538087501239,0.8293054033873618,0.827056555748,110.24850521976282,107.23500531278027,109.80085841808204,107.04052639821818,113.53034451158418,104.60999000128707,108.74337386044616,108.12269806873456,0.5164507401175175,4.0,-0.0209240512713458,787.0,765.0,707.3249999999999,1.11264270314212,1.081539603435479,0.5491806321545073,0.5454545454545454,-3.4869366163695785,98,226,63.66411529264414,davidson
95,Yale,Ivy,18-4,120.72109856957567,42,111.91331939650776,254,0.7049995294629565,95,22.184899964149015,5.81510003585098,10.18489996414902,3.815100035850981,6-2,0.4085749136719389,0.4267354141816274,0.376794037779984,0.4206864411337304,0.4267354141816274,0.4146374680858336,0.8907085547404295,0.8668779086301617,107.51914455057133,108.91899217999637,108.05093923147903,109.43206618056055,115.38008295462193,108.31366906531532,121.1104907718992,122.94565704034623,0.4568698434162943,1.0,0.0748756876060319,629.0,535.0,523.9875,1.2004103151315633,1.0210167227271645,0.4650953751602999,0.75,-0.7404991149946645,64,35,65.33296315171427,yale
96,Xavier,BE,12-12,113.2616728011316,96,105.0243465136492,103,0.7044021068685233,96,14.770575274957755,16.229424725042243,6.770575274957757,13.229424725042245,4-9,0.6881762528054461,0.551971297706321,0.8034265994277828,0.7102720329225073,0.551971297706321,0.7973374372914099,0.6884638105608888,0.7908017921671591,112.59684783502702,102.82531980432836,113.39761127699214,102.77833194545778,112.74926856320688,106.81846432504209,109.3391162509248,105.20750775507182,0.6089676339680232,8.0,0.0304870515434577,986.0,1089.0,949.6375,1.0382909268010163,1.1467533664161325,0.7860289933238599,0.3076923076923077,-2.877029599043452,89,109,70.4004159729909,xavier
97,Kansas St.,B12,10-13,113.82755842077972,89,105.6374301958457,117,0.7023945802246073,97,12.447261725668262,18.552738274331738,3.4472617256682594,14.552738274331738,1-9,0.658877805929424,0.5180112878552813,0.8420042794258095,0.7068188548002392,0.5180112878552812,0.8431798753715977,0.6511709632890749,0.7925373301972299,113.71854520457548,105.60169362981097,114.84175494515604,103.81158779948233,111.06829910686884,105.04132497804032,110.82236875828434,103.64902877891068,0.6834254776270224,8.0,-0.0446401187848202,729.0,839.0,720.5,1.011797362942401,1.164469118667592,0.8446493703038332,0.1,-4.249406472892802,119,282,71.65251443576729,kansas st
98,Marquette,BE,9-15,111.11825146052618,124,103.16916724831428,75,0.701318970959962,98,11.096220684325516,19.903779315674484,6.096220684325514,13.903779315674484,4-9,0.6682613448030131,0.5335712541383342,0.7822298830577414,0.7039396450037724,0.5335712541383342,0.7976422599797633,0.6777473878499394,0.761042646904697,113.75172798726952,104.79905305841116,114.67946294237196,103.95024105054304,113.1141830903962,103.0300998415628,110.16283576662956,105.59534832925628,0.6193925412270735,7.0,-0.1181358248366556,945.0,1004.0,904.05,1.0452961672473868,1.1105580443559535,0.8262652456920898,0.3076923076923077,-6.334931964951274,180,361,69.26915926656966,marquette
99,Wyoming,MWC,13-11,114.0758213999414,85,106.67463047442686,133,0.6838278943768615,99,16.655253825454423,14.34474617454558,7.655253825454422,12.34474617454558,4-9,0.5571768224054082,0.3878126461607252,0.7004849715355246,0.5680085039751324,0.3878126461607252,0.6671162257730564,0.777420383428562,0.8749248762790145,110.83531352677583,106.27439081452783,110.63111408034972,106.0813212330244,112.0617722183844,108.45375105642644,116.7623305651046,113.16645966873524,0.5889745367404989,7.0,-0.0422913898192347,901.0,962.0,850.6,1.059252292499412,1.130966376675288,0.6051456979284724,0.3076923076923077,-4.368184020726255,122,271,66.23162277438858,wyoming
100,Florida Atlantic,Amer,14-10,111.86019623723512,120,104.64434428843704,94,0.6828386725957057,100,18.507054674814736,12.492945325185262,10.507054674814738,7.492945325185264,6-5,0.5123330760003343,0.4797982828427648,0.5507832860956436,0.5118999440152066,0.4797982828427648,0.5350844770841924,0.8445368275759196,0.8429092082347663,109.7520139357154,107.31935409136324,109.5785880364536,107.71255622121376,110.2293134712012,102.48290723908468,108.8347046406523,104.29593576542402,0.6200770920439548,1.0,-0.0448701616394056,875.0,837.0,809.35,1.0811144745783654,1.0341632173966764,0.5104149200661975,0.5454545454545454,-4.775698301592539,132,284,70.40628665165877,florida atlantic
101,Pacific,WCC,16-10,111.64475150963588,122,104.45456639484009,91,0.6825579775866268,101,18.216862710954786,12.783137289045214,9.216862710954786,8.783137289045214,7-6,0.4780214904435341,0.4213199025430544,0.5347230783440134,0.5164952736425007,0.4213199025430544,0.5852330416587673,0.8082655852948359,0.8312250523679741,108.73388736927102,107.19832549388038,109.77614157752171,106.5403111066674,112.75073570675316,104.06942020937018,106.523837738841,105.22303739480114,0.5352651105594589,5.0,-0.0248423144872935,959.0,899.0,864.375,1.109472161966739,1.040057845263919,0.7165589462771278,0.5384615384615384,-4.243930328812117,118,238,64.81517342013403,pacific
102,High Point,BSth,22-4,115.9426812573546,70,108.7082232441136,183,0.6771986958144418,102,26.23510808843345,4.764891911566554,14.235108088433446,1.7648919115665538,10-1,0.2743054386113941,0.2625378905415434,0.2903520950702816,0.2728636747096012,0.2625378905415434,0.2825440973671557,0.9495018416414802,0.9506750087491868,102.93527541836131,111.9749982514426,102.7977633180378,112.35848617179327,112.37549902030904,107.7682080905063,0.0,0.0,0.0,0.0,0.0149096783042735,933.0,783.0,787.3249999999999,1.1850252437049504,0.9945067157781096,0.2653665024202785,0.9090909090909092,-1.9900398759565467,75,144,69.22016544120137,high point
103,DePaul,BE,12-12,107.43121052438048,191,100.73572394805132,47,0.67700194577775,103,14.73989295377747,16.26010704622253,6.739892953777471,13.26010704622253,4-9,0.6077761191721649,0.362147073959253,0.8156160805061673,0.6446606048754348,0.362147073959253,0.8000430468793347,0.7273688372973306,0.9041759322999514,111.64685301164282,106.44839853665978,112.58596478384872,105.86660385145672,108.7322595375383,99.68941454632656,103.241891260172,97.33974744382562,0.6630629388002213,6.0,-0.0139478202629167,870.0,939.0,867.8000000000001,1.0025351463470844,1.0820465545056464,0.7711216987152172,0.3076923076923077,-4.007135956056587,111,212,66.48489900383952,depaul
104,South Carolina,SEC,11-13,112.0420518557049,118,105.07314644578604,105,0.676668092816992,104,12.665259837465092,18.33474016253491,3.6652598374650895,14.334740162534908,2-9,0.5968493148357165,0.3683454370258036,0.866899352247432,0.6573296998714165,0.3683454370258036,0.8660405563710265,0.6687576148731997,0.8772283611080702,113.13612295629105,107.37378332931216,114.76491834715443,105.60946298191216,111.5436510144535,105.56968111672094,111.21444010186865,104.29763367985748,0.6766530790539471,9.0,-0.0607728762272561,783.0,922.0,760.3625000000001,1.029771983757747,1.212579526212826,0.8646910199938175,0.1818181818181818,-4.7641993221353225,131,315,66.14423742491284,south carolina
105,Colorado St.,MWC,13-10,115.49711501726584,74,108.513273916684,172,0.6720099833169946,105,17.26959108268979,13.73040891731021,8.26959108268979,11.73040891731021,4-8,0.5611829787259316,0.4150633987976735,0.6951259269935014,0.5745505754736181,0.4150633987976735,0.6622685226453875,0.7903805270780909,0.8976762112254734,111.54631103655106,107.25216162161112,111.15390713548868,106.6251771425776,109.66431340970206,107.73381952977913,113.73130483201372,108.61574113646168,0.6293098033359434,5.0,-0.0024653666141463,786.0,850.0,756.6125,1.0388408861867866,1.1234284392605198,0.6129824161232169,0.3333333333333333,-3.730595183185476,104,187,61.98694587194454,colorado st
106,Dayton,A10,15-9,107.94902970892166,178,101.52102556249037,55,0.6695216377056796,106,18.17464853661117,12.825351463388836,9.174648536611166,8.825351463388834,6-5,0.5391376772143033,0.5265193924905999,0.5540501955241346,0.5766515351354135,0.5265193924905999,0.6128580826011122,0.789146955723163,0.7943063070264776,110.13487772891943,108.06360982475672,111.22276251376974,107.53620481145924,104.30810195358984,104.41088972281712,103.917208883406,103.27250313474902,0.5178845198046411,5.0,0.0372400694561243,791.0,812.0,765.3375,1.0335309585640322,1.060969833570157,0.7052704765792198,0.5454545454545454,-2.765417541661083,85,90,68.26116096118528,dayton
107,George Mason,A10,21-3,111.08492925622603,126,104.74313552461945,98,0.6628489627970919,107,24.056046987202443,6.943953012797563,12.056046987202436,5.943953012797563,9-2,0.4430107339181939,0.3432108727388316,0.5609560244028948,0.498315398780907,0.3432108727388314,0.6103353342557395,0.8629239966041389,0.9229558737018316,108.27980500811567,110.09586585226596,109.66680119722288,109.01644095456464,109.87048468605136,104.8981083938842,101.83534379732076,108.49887845011943,0.325436174053172,1.0,0.1709779496963817,772.0,723.0,698.4624999999999,1.1052848220197935,1.0351307335755322,0.687931392595924,0.8181818181818182,0.4581156658150018,50,2,64.23034527162814,george mason
108,Utah,B12,9-14,115.5073904109267,73,108.981613191524,190,0.661231343470553,108,11.019965411849222,19.980034588150776,3.019965411849221,14.980034588150778,1-9,0.6570282980201378,0.5172719523391938,0.8387115474053652,0.7053204777669827,0.5172719523391938,0.8411333016870527,0.6710416550538871,0.8356240392855548,113.71330276810336,105.13464431426527,114.9572700987794,103.92241976262886,115.2126133148685,108.70608905232886,113.70155822815823,105.51085179083805,0.7026142529027621,8.0,-0.078795727322856,738.0,833.0,692.0749999999999,1.0663584149116787,1.203626774554781,0.8441604945391618,0.1,-5.808327535079695,168,331,67.68072443641249,utah
109,Hofstra,CAA,16-9,114.28376769126376,82,107.8768974599595,159,0.6600414149545468,109,20.325012146856142,10.67498785314386,11.32501214685614,6.674987853143859,7-5,0.4283919167215827,0.4574304943622503,0.3969334576108594,0.423184362136877,0.4574304943622503,0.3984510444185518,0.8866048306353462,0.8449702662693425,107.31327962886672,108.4757017753449,106.96761123197228,108.71517259483764,115.45885082578812,109.17377013926723,120.60985984068658,105.09570099035656,0.8296899025030917,2.0,-0.0349985701630736,905.0,838.0,784.25,1.153968759961747,1.0685368186165125,0.4014862180339365,0.5833333333333334,-4.83738227079057,134,254,65.20221122577051,hofstra
110,San Francisco,WCC,14-12,113.01313031509584,100,106.79679605572292,137,0.6571512805122421,110,16.216522322532732,14.783477677467266,8.216522322532736,9.783477677467266,6-7,0.5601469464775268,0.4854070752614618,0.6348868176935921,0.5791596688161557,0.4854070752614618,0.6468698752723238,0.7714566130133534,0.8180148510854406,110.18886157404717,105.97469094396097,110.78900138432624,105.7672393342455,111.0951393779962,107.05625926335094,111.06819861335146,104.87177742976216,0.6592982940468026,5.0,-0.0147590638437696,946.0,968.0,888.1124999999997,1.065180368478093,1.0899520049543276,0.6780258249770261,0.4615384615384615,-4.686779299670037,130,216,65.41423948151615,san francisco
111,Pittsburgh,ACC,9-15,112.09011620214451,116,106.0471852294059,125,0.6541470993677432,111,11.02267521421973,19.977324785780272,4.0226752142197295,13.97732478578027,2-9,0.66761110237361,0.5331654368258529,0.8265014343845956,0.7000495889185564,0.5331654368258529,0.8205770320966203,0.681792725892232,0.8054367260437669,113.03914539589084,104.41774123770266,113.97094159308612,103.70643379312712,111.4058484357617,107.2741239917329,109.25571370195142,106.6920119240048,0.5678453681995953,11.0,-0.0736609118847122,737.0,836.0,719.3625,1.02451823663313,1.1621400893151923,0.8112672570726592,0.1818181818181818,-6.235149079539816,175,327,63.9385158036619,pittsburgh
112,UC Irvine,BW,16-8,104.37497992787502,245,98.9250472580169,34,0.649471410738872,112,21.679590678808975,10.320409321191022,14.679590678808978,5.320409321191023,9-3,0.4409302970299742,0.4269380467149665,0.4549225473449819,0.4398401477986895,0.4269380467149665,0.4475814084489233,0.8943761847005881,0.8969597568644433,107.36513063364018,108.41976873169487,107.52765258563304,108.97864256833216,106.96383703006865,99.34054734587806,0.0,0.0,0.0,0.0,-0.0043740727536993,922.0,825.0,858.2375000000001,1.074294702806624,0.961272375071003,0.4365697001048355,0.75,-4.1464865710786425,115,192,68.43079197893043,uc irvine
113,Wright St.,Horz,16-9,113.42974570739584,92,107.73927580350548,153,0.643800721849421,113,20.554764395144637,10.445235604855366,15.554764395144634,4.445235604855366,11-3,0.408389603150442,0.4257187055110703,0.3947738798670913,0.3962577497430224,0.4257187055110703,0.3800542240705961,0.9060974137568522,0.8729404292665507,109.42864493140354,111.69111448563378,109.09059044583654,112.220712301956,115.57397172995388,107.75542717056535,104.0411153254926,104.57918986281508,0.485173885883212,1.0,-0.0562299525377033,1135.0,1045.0,955.0625,1.188403900268307,1.09416922976245,0.3457083605454407,0.7857142857142857,-5.425526097006645,154,306,66.28378283786628,wright st
114,Duquesne,A10,14-10,112.26117331242064,113,106.72646714731388,134,0.6413957248735666,114,17.510100973850356,13.489899026149638,9.510100973850362,8.489899026149638,6-5,0.4737208392193352,0.3489674621190766,0.621156648519641,0.5044294722241188,0.3489674621190767,0.616707590633316,0.8220806281081277,0.8595551318471556,109.76039861101086,108.99278816546162,110.15593187592889,108.19345412465223,113.4229718590629,106.48099053623442,110.7481968639033,105.5900535043063,0.633785638344154,4.0,-0.043661322522461,860.0,846.0,776.775,1.1071417077017154,1.0891184705995944,0.6097162139548056,0.5454545454545454,-4.872457073971948,137,277,70.10949300942015,duquesne
115,Sam Houston St.,CUSA,16-8,112.51338591015003,107,106.9972763907436,143,0.6406281278235811,115,20.5579256713576,10.442074328642398,12.5579256713576,7.442074328642401,8-5,0.4407556776391092,0.4300042561451843,0.4498530342878149,0.4506224659391557,0.4300042561451844,0.4619624813258401,0.8686287332179689,0.8266662504406147,108.94654367565332,108.2420562394187,108.85524550978845,108.41752417597093,111.29206747672968,107.32724332223918,127.39884975853218,115.6428289440734,0.7527601707199596,1.0,0.0197760363287102,1012.0,960.0,911.425,1.110349178484242,1.053295663384261,0.4844514543964582,0.6153846153846154,-3.602727795401077,101,134,70.65334276965991,sam houston st
116,UC Santa Barbara,BW,16-8,116.71082892896744,65,111.06620818874264,228,0.6387833866075854,116,20.418802738630557,10.581197261369448,13.418802738630552,6.581197261369449,9-4,0.4248017932602124,0.4115039214151336,0.4360538386675869,0.4354577981780981,0.4115039214151336,0.4486324303977286,0.8892156750173431,0.8838625435241512,106.70623819020555,108.2960421657216,106.47263859219191,107.98678938324667,119.37268288105028,111.12630227028572,98.91599174805764,102.33916386311756,0.4034170550256546,1.0,-0.0146582249837202,1065.0,973.0,895.0125,1.189927514978841,1.0871356545299646,0.4719926721822773,0.6923076923076923,-4.4305759620068015,124,214,64.03683094803749,uc santa barbara
117,Washington St.,WCC,11-15,115.73079790204255,71,110.24097397328848,209,0.6361930434972264,117,13.090226392616174,17.909773607383826,8.090226392616172,9.909773607383826,6-7,0.5836232306108994,0.5706946751843224,0.5965517860374765,0.5986268635221151,0.5706946751843224,0.6188001106549657,0.787534944989397,0.8172561847978492,110.3070746891719,105.1963509770652,110.59346634921371,104.7193585627894,119.23465751030068,111.97562199459011,117.4320449655373,110.45063658592515,0.6692617627291059,4.0,-0.1070601326191125,1025.0,1010.0,894.1250000000001,1.1463721515448062,1.1295959737173211,0.6766457546604375,0.4615384615384615,-8.212152455875769,228,355,67.4368451511004,washington st
118,Saint Joseph's,A10,15-9,106.74222152347528,204,101.69512978085432,57,0.6357650030177482,118,19.359901310036754,11.640098689963242,11.359901310036758,6.640098689963242,7-4,0.4780419971273735,0.3645648441829149,0.6121513596980975,0.4814630146027969,0.364564844182915,0.565889471017156,0.8451715947843009,0.8792998175446421,108.69230131409056,108.26242225749996,108.43488183942178,108.21062840539176,110.03251064728188,99.34609810320669,108.47670886383828,109.5151532967508,0.4726359765786586,4.0,0.011802238126461,800.0,791.0,751.425,1.0646438433642746,1.0526666001264264,0.4931922173756768,0.6363636363636364,-3.871858696556348,107,155,67.7209533967832,saint josephs
119,Murray St.,MVC,18-8,117.34264993191933,61,111.84539867421124,251,0.6345481147447843,119,20.685135451534336,10.314864548465671,12.685135451534329,7.314864548465671,10-5,0.4993569055407495,0.4327990665405117,0.5481659874742574,0.5088050025064254,0.4327990665405114,0.5506082672876782,0.8501952285591375,0.8543640536871986,107.78872072998446,108.41897584395512,108.06896701645891,108.2325679170854,117.72940500136832,113.6281116559496,117.78280946035386,108.70144624038284,0.7155976619296965,1.0,0.0795770172494014,1222.0,1203.0,1074.4,1.137379002233805,1.1196947133283697,0.5579351067279409,0.6666666666666666,-2.8246968695202908,88,32,72.10167653898759,murray st
120,Seattle,WCC,15-10,100.96556119038028,303,96.25044706248154,19,0.6341349919267771,120,18.08505294108225,12.91494705891775,7.085052941082249,10.91494705891775,4-8,0.4889758933970384,0.3622390336462384,0.626274158127072,0.5083699602487054,0.3622390336462384,0.6139089627949317,0.816974611710947,0.90450474434652,110.70132360558792,108.53142465432047,110.62839858736648,107.8185720223116,98.26237718937176,94.10439518526591,112.197338697381,98.27792809611354,0.8210221141237848,4.0,-0.0087628670903927,773.0,818.0,827.4749999999999,0.9341671953835464,0.9885495030061332,0.589178572130651,0.3333333333333333,-4.412944243529074,123,202,68.08234583093906,seattle
121,Cal Baptist,WAC,18-6,106.63047202185612,206,101.91980419411468,63,0.6270554260224741,121,22.619146652550583,8.380853347449419,12.61914665255058,5.380853347449417,8-3,0.4496686610506992,0.4379311036886032,0.4635403197513584,0.4459875924336277,0.4379311036886032,0.4518061676383678,0.8742085918927753,0.8562621167838123,106.50204708048568,108.87714549437268,106.23488662692066,108.61618746054218,105.45791876305024,100.11083016175226,95.468799575445,111.22116999690388,0.1472550461354121,1.0,0.1094944527116864,768.0,732.0,745.35,1.0303884081304084,0.9820889514992956,0.4333667857465251,0.7272727272727273,-1.7107509542085553,72,13,65.67280302275476,cal baptist
122,UNLV,MWC,11-12,113.64984209431516,91,108.7122237826246,184,0.6249954161510096,122,14.40283402632058,16.59716597367942,9.402834026320582,10.59716597367942,6-6,0.5862235193946408,0.4862676191665729,0.6778497612703699,0.6067264614944827,0.4862676191665729,0.6729788247748335,0.7641016923833028,0.8313087978423247,110.37499534643275,105.0016519149534,110.89343691179346,104.76695896800074,115.9101836689292,109.13613729809876,118.42018587130372,110.59674097799332,0.6869736598992618,5.0,-0.0300005167161062,914.0,938.0,835.9750000000001,1.0933341308053468,1.1220431232991417,0.6656724200315288,0.5,-5.485764125775384,156,250,70.5272035276946,unlv
123,St. Thomas,Sum,20-6,113.1635055805931,98,108.2878065703144,168,0.6239793977574055,123,23.658998211878,7.341001788122004,12.658998211877996,3.3410017881220053,9-2,0.3413582235094833,0.3712041323035229,0.3006592569721564,0.3439725553930929,0.3712041323035228,0.3184429520395648,0.9106989821829364,0.8832194402216283,107.22411375377656,112.29389979128447,107.24041768365376,112.51965982630794,113.77350935993726,111.00516354984951,105.43803596631648,111.65107273287413,0.341091447753974,1.0,0.0416118606970757,941.0,822.0,772.5750000000002,1.2180047244604082,1.0639743714202503,0.3575670811878633,0.8181818181818182,-2.663942360353396,84,84,68.57948526576723,st thomas
124,Troy,SB,17-8,113.41765561985602,93,109.01841874484744,193,0.6118137343191792,124,21.53932186242563,9.460678137574376,13.539321862425624,4.4606781375743765,9-3,0.4271780067694928,0.4768170501819853,0.3734023764059594,0.4000566227688652,0.476817050181985,0.3446185363038345,0.8877518509714294,0.8222245814927499,107.15166238693529,108.54940764839064,105.99732810614408,109.20586792395788,113.1586003719658,109.04390151840416,130.13583814878518,106.90063760332916,0.9056642870895618,2.0,0.034540293546629,931.0,844.0,806.2375,1.1547465852183756,1.0468379354718678,0.2870508560995842,0.75,-3.7650676757334303,105,95,65.7200106995072,troy
125,North Dakota St.,Sum,20-6,112.8741153544695,104,108.6305469937951,179,0.6084224917077143,125,23.42574766098662,7.574252339013379,13.42574766098662,2.57425233901338,10-1,0.3429348083214202,0.3733007699365675,0.3015266788462193,0.3459721391701578,0.3733007699365675,0.3203515478266486,0.923051103385448,0.9099150811559724,106.33350466543494,111.35281034587828,106.34516701930986,111.70690676217755,115.55366998239096,110.4629384785706,0.0,0.0,0.0,0.0,0.0454972106934613,902.0,798.0,742.5125,1.2147943637312502,1.0747293816602412,0.361766259583593,0.9090909090909092,-3.19452337217324,94,74,65.87094077276348,north dakota st
126,UT Rio Grande Valley,Slnd,14-11,109.37948716810178,151,105.37828647757664,112,0.605531620271674,126,18.002986432732296,12.997013567267704,14.002986432732296,7.997013567267706,10-6,0.4273483174406432,0.503241942479802,0.3846581533561166,0.4264773307264933,0.5032419424798023,0.3950736259183216,0.8613920981262658,0.7537970663402415,108.3167942262808,108.74909528082227,107.63133375697448,108.63621945258896,110.19245891842236,106.39171252580398,108.45293850168166,102.87002769031687,0.6474331036806107,3.0,-0.074409369832839,1198.0,1117.0,1069.4625,1.120188879928001,1.044449898897811,0.422848219417535,0.625,-6.288286459520855,177,328,66.99891541831224,ut rio grande valley
127,Illinois Chicago,MVC,13-12,107.63907769500534,186,103.89222326714992,85,0.6004742807004293,127,16.729395726134467,14.270604273865532,11.729395726134468,8.270604273865537,8-6,0.4818426269372153,0.3468790402043246,0.5878854450844866,0.4804750654435689,0.3468790402043247,0.5539528793251531,0.8668700838880785,0.904863968628681,108.9607264544046,108.19995029805226,108.56459950627136,108.16376896190172,109.770176498528,101.2808781844699,0.0,0.0,0.0,0.0,-0.0649494925694642,991.0,946.0,927.9625,1.0679310855772728,1.0194377466761857,0.4747768925533752,0.5714285714285714,-7.0719890227405084,201,320,66.02278043872676,illinois chicago
128,Penn St.,B10,10-14,115.60743564627604,72,111.79629175136104,248,0.5951993517708712,128,11.941843628086971,19.05815637191303,2.9418436280869757,17.05815637191303,1-12,0.6354594434152178,0.3502230903498677,0.8768132806243601,0.6677942404942252,0.3502230903498678,0.842458373073622,0.670244349566216,0.9293915993624776,114.55802821032935,105.60862629555312,115.2193685962205,104.92413497226778,117.40675944633072,113.77335424399269,116.43447417406152,111.33541079371058,0.6259743270276804,9.0,-0.017379204909233,942.0,1134.0,888.2249999999999,1.0605420923752429,1.27670353795491,0.7786564019079656,0.0769230769230769,-5.034639912104738,143,220,67.3492133901037,penn st
129,Maryland,B10,9-14,110.94483156064548,129,107.56353688415732,149,0.5880573985505051,129,10.955010194439431,20.04498980556057,3.955010194439432,16.04498980556057,2-10,0.692398182573932,0.5052264115498466,0.8639723060126769,0.7216570774052997,0.5052264115498466,0.840693943625799,0.5981538323968929,0.753914221231692,115.8750260604836,104.3104554049814,116.73601807656593,103.66831347561174,113.00667804450876,110.0099277258592,112.35702013779913,112.1338132199644,0.505716867148526,13.0,0.0325146900279731,799.0,977.0,783.925,1.0192301559460408,1.2462926938163728,0.8057764000454821,0.1666666666666666,-3.4694026540000644,97,102,66.89371533443052,maryland
130,Boston College,ACC,9-14,102.08080169305022,287,99.44912855484728,35,0.5745309963697107,130,11.345657626498372,19.654342373501628,4.345657626498372,13.654342373501628,2-8,0.5764582839732463,0.3873470254740222,0.8223029200222378,0.6279637673940256,0.3873470254740222,0.8017425254473616,0.7369066490296923,0.9055245508134444,111.17303835178124,106.67570505964244,112.42427433056058,105.77553411216816,103.47045753326287,97.359190798627,106.47536815309722,99.66603277446772,0.6813582088656518,5.0,-0.0910340104388554,629.0,710.0,667.4375,0.9424103380466337,1.0637700159190937,0.7760420322287663,0.2,-7.092834903244112,202,347,65.73866867977843,boston college
131,Fresno St.,MWC,11-12,104.00470047459144,251,101.33814774026118,53,0.5741226088286311,131,14.146367170956312,16.853632829043686,8.14636717095631,11.853632829043688,5-7,0.5532764975443194,0.4185282613332671,0.6767957140711173,0.5792988381565494,0.4185282613332671,0.6677226554093546,0.7816169628396971,0.8733840769113463,110.76132603455676,106.7041633924202,111.1978167315022,106.29620399534596,103.56158461043748,99.1040052736226,91.46870157866076,93.48633087118876,0.4375992005459055,5.0,-0.0380290405697812,831.0,855.0,829.4624999999999,1.0018536100185362,1.0307880103078804,0.6541130674167105,0.4166666666666667,-6.157724809456029,173,259,68.33050935931392,fresno st
132,UC San Diego,BW,16-9,107.04722348834495,198,104.39924931014288,89,0.5715180179290622,132,20.405287705897067,11.594712294102932,10.405287705897068,9.594712294102932,6-7,0.4454383663316615,0.4151197206817507,0.4734248084700406,0.4401891072649555,0.4151197206817507,0.4552307392148783,0.8871985650253869,0.8850223932949315,107.32528436495956,107.9909990651264,107.08764771667984,108.46740409292228,102.3877146812329,104.2418316757756,114.15305121308788,107.20334882940855,0.6731232094633208,1.0,0.0308523534406555,925.0,938.0,913.8375,1.0122149725744456,1.0264406965133297,0.4214417534552909,0.4615384615384615,-5.022057269185524,142,108,67.67554109513615,uc san diego
133,Rhode Island,A10,14-9,106.79709853114552,201,104.32933249120649,88,0.5668104005458277,133,17.66764064694531,13.33235935305469,8.667640646945307,9.332359353054692,5-5,0.4767253487371531,0.4001275113193847,0.5763025373802525,0.5076005286957902,0.4001275113193847,0.5852199301343055,0.8475675939771896,0.882938573016259,108.44502107709282,109.7954565198499,108.9238421660525,108.71437958849354,106.03206304561589,104.78073168015058,107.0760155098358,107.48796436384887,0.488962154847002,1.0,0.0314838378571563,691.0,692.0,656.275,1.0529122700087616,1.0544360214848958,0.5963666710768715,0.5,-4.517665314607029,127,107,65.64321190396049,rhode island
134,Georgia Tech,ACC,11-13,108.23113040919118,168,105.82875317524248,120,0.5641785230918209,134,12.74245009152971,18.25754990847029,3.742450091529712,14.25754990847029,2-9,0.5551859554991081,0.3413712526074952,0.8078760589164685,0.6131137719155109,0.3413712526074952,0.809372258082411,0.725397400669222,0.909017147653092,108.95706587817205,105.61711426896892,110.79814902323218,104.49596293890956,109.44133051384044,106.04110433001657,113.84011087860864,104.96282404381242,0.7178192586040223,9.0,-0.0440326822597315,801.0,898.0,792.95,1.0101519641843748,1.132479979822183,0.8117234282003205,0.1818181818181818,-5.938375038990388,169,280,70.91550458592552,georgia tech
135,UNC Wilmington,CAA,20-4,111.00712071226842,128,108.54312582315347,173,0.5641785164885798,135,24.760853306862945,6.239146693137058,13.76085330686294,4.239146693137058,9-2,0.3344272104217674,0.2760016918184553,0.403475550589318,0.3479446724728703,0.2760016918184553,0.3999034918343923,0.9302998766250062,0.9449216827095122,103.95515363617884,110.04169342645176,105.02027946629624,110.7037664681121,109.943911543081,108.3862736120806,0.0,0.0,0.0,0.0,0.1297442576657301,822.0,766.0,733.2375000000001,1.1210555924922003,1.0446819754854326,0.3942902566480806,0.8181818181818182,-1.5460999135045066,71,5,64.6034118637463,unc wilmington
136,Temple,Amer,15-8,112.6314469125724,106,110.18178965392283,208,0.5628845504984812,136,18.9849887422442,12.01501125775579,10.98498874224421,7.01501125775579,7-3,0.4323910732364958,0.437232813149211,0.4260968113499658,0.4648106756102187,0.4372328131492112,0.4847280207209464,0.8632064374702536,0.8670103773212043,106.01127086304096,108.69602828251524,107.08214230950956,108.28080431047306,109.53443449832024,107.2997331782559,112.68798934498798,108.75015211501967,0.6008606426287569,1.0,0.0320304759912088,728.0,691.0,658.525,1.1055009301089556,1.0493147564633083,0.5580170324346722,0.7,-4.186678993192371,116,106,64.89425622185259,temple
137,Montana St.,BSky,14-11,109.08819485272316,156,106.78217447791992,135,0.5611191394336448,137,17.650364322541627,13.349635677458371,11.650364322541629,6.349635677458371,8-4,0.4372115041121679,0.4429639158084514,0.4309797247745275,0.4340894608784165,0.4429639158084514,0.4276801323178358,0.8702929956033476,0.8181041778552943,110.49560888617847,110.23808495584284,109.92432716033208,110.43653235764886,110.21020424334452,107.48423243811676,103.20300568953952,93.40102359447536,0.7590814621109229,3.0,-0.0370878176358141,915.0,868.0,808.4375,1.131812910707383,1.0736760726710477,0.4210809474044523,0.6666666666666666,-6.373814909358735,181,258,65.73125885451773,montana st
138,Portland St.,BSky,16-6,103.56266161575084,261,101.3969125377707,54,0.5604635238293945,138,20.0640522097153,8.935947790284699,14.0640522097153,3.935947790284697,10-1,0.3893939643674592,0.3723440261384386,0.4064439025964796,0.4067348370734827,0.3723440261384385,0.4277514437560098,0.8940698831384357,0.871355510340911,109.28318470980338,111.41208744158756,109.2174182452382,111.22840856326128,105.02082629384834,100.28499213347308,105.06127769302957,103.60524646659316,0.5400370434761819,1.0,0.0871948430517827,842.0,754.0,759.3125,1.108897851675035,0.9930035393859576,0.4612347227209857,0.9090909090909092,-2.776166494238059,87,26,67.27981736848389,portland st
139,Southern Illinois,MVC,11-14,102.77896439640418,270,100.66520400193129,45,0.5594612427248018,139,14.675382522330564,16.324617477669435,8.675382522330565,11.324617477669436,5-9,0.5388175023279519,0.4464339312779702,0.6114045938672231,0.5183931958063234,0.4464339312779702,0.5579707912969177,0.8437302056536978,0.843364034991258,109.4520319685692,107.19412354816212,108.62665678354556,107.36384744739668,100.17391875971325,97.9992679533254,110.52695724742988,96.93758173831272,0.8188699334058016,1.0,-0.0615453447218599,968.0,981.0,984.25,0.983489966979934,0.9966979933959867,0.4332919186328718,0.3571428571428571,-8.279295556935308,232,316,69.52314494620553,southern illinois
140,UAB,Amer,15-9,109.10679315861697,155,107.05402284618582,146,0.5543904181975556,140,18.41759968211546,12.58240031788454,9.41759968211546,8.58240031788454,6-5,0.4605078187609273,0.3843270850908537,0.5505395949164688,0.4796804679546939,0.3843270850908537,0.5485468000230229,0.8602369049736774,0.8885085086570261,107.7190907712233,109.0599026773236,108.036765251835,108.5436126247339,107.22246096555943,108.47252925156508,107.74791691450552,106.6832626093771,0.5285180935891173,1.0,0.0328524609504019,871.0,888.0,819.9124999999999,1.0623084780388152,1.0830423978168404,0.5454152651904652,0.5454545454545454,-4.851942470049502,135,99,69.71198793846892,uab
141,Austin Peay,ASun,17-6,107.20053524737293,194,105.25812401879458,110,0.5523781854288783,141,21.2616502539621,7.738349746037901,15.2616502539621,2.738349746037901,11-1,0.3348842546398797,0.4275083822233395,0.2499788043550415,0.329251552030811,0.4275083822233395,0.2692057113575991,0.911761495849052,0.8446128161008624,106.99577022966793,113.16013453310384,107.64229767040356,114.35567668568684,109.517949298527,107.52877095077044,115.81127107331564,103.71197778707568,0.7805645312092113,1.0,0.0554990905769605,993.0,870.0,840.15,1.181931797893233,1.0355293697554009,0.3076595253627143,0.9166666666666666,-2.947423927449424,91,59,68.90378459367464,austin peay
142,Arkansas St.,SB,15-10,109.86590996036138,142,107.9388932492977,162,0.5506993165801956,142,19.918094554479183,11.08190544552081,10.918094554479191,7.0819054455208095,6-6,0.4416256680459768,0.4755814662575358,0.4048402199834547,0.3993807763820666,0.4755814662575359,0.3443469448053387,0.8843959652981861,0.8179208817358489,108.2505102786145,108.38874827468914,106.63978038718662,109.37271237866524,109.83550736593544,111.15754553819522,105.84818624224464,107.55601574497442,0.4541124488214428,2.0,0.013572273705526,954.0,941.0,864.7999999999998,1.103145235892692,1.088112858464385,0.2233603944491067,0.5,-5.472516623036621,155,149,71.83978290390758,arkansas st
143,William & Mary,CAA,15-9,110.3085623599484,137,108.40935620148116,170,0.5497652540227347,143,19.29293318272033,10.707066817279674,10.292933182720324,7.707066817279676,6-6,0.419527204554193,0.4055943392119764,0.4334600698964096,0.3982994069346352,0.4055943392119764,0.393436118749741,0.8898616422020086,0.8446535174020964,107.54062180826683,108.87021520256864,107.46474981533052,110.19437787816426,111.3351069468814,111.56380270807644,91.43194027686005,97.11270933939592,0.3333238404327749,1.0,0.0190302474377884,961.0,939.0,856.025,1.122630764288426,1.0969305802984726,0.3133882164564039,0.5,-4.993315318272559,141,135,73.08297001630389,william mary
144,Oakland,Horz,14-11,114.64321088866772,81,112.67002181513844,262,0.5497488913624549,144,18.252347790228487,12.747652209771513,14.252347790228487,5.7476522097715135,10-4,0.5263248179276565,0.677797326892822,0.4073107037407407,0.4916550990545151,0.677797326892822,0.3892768737434463,0.8003567961977777,0.5840019446189275,112.13800903103714,107.55063392482246,111.2371961991444,108.82550689327655,113.51478433760596,112.9051453205448,116.1729404547076,109.17470351117318,0.6713950576020001,5.0,0.0678432090714915,1187.0,1115.0,998.4875000000002,1.188798057061305,1.1166889921005518,0.3471979370830926,0.7142857142857143,-3.936984464128023,109,42,70.54257509444538,oakland
145,Bradley,MVC,17-9,110.07175792175435,140,108.19182531701486,165,0.5493653765877526,145,19.070643519426365,11.929356480573636,12.070643519426364,7.929356480573636,10-5,0.472728625116711,0.3832682810707433,0.5383328774170871,0.4966170791518711,0.3832682810707433,0.5589589180964912,0.8679561645665068,0.91247752441372,107.81898306832493,108.26166703270954,108.00554776262356,107.61457062908386,111.47236124990016,110.58133671350036,0.0,0.0,0.0,0.0,0.0776824947784674,1173.0,1159.0,1061.025,1.1055347423482011,1.0923399542894845,0.6208370401347036,0.6666666666666666,-4.45982027223152,125,34,67.62808089264132,bradley
146,Montana,BSky,14-11,107.18447987057058,196,105.36669760383612,111,0.5490184509093852,146,18.52996670801106,12.47003329198894,11.52996670801106,6.470033291988939,8-4,0.4134953344438917,0.4106862941915948,0.41653846138388,0.4213177945134158,0.4106862941915948,0.4289961003013978,0.8685733350313006,0.814857495985325,110.7398683248866,110.22460966973864,110.29401644590128,110.31457358821018,108.04033593221595,103.86548205280774,104.54233092256702,108.32036630197094,0.3993287206669539,3.0,-0.0581971204365587,915.0,851.0,823.5125000000002,1.1110942456854025,1.0333783640199752,0.453911378136433,0.6666666666666666,-6.476817063266376,187,309,69.2399082132523,montana
147,Loyola Marymount,WCC,13-13,105.5760512537819,233,103.87209512296192,84,0.5466438839970118,147,15.4818282739337,15.5181717260663,6.481828273933699,11.5181717260663,4-9,0.5283540350227338,0.3953523385500915,0.661355731495376,0.5297873986914335,0.3953523385500915,0.6268793865712915,0.8261796465744412,0.8987618300813504,110.42088613096074,107.83671058064648,109.96007855203352,107.55118466823504,107.69265101745974,107.0567755619896,106.4776020313135,110.984436422009,0.3830231091907418,5.0,-0.0196486150197233,928.0,1024.0,908.8625,1.0210565404557894,1.1266830791236295,0.5372408897686716,0.3076923076923077,-6.867650270799161,193,225,67.59990586831134,loyola marymount
148,Kent St.,MAC,17-7,108.80401520531528,162,107.4416570805652,148,0.5361625026701731,148,21.63981880855295,9.360181191447053,12.639818808552947,5.360181191447052,8-3,0.4365065276159744,0.4004485595691457,0.479120489853136,0.4208584230558223,0.4004485595691457,0.4355988800184222,0.8861525640871858,0.875255021008129,110.5476518226506,110.97172309043596,109.26528012846804,110.95542442733073,108.1226154800564,106.83275558600111,86.87031087172367,99.233885752036,0.1779604721038705,2.0,0.1120662913536848,877.0,857.0,798.2249999999999,1.0986877133640265,1.0736321212690658,0.3672077788495861,0.7272727272727273,-3.0123713853592333,93,10,70.6488598867273,kent st
149,Middle Tennessee,CUSA,11-12,108.26103141067276,167,106.98425559619758,142,0.5340550106595909,149,15.273253944515568,15.726746055484432,9.27325394451557,10.726746055484432,5-7,0.4685540268238231,0.5041963839752092,0.4358818661017191,0.4690144093633477,0.5041963839752092,0.4496643233268239,0.8475691687172688,0.7525618840043751,110.75179768970897,107.05249068351168,109.84347827288752,107.59725881575264,107.00033665597562,107.97988665732554,110.00266362175417,93.0562561037536,0.872578730382886,2.0,-0.0853859032295972,866.0,867.0,812.275,1.0661413930011387,1.06737250315472,0.470338009164481,0.4166666666666667,-7.33440055466952,209,339,64.71507793633101,middle tennessee
150,Bowling Green,MAC,14-10,106.24353676218524,218,105.13766088524,109,0.530046110560514,150,18.22171168820015,12.77828831179985,9.22171168820015,8.778288311799852,5-6,0.3795667143282552,0.3128803923804378,0.4583778220847669,0.3913415078628823,0.3128803923804378,0.448007869044648,0.9014401468069204,0.9116529761503904,107.48558582506682,110.9548206158333,107.55715754544065,110.8388329571642,108.2528406590176,107.09121951752836,0.0,0.0,0.0,0.0,-0.0551412506411544,855.0,833.0,773.0375000000001,1.106026551105218,1.077567388386721,0.4317122285530325,0.4545454545454545,-6.701533685925167,189,304,67.99282263801572,bowling green
151,Rutgers,B10,9-15,110.3199688567615,136,109.18689069368511,195,0.529646522178402,151,11.18113042351079,19.818869576489217,4.181130423510788,15.818869576489211,2-11,0.6613054527645746,0.3940849084923244,0.8874151440718635,0.672967846570522,0.3940849084923242,0.8263534625135309,0.65559537152271,0.855601830497435,113.80882192760254,103.97908753896468,114.14733616912775,104.13433977892292,114.90810473323776,110.838142003735,112.9885130286444,112.0877291400254,0.5229961227093116,13.0,0.007135249047214,914.0,1093.0,878.3499999999999,1.040587465133489,1.2443786645414698,0.7129531967623421,0.1538461538461538,-4.89101011898133,139,165,65.5951727066973,rutgers
152,Northern Colorado,BSky,15-10,112.1425863899548,115,111.09540794748892,229,0.5269465157403564,152,18.7618062846287,12.2381937153713,8.7618062846287,9.2381937153713,5-7,0.4030586089210408,0.3674877019511297,0.4415937581384445,0.4045954358580997,0.3674877019511297,0.4313954659020225,0.8890248062492195,0.8651034483973852,109.03078029363525,110.33719531487414,108.512696946466,110.39863582668896,110.56248343353204,111.82686858742436,148.08281008982223,127.3710835665921,0.8497535426536205,1.0,-0.0014900278443272,939.0,937.0,835.9375,1.1232897196261682,1.1208971962616825,0.4109988814291785,0.4166666666666667,-6.004727438371115,170,182,68.0304143181568,northern colorado
153,Valparaiso,MVC,13-12,106.03431644995524,220,105.12433712815864,108,0.5247592690501007,153,16.238638321185018,14.761361678814982,10.238638321185018,9.761361678814982,7-7,0.4944018848030908,0.3669571688764921,0.5945370187454184,0.4923823777523875,0.3669571688764921,0.56136624263413,0.8491856171489982,0.8615193754123431,108.11671140465484,107.8399242639946,107.95671228971452,107.8502191868727,107.9722745098765,104.4229737780504,88.30578839715221,126.70447144003296,0.0154877832872482,1.0,-0.0065594870446177,985.0,986.0,933.8125,1.0548156080583628,1.0558864868482698,0.4839677650411236,0.5,-6.73803814960978,191,199,65.07415155780801,valparaiso
154,East Tennessee St.,SC,18-7,109.5976589387839,145,108.65944380338522,180,0.5246973860957644,154,22.014039661856568,8.985960338143434,14.014039661856566,3.985960338143432,10-2,0.3003633476616942,0.3510998173193682,0.2453988388658806,0.3079766663468655,0.3510998173193681,0.2768321684222801,0.9223228002875048,0.885578275117923,105.34179337518846,113.5062668873651,105.65510041680636,113.5892986708536,109.24219167514336,108.1078737741195,108.07871133787197,106.92777770935258,0.5307413247525563,1.0,0.0059797797806564,949.0,818.0,799.2125,1.1874188654456732,1.023507515210285,0.3396988275350791,0.8333333333333334,-4.315704040770136,120,167,66.04814970780683,east tennessee st
155,Missouri St.,CUSA,13-10,109.2321118927052,152,108.50693886034584,171,0.5191409056767948,155,17.9078620985762,13.0921379014238,11.9078620985762,8.0921379014238,7-5,0.4158839663394529,0.3535261429780902,0.4730453044207022,0.4156075680385286,0.3535261429780902,0.4497523518217698,0.8939374111151152,0.8932956157311587,107.89402819533234,108.68615947210245,107.17027098832664,108.70857526291176,112.6325138169122,107.69979905573278,113.31159646884232,125.66749911792478,0.2332183222785736,1.0,-0.0319888770696434,914.0,876.0,811.2749999999999,1.1266216757572958,1.079781824905242,0.4148129229233713,0.5833333333333334,-6.418843689255583,182,253,65.0842985198273,missouri st
156,Marist,MAAC,16-8,100.49429393385466,308,99.90831850075486,39,0.5168066621124991,156,19.521801378759516,9.478198621240484,13.521801378759516,6.478198621240487,10-5,0.2972711804626656,0.3319739225607381,0.2764495352038221,0.3005545453477268,0.3319739225607384,0.2864158256018714,0.9366278622422138,0.9133525910913168,103.57175040412518,112.55704234410828,103.86359165998569,112.71161380105826,98.4945024469477,99.43790171628098,0.0,0.0,0.0,0.0,-0.0395624734466919,1036.0,931.0,997.7375,1.0383492652125432,0.9331111640085692,0.3163146967960196,0.6666666666666666,-5.758121889431598,163,267,65.93194076852738,marist
157,North Texas,Amer,13-11,100.22156003151842,317,99.78947345097993,38,0.5124192682554035,157,16.356139335675184,14.643860664324816,7.356139335675181,10.643860664324816,4-7,0.4479412202189721,0.3874488708997787,0.5194321785052917,0.4689097505617507,0.3874488708997787,0.5277426080953974,0.8535157718199486,0.8643631487394097,109.01634160911534,109.53066364014477,109.15832889908414,109.1865424897778,100.6818031404925,99.92726120338656,92.30808735700847,95.81374899407562,0.3944473131546094,3.0,-0.0210880219474259,766.0,762.0,755.2499999999999,1.0142336974511752,1.008937437934459,0.5408018545941349,0.3636363636363636,-6.199988282759156,174,227,64.80742190404048,north texas
158,Winthrop,BSth,18-8,111.21866231247397,123,110.974290617076,226,0.5063236159155601,158,21.42411585232835,9.57588414767165,13.42411585232835,2.5758841476716507,10-1,0.361622565387336,0.4036279613194091,0.3043424800254184,0.3527595370615055,0.4036279613194091,0.3050703893197208,0.8706436157721097,0.800169416238324,107.32133275684858,110.5489098260908,106.6510576348486,111.0376000141458,108.64034738038826,109.0471065937972,112.79135642877488,103.47102689324456,0.7294537274891895,3.0,0.0580894105838081,872.0,798.0,773.5625,1.127252161266866,1.0315908540033931,0.3066717897671861,0.9090909090909092,-3.5705335100140925,100,56,68.84170082964833,winthrop
159,Central Arkansas,ASun,15-10,107.98499687907952,177,107.88056208537584,160,0.5027817958436994,159,19.04320325009637,11.956796749903637,14.043203250096363,3.9567967499036336,10-2,0.362399928726818,0.4686392930967378,0.2473072839927382,0.3538919672335468,0.4686392930967377,0.2710188985545755,0.8626485934870588,0.7450984736611465,108.66646356298745,112.46819126843089,108.3852245771724,113.14017010695665,110.368839172687,110.47488263872314,98.94628707713358,107.10441978105209,0.286772421903724,4.0,-0.0286728484854371,1006.0,887.0,830.3499999999999,1.2115373035466974,1.0682242427891857,0.3184421276782502,0.8333333333333334,-5.300367988285664,149,247,68.14829541531493,central arkansas
160,UC Davis,BW,15-9,109.0489501932472,158,108.96005899146324,189,0.5023444934432302,160,18.254000994480496,12.7459990055195,11.2540009944805,8.7459990055195,8-5,0.4431952332722602,0.4497202519906266,0.4376740635874884,0.4576419590349072,0.4497202519906267,0.4619988979092614,0.8730478036807823,0.8504124301380455,108.17282108989195,108.88239266177465,107.63600408483404,108.14359551284382,108.5712085895221,107.60854665145258,104.78262063341066,87.73641973986247,0.88511994689918,1.0,0.0600534506539721,1015.0,992.0,934.125,1.0865783487220662,1.06195637628797,0.5071735902211254,0.6153846153846154,-4.89031666970501,138,52,68.73777741883399,uc davis
161,Idaho,BSky,13-11,107.81971108934502,182,107.7324195114141,152,0.5023285456304383,161,17.277615590316408,13.722384409683594,9.277615590316406,8.722384409683594,5-6,0.421818662439149,0.3891710502283473,0.4604022041428239,0.4152418382058734,0.3891710502283473,0.4340707406340869,0.8974507573937536,0.8867312786180708,109.00559097323485,109.8332096158132,108.81634572578754,110.62873855598716,107.00312519021192,107.9119907007782,0.0,0.0,0.0,0.0,-0.0183874787816233,840.0,836.0,776.3250000000002,1.0820210607670755,1.0768685795253274,0.3926927265489288,0.4545454545454545,-7.270719432351893,208,223,67.46228505332003,idaho
162,Toledo,MAC,12-12,111.6852361798584,121,111.62995368458864,244,0.5014234297977512,162,15.937421721663364,15.062578278336636,9.937421721663362,8.062578278336638,6-5,0.4536623552450469,0.464563157736823,0.4407795886638571,0.44729470372345,0.464563157736823,0.4348230424915696,0.8670234638405241,0.8405236318542854,109.78510890982452,109.47068960744387,109.25895749952916,109.74981787312394,111.94005606766753,111.98395720440948,117.7226700682092,116.47382930024246,0.5306234914511405,2.0,-0.0482393328813093,876.0,851.0,767.6500000000001,1.1411450530840876,1.108578128053149,0.4254627556494035,0.5454545454545454,-7.58598520039413,216,290,68.43969824109014,toledo
163,Cal St. Northridge,BW,15-10,109.03353518094715,159,108.99966707051736,191,0.5008931732753732,163,18.691680515554022,13.308319484445978,11.691680515554022,8.308319484445974,8-5,0.4426238363494573,0.4242540979273075,0.4595805179699027,0.4479333077560457,0.4242540979273074,0.4621408336532883,0.8818520326952338,0.8758709887973479,107.60305246463857,108.52942138791576,107.2712331288829,108.30402053845324,109.0419654593941,108.20716426558955,116.2630787096792,107.32875824504455,0.7149458189212085,1.0,0.0445124624634388,1078.0,1048.0,988.725,1.0902930541859466,1.0599509469265975,0.4668957056367186,0.6153846153846154,-5.77759131956415,165,76,73.57090621133558,cal st northridge
164,Merrimack,MAAC,16-9,106.35928677836608,213,106.39334822581654,132,0.4990794327731368,164,20.149946158463223,10.850053841536775,16.149946158463223,3.8500538415367753,12-2,0.3870416880689308,0.5166432370668211,0.2852118995705883,0.3727064151175136,0.5166432370668211,0.2935411630453944,0.8865847982242955,0.7802092093520671,106.07663706680232,110.69669200275528,105.16913492596268,110.4435945656136,109.29781478905826,104.609551986909,90.06736425013831,109.83030131030804,0.0926790634020936,2.0,0.0484756242735516,1009.0,888.0,893.1000000000003,1.1297727018251034,0.994289553241518,0.3129761111532755,0.8571428571428571,-4.870174417114981,136,70,63.68342627621605,merrimack
165,Harvard,Ivy,13-9,108.442323095934,165,108.5562072676621,175,0.4969823477807527,165,16.18058254439776,11.819417455602242,9.180582544397758,4.819417455602241,6-2,0.401043595598886,0.3839857144874578,0.4308948875438852,0.4138959367885184,0.3839857144874578,0.4438061590895788,0.881766607138226,0.8653999399695615,107.22516265039316,110.70909334615692,107.7976161932941,110.8406636671321,112.86495180361246,108.15367748623864,104.32087135217355,105.610987589486,0.4647221922314537,1.0,0.0104471259816218,584.0,541.0,502.925,1.1612069394044835,1.0757071133866878,0.4610211878171702,0.75,-5.38300678573243,152,157,63.09228692830929,harvard
166,Portland,WCC,12-14,106.66454907130486,205,106.79997252707304,138,0.4963522221214894,166,14.25644550001345,16.74355449998655,7.256445500013451,10.74355449998655,5-8,0.563389595255144,0.4494346912308389,0.6773444992794494,0.5595065703666715,0.4494346912308389,0.6390029275203285,0.8004725672132529,0.868728636429129,111.64601267453844,106.29825758719127,111.03198028165426,106.02020033909714,108.6352345178735,106.22099668127667,117.64881258735151,110.74915816912056,0.6670819344911083,5.0,0.0144643438537371,913.0,986.0,884.175,1.0326010122430516,1.1151638533095825,0.5393148409466144,0.3846153846153846,-7.386672037353873,212,146,68.8245168971879,portland
167,FIU,CUSA,11-12,108.46807872259096,164,108.62434937189704,177,0.4958610446616988,167,15.540886595579678,15.459113404420323,8.540886595579675,11.459113404420323,4-8,0.434651429526485,0.3666197189459559,0.4970138308919702,0.4374090729414101,0.3666197189459559,0.4763432176389101,0.8629192867646455,0.8235143093322904,109.18304890412152,108.36219645622164,108.48474904668888,108.47665550591869,107.4674860945393,108.5169161432251,110.21570298077344,112.2315097554558,0.4480801570508013,3.0,-0.0856712519170422,933.0,953.0,876.8000000000001,1.064096715328467,1.0869069343065692,0.4453372977593201,0.3333333333333333,-7.650138998805728,220,340,72.13663468841958,fiu
168,Cornell,Ivy,11-10,120.86141021777226,41,121.0974393229373,355,0.4943911501536676,168,14.226939980672883,12.773060019327117,7.226939980672886,6.773060019327114,4-4,0.4045772460829773,0.3835730270548676,0.4387091020036557,0.4149927356899436,0.3835730270548676,0.4441681794225142,0.8748911155448253,0.8500139183285711,107.11874858558036,108.86509740198996,107.15988492055178,108.9376569691057,120.85098251208342,121.22522021397508,143.1875849477522,119.51350528936634,0.8887811349300665,1.0,-0.0479556510113775,689.0,676.0,564.05,1.2215229146352276,1.1984753124722989,0.4514469493143259,0.5,-6.303430885548488,178,289,72.33165087988273,cornell
169,Appalachian St.,SB,17-9,104.35516489807846,246,104.61250831076734,93,0.4929193524186693,169,20.03999632579861,10.960003674201388,12.039996325798612,5.960003674201388,9-4,0.3529898640165545,0.3656006043918798,0.340379123641229,0.3550163252973789,0.3656006043918798,0.3473721237291282,0.9138802941495636,0.8923028110053769,106.16760041807464,111.14901784386308,106.3631965756409,111.42616939636346,104.94506701020734,103.20223261898332,100.66419205742658,100.54834606263482,0.5033104537938053,1.0,0.0213885041398274,891.0,802.0,824.4875000000001,1.0806713261268364,0.9727254809806092,0.3655539239576659,0.6923076923076923,-5.760441994921395,164,129,62.57930730499583,appalachian st
170,Charlotte,Amer,13-11,112.24626368936438,114,112.52431456532874,258,0.4928874787824434,170,16.45221129560225,14.54778870439775,10.45221129560225,7.547788704397747,7-4,0.4830853582392567,0.4572953035852414,0.5135645137394568,0.4900241061882712,0.4572953035852413,0.5136615747349041,0.851671964088724,0.8683361806594796,108.56331319864292,108.58591737188635,108.54820948247858,108.47655963851642,112.89910523621292,113.23053781255848,107.44611314949236,112.81553396425784,0.3633640359816166,2.0,0.0235747679084653,823.0,830.0,727.2125,1.1317187204565378,1.1413445175928632,0.5138140991563214,0.6363636363636364,-6.462125387764483,185,122,63.327281746049735,charlotte
171,UT Arlington,WAC,14-9,103.58472503031876,260,103.84849540780856,83,0.4926888644719746,171,17.624426125714304,12.375573874285692,9.624426125714308,8.375573874285692,6-5,0.4725055656236267,0.4638244278298318,0.4819758977623122,0.4701431377768678,0.4638244278298319,0.4743556110748917,0.8635710228224018,0.8413053354994431,108.05815430533646,107.06792250116294,107.4148288856905,107.06100897800836,106.1315313621628,106.86633904457544,90.01730037839181,99.99509376467104,0.2299008209774223,2.0,0.094203793176984,796.0,787.0,756.5875,1.052092454607035,1.0401969369041917,0.4623808748518026,0.5454545454545454,-4.487254762055166,126,21,64.97918041105088,ut arlington
172,Richmond,A10,13-11,110.5480673507494,131,110.85450731113932,222,0.4920421787714027,172,15.946476044062376,15.053523955937624,5.946476044062377,12.053523955937624,3-8,0.4595734539294269,0.3101491527524089,0.636165809865903,0.488430736617607,0.3101491527524089,0.617189658298028,0.8533851869405111,0.9293527842042724,108.11775044076184,109.53831260794996,108.84198868576968,109.09591701780364,111.94114270906954,115.59711204381324,108.48508455611729,113.6039070873169,0.3704679432501485,2.0,-0.0043579090185513,796.0,854.0,725.4749999999999,1.0972121713360214,1.1771597918605052,0.58736999154851,0.2727272727272727,-6.442566671917007,183,191,67.23298522032366,richmond
173,Penn,Ivy,11-10,108.396842710692,166,108.723651334248,185,0.4913459880719502,173,14.536994304641512,12.463005695358484,7.536994304641514,6.463005695358486,4-4,0.4707316508526703,0.4791103299071993,0.457116297389061,0.4612127805154812,0.4791103299071994,0.444593627508886,0.873934987003969,0.8482062559307126,108.7641069768456,108.73538556144078,108.93266699195269,109.50054609482603,107.37859361249838,108.39686092736402,107.50852707315408,115.92919817136335,0.2958353830241272,2.0,0.0082497688287996,583.0,579.0,533.3,1.0931933245827865,1.0856928558034875,0.4278967343353192,0.5,-6.102784924606153,171,164,68.62189517451766,penn
174,St. Bonaventure,A10,14-10,112.96894206110584,102,113.37484366075311,274,0.4896899936084876,174,16.71371319051076,14.28628680948924,5.713713190510761,12.28628680948924,3-8,0.4789052104000794,0.3870752814525277,0.5874314900653677,0.5109119469319716,0.3870752814525277,0.6003495386671255,0.845974522473608,0.8932775431956357,108.50897870192794,108.209394417121,109.0644743371068,107.68176542548365,114.1187324459936,117.09786719156182,110.49928338474456,114.40503668122408,0.4014409352935785,3.0,0.0643171356259983,823.0,867.0,738.025,1.1151383760712714,1.1747569526777548,0.6206493293270307,0.2727272727272727,-5.182641622519348,146,46,66.58734624097427,st bonaventure
175,Massachusetts,MAC,15-10,109.1632170011919,154,109.58304852717885,200,0.4889660181966282,175,17.953453623291807,13.046546376708196,8.953453623291805,9.046546376708196,6-6,0.3710033134190936,0.3445251538603857,0.3996879862743603,0.3965015549902322,0.3445251538603857,0.4340400669173437,0.9088746908796426,0.9335507959204216,106.16220455664416,111.12294298797228,106.93757849227995,110.8246021838386,109.7421581879022,113.12536236593223,0.0,0.0,0.0,0.0,-0.027276799189137,949.0,950.0,852.5500000000001,1.11313119465134,1.114304146384376,0.5027442282033106,0.5,-7.168366164211713,204,244,70.4951565104998,massachusetts
176,Jacksonville St.,CUSA,13-10,105.89040927917796,226,106.32560659816684,131,0.4882104832596944,176,17.45628238284737,13.54371761715263,12.45628238284737,7.543717617152631,8-4,0.3868408425967218,0.2821468799009039,0.4828103084012216,0.3975105314147237,0.2821468799009039,0.4609605397473243,0.906895984860678,0.9361872992058288,107.10759105439274,109.57183024416744,107.15163700314544,109.7467753936355,108.82085643536176,104.67498905774072,0.0,0.0,0.0,0.0,-0.0388003096823571,861.0,828.0,797.1500000000001,1.080097848585586,1.0387003700683684,0.4281858867664788,0.6666666666666666,-6.991107799499341,196,263,64.5461581671994,jacksonville st
177,Mercer,SC,15-10,111.10010638293596,125,111.84714035436764,252,0.4807428136809503,177,19.337628421712346,11.662371578287656,11.337628421712342,6.662371578287659,7-5,0.3675342588388457,0.4467698248908703,0.2816957289491524,0.3508697944981223,0.4467698248908703,0.2816086614366933,0.8823057638114391,0.79280148066446,108.6978060222633,112.1372028356621,107.84444412587062,112.59786618664644,112.09723252540898,114.47486689297216,103.95007920706712,98.1127573071137,0.6602982957135339,3.0,-0.0045736853599472,1011.0,932.0,839.2375,1.2046649488374863,1.1105318816187313,0.2814345264117749,0.5833333333333334,-5.66295894567135,161,193,69.7449661158842,mercer
178,Kennesaw St.,CUSA,14-9,108.07187272882614,173,108.91848711778854,188,0.4775806019573579,178,18.34365599619516,12.656344003804843,10.343655996195157,9.656344003804843,6-6,0.3937883207841618,0.2868892174837825,0.491779165476176,0.4083630446855598,0.2868892174837825,0.4751736496465373,0.8935280238287606,0.9048324396704608,107.68477224544316,109.36561079787128,107.66434471494208,109.46013420707938,107.6920846605788,108.58279342604624,102.50516107835156,103.38416133856276,0.4754711662459591,1.0,0.0228505693045458,909.0,903.0,842.8249999999999,1.0785157061074364,1.071396790555572,0.4502653759020792,0.5,-5.505444555405877,158,124,71.97317603840848,kennesaw st
179,Marshall,SB,15-9,109.90623152705956,141,110.859371306892,223,0.4751950096433726,179,19.18336521150175,11.816634788498249,11.183365211501751,6.81663478849825,7-4,0.4145102289739499,0.4546422832751245,0.3670814375271071,0.4029922457668278,0.4546422832751245,0.3656894408997246,0.8957544225234461,0.8588838261782327,107.55310410412086,110.09568599328824,106.91343607506496,110.15627987134673,111.06276324880125,110.63580986733668,114.43979608420868,121.491172498271,0.3345635545708147,1.0,0.0539978580271993,868.0,803.0,760.6249999999999,1.141166803615448,1.055710764174199,0.3635020176281235,0.6363636363636364,-5.32115914357578,150,61,68.9864060384783,marshall
180,New Mexico St.,CUSA,11-12,110.42377610058128,133,111.5918602928828,242,0.4697842817361948,180,14.481825460493514,15.518174539506486,7.481825460493512,12.518174539506486,4-9,0.4152851550415545,0.3564326489574642,0.4605563135677781,0.4309311742798647,0.3564326489574642,0.468180436941065,0.8958258320674558,0.9032656700813012,107.59004306938144,108.28667145311356,107.49254808616924,108.206891054468,111.30234560974633,113.55340773751084,0.0,0.0,0.0,0.0,-0.0821536892210398,976.0,988.0,879.6499999999999,1.1095322003069403,1.1231739896549766,0.4823395232057407,0.3076923076923077,-8.624148722435951,241,334,66.17602927629596,new mexico st
181,Navy,Pat,20-6,103.71112254202043,258,105.02925789392675,104,0.4637536192420183,181,23.450251553543676,7.549748446456324,15.450251553543676,2.549748446456324,12-1,0.2521125830522692,0.2979141523835904,0.2063110137209479,0.2547346067941868,0.2979141523835905,0.2235493794240619,0.9332925704789656,0.8926577201436484,102.96708358511876,114.11555961671164,103.17447987918818,114.17451487157253,105.1506636128575,103.93288273853696,93.76934396526364,91.556039355191,0.5682457781733132,1.0,0.0496979629255929,969.0,812.0,847.425,1.1434640233648996,0.9581968905802872,0.2683691302521582,0.9230769230769232,-3.546170288352536,99,66,65.43863142704164,navy
182,Youngstown St.,Horz,12-13,107.88069435558734,180,109.26387998948022,197,0.463438051400015,182,15.16587089680294,15.83412910319706,8.165870896802943,11.83412910319706,5-9,0.3576371388834267,0.3141242564445233,0.3918258322282794,0.3680565750303784,0.3141242564445233,0.3977193502525987,0.907639580992811,0.8925794257343097,108.40659621738016,112.65043238404196,108.77371213320994,112.91712758243784,108.46696270161488,110.60551731361102,140.38219196623967,111.20821457017928,0.9357814915728222,1.0,-0.1332969006292755,1077.0,1054.0,953.2125,1.1298634879420906,1.105734555516215,0.4114708923093438,0.3571428571428571,-9.78332514030638,265,363,66.79545701096315,youngstown st
183,Texas A&M Corpus Chris,Slnd,13-12,101.81212740308904,291,103.4080316453148,76,0.4554027868000303,183,16.364053682670743,14.635946317329257,12.364053682670743,9.635946317329257,9-7,0.417399112309214,0.4429538347842816,0.4030245809169887,0.4184537782011472,0.4429538347842816,0.4084310277807741,0.8544856677872682,0.7443774247898666,109.29727759701906,108.55647858646192,108.3431570846371,108.47804529562474,102.70983345088489,102.7225463102396,86.7656589096324,87.80563855631063,0.465798413543536,2.0,-0.0196173781757839,1112.0,1078.0,1065.4875,1.043653726580556,1.0117434507678411,0.4228482194175353,0.5625,-7.033579733083955,198,224,66.16146979411656,texas am corpus chris
184,Fordham,A10,12-12,102.76714187777662,272,104.44151933796188,90,0.4536686338286383,184,14.73394664440396,16.26605335559604,5.733946644403964,12.26605335559604,3-8,0.3706471612058764,0.1563709463190933,0.6238826878902564,0.4149658751774484,0.1563709463190934,0.6017288793529268,0.8727426429494831,0.9776151045104238,107.43346414799116,111.04336770314278,107.77885733871368,109.80896614451756,103.55076232193052,104.34128489605943,105.13890761550338,109.21522266385864,0.3923517136108064,1.0,-0.1164663874097088,721.0,766.0,706.9375,1.0198921403943064,1.083546989656087,0.5669157516514087,0.2727272727272727,-8.42508173358561,234,359,63.66753329171003,fordham
185,Utah Tech,WAC,14-11,108.89986506353468,161,110.76869535061404,218,0.4512361907697538,185,17.154960121295893,14.845039878704103,10.154960121295897,7.845039878704103,7-4,0.4422657545029759,0.4254606142205657,0.4636541148624074,0.4574870288074231,0.4254606142205658,0.4823964623749792,0.8400583943363736,0.7894364871822986,107.26802571912036,106.681285100061,106.96380728581671,106.4264399052788,111.21618468934192,110.08889952375802,114.39109485647968,107.68186384871848,0.667096860207168,2.0,0.0414838327472849,828.0,810.0,763.2249999999999,1.0848701234891416,1.0612859903698124,0.5118487227518773,0.6363636363636364,-5.504332326342045,157,85,66.42408594677347,utah tech
186,Oregon St.,WCC,13-13,107.9217213844533,179,109.78979194868636,202,0.4508205177672199,186,14.93190715942622,16.06809284057378,7.93190715942622,10.06809284057378,6-7,0.5726316040068329,0.4816225702524992,0.6636406377611669,0.5736823789203922,0.4816225702524992,0.6401700185138706,0.8159514868409226,0.8862680306144652,109.60933183468374,106.04993018270254,109.54449122138722,105.86076746516576,107.10769055484904,111.58982336822616,109.90819942049022,123.36274159086366,0.209480085134851,3.0,0.0913619718290444,874.0,988.0,859.2,1.0172253258845436,1.1499068901303535,0.5791464084709002,0.4615384615384615,-6.978306795647283,195,23,65.0094058559789,oregon st
187,Tarleton St.,WAC,12-12,103.97379512105452,252,105.8065038359204,118,0.449933206899779,187,15.67311384045684,15.32688615954316,6.673113840456839,11.32688615954316,3-8,0.4389283403249294,0.3825719920934682,0.5055312973257468,0.4404508021698393,0.3825719920934682,0.4822521650027737,0.8540930667044542,0.819604856326915,107.68667020846468,106.46351141257055,107.01277667679622,106.64677805857178,102.1967142178466,106.26945626478906,106.33490320555804,113.12883773560505,0.3291044889765505,4.0,-0.0260539767643733,786.0,829.0,786.7375,0.9990625844071244,1.0537186799917382,0.4456706713523877,0.2727272727272727,-7.183236847559776,206,241,70.24589625408683,tarleton st
188,Drexel,CAA,13-12,102.7491701280754,273,104.74537877591904,99,0.4449048403223971,188,16.150898314096008,14.84910168590399,10.15089831409601,7.849101685903991,7-5,0.372896864830239,0.3276129226017674,0.421954468911083,0.3832044038604323,0.3276129226017674,0.4233538069916902,0.9123054645510748,0.9216270227390684,105.1758316254678,110.24241344201003,105.52121945163948,110.13011330686216,101.42988681544664,99.62063743965676,0.0,0.0,0.0,0.0,-0.0636201365235938,778.0,759.0,760.1875,1.0234317191482365,0.9984378853901176,0.4261524831529047,0.5833333333333334,-8.936418603004867,247,319,63.72114978540374,drexel
189,Western Kentucky,CUSA,13-11,104.17345658435369,248,106.27832187830832,129,0.4427408825980849,189,16.263582317825545,14.736417682174457,9.263582317825543,10.736417682174457,6-7,0.4596328518658232,0.4161747708789644,0.4964050742393192,0.4634576348150123,0.4161747708789644,0.4894632099798389,0.8708807032461537,0.8512776307625095,109.53146283202491,109.22758468034766,109.33066494991743,109.30098160739443,102.3918309113626,107.02089717080348,107.09601380169254,91.46394345822829,0.859902526025953,1.0,0.0389155104150857,926.0,941.0,892.3875000000002,1.037665812217226,1.054474653667829,0.4765711763550894,0.4615384615384615,-6.737916641657047,190,87,69.07180155715717,western kentucky
190,Furman,SC,16-9,105.66711085606198,231,107.90682552523998,161,0.4399891597473457,190,19.58418465364909,11.415815346350913,10.584184653649087,7.415815346350914,7-5,0.3207628763401641,0.3736364714823162,0.2634831482694993,0.3227734922351409,0.3736364714823162,0.2860391183344032,0.9289626197408892,0.9062383587782794,107.1928925841232,113.6334319216619,107.0538611700204,113.94041412573524,104.5074171769743,107.42210288763084,0.0,0.0,0.0,0.0,-0.0028777991818463,897.0,842.0,806.5875,1.1120926123948116,1.0439041021587865,0.3311510584642111,0.5833333333333334,-6.447049138972399,184,188,66.12475512137627,furman
191,Cal St. Fullerton,BW,12-13,105.52989698428036,235,107.8000978459802,157,0.4391114176521326,191,15.051676382041318,16.948323617958682,10.051676382041318,9.948323617958682,7-6,0.4851495419173091,0.523884899547496,0.4493938271817521,0.4890723920476968,0.523884899547496,0.4681848875478173,0.8515107933001486,0.7986385826392958,109.84597506097872,108.5114425168032,108.99795169361806,107.99075443383656,103.65728972196598,105.1136908348404,93.50144158216986,115.31554515331202,0.082300186950255,2.0,0.0136601283501775,1017.0,998.0,967.9625,1.0506605369526196,1.0310316773635344,0.5030825710847955,0.5384615384615384,-7.749874885649328,222,148,73.40048403635141,cal st fullerton
192,Siena,MAAC,17-8,107.7930286954132,183,110.13899365221002,206,0.4384150888025265,192,20.384213073774347,10.61578692622565,13.384213073774347,6.615786926225651,10-4,0.2876981128294883,0.3406211575544086,0.2461157205456223,0.3048376830248342,0.3406211575544086,0.2851567720335684,0.9247048117996912,0.8852355650575704,102.77932578697173,112.3237505759333,102.89412858215896,111.82186458705132,111.52426565908728,111.63800789799367,92.59292677352444,103.95795789627203,0.2089280743567812,1.0,0.0223065574608165,1041.0,915.0,888.85,1.1711762389604543,1.0294200371266242,0.3762525588387759,0.7142857142857143,-5.527252147893742,159,125,64.66174951014162,siena
193,Charleston,CAA,16-9,106.48603907643331,211,108.83326308943744,186,0.4376423637237437,193,18.87690336221052,12.123096637789484,11.876903362210518,6.123096637789484,9-3,0.4293805804879589,0.4485287401350689,0.4086367408702566,0.4315542173105692,0.4485287401350689,0.4192948397150975,0.8931658424968751,0.8704644664049078,108.69031595753628,111.26050060427146,108.43208083206716,110.95236650705247,106.18665705369096,107.44400841638934,0.0,0.0,0.0,0.0,0.1101688359733763,941.0,905.0,856.6625,1.0984489224169378,1.056425371718734,0.4406110374047792,0.75,-5.180092124352392,145,12,68.06571107317389,charleston
194,Northern Kentucky,Horz,15-11,107.2709474182014,192,109.85923895211988,203,0.4318803293871285,194,17.59588989333064,13.404110106669362,9.595889893330638,10.404110106669362,7-8,0.3558166687578863,0.2949495661601964,0.400452543996192,0.3632452805887918,0.2949495661601964,0.4008079235245192,0.9066668299267842,0.8917632536127761,109.75842444021328,113.55944136932436,109.626212790199,113.48444121843214,108.21164704412108,110.07071719708098,99.45870278753604,114.9175743118298,0.1595694486318693,1.0,-0.0182116527484949,1224.0,1182.0,1078.1125,1.135317510927663,1.0963605375134784,0.4018740621095009,0.4666666666666667,-7.64287033017848,218,222,69.46658991046083,northern kentucky
195,Tulane,Amer,13-10,107.2001272189682,195,109.7877745491446,201,0.4318529687623673,195,15.69153574768983,15.30846425231017,6.69153574768983,11.30846425231017,4-6,0.4595479811243975,0.3960798671726714,0.5420565292616414,0.4986475135086328,0.3960798671726714,0.5727241469734937,0.8663571728370754,0.9030341432470136,106.74981949862844,107.41104742138658,107.97360607282376,107.21630304785026,106.5565790355586,107.27544497105237,123.60892152591416,118.71826838168796,0.6140218113024064,1.0,0.0568451236124367,731.0,741.0,697.9625,1.047334204917886,1.0616616222218245,0.6110586691133094,0.4,-6.240332920911027,176,58,66.81885446696177,tulane
196,Green Bay,Horz,14-12,112.38099241353868,110,115.16041930267306,302,0.430218474705401,196,16.554075917967726,14.445924082032276,11.554075917967724,8.445924082032276,9-6,0.4443071553406592,0.5072025442553619,0.398183870136544,0.4386658404347444,0.5072025442553619,0.4009706533334047,0.8731814736773762,0.7974923938533384,110.83152233220652,111.1100585832652,110.4342822924997,111.28805224777908,112.68101568469534,114.6756193163354,100.93491803048882,106.16496052917353,0.3587119345564842,2.0,0.0428068406462274,1150.0,1143.0,990.125,1.161469511425325,1.1543996970079535,0.4093310029239869,0.6,-7.347457252676222,210,82,63.13596474868966,green bay
197,Campbell,CAA,12-13,110.36752069696384,135,113.15032233737878,272,0.4288939438029077,197,15.227057187411145,15.772942812588855,9.227057187411145,8.772942812588857,6-6,0.47566732935577,0.5171382493313177,0.4307404993822601,0.4642194976462978,0.5171382493313177,0.4260003992071167,0.8405331199920602,0.7535889409415883,109.5849149013124,108.12070487164624,108.70015138607025,108.26960649234692,114.30294349157089,113.83534880461958,101.2213873782452,109.7519617152814,0.2828237284735945,4.0,0.0146583401158947,969.0,949.0,841.9749999999999,1.1508655245108228,1.1271118501143147,0.4165201988568297,0.5,-7.215119455136799,207,145,70.41788205751253,campbell
198,Robert Morris,Horz,16-10,108.96172562126976,160,111.83312606112126,250,0.425770652208531,198,18.73898575378131,12.261014246218686,10.738985753781314,9.261014246218686,8-7,0.3804346503359005,0.3523397778495311,0.401037556825905,0.3839955575903138,0.3523397778495312,0.4014062364477443,0.9020573477537488,0.8791273016080728,108.34629919480214,111.83088963004067,108.82922116891758,112.45770957565212,108.79756344640828,113.226663667302,113.96356621411807,127.0328549064683,0.222956451341711,1.0,0.0603687710681627,1170.0,1165.0,1035.35,1.130052639204134,1.1252233544212102,0.4025122753132624,0.5333333333333333,-6.466012282861096,186,51,64.9989233771474,robert morris
199,Indiana St.,MVC,10-15,106.38448900993772,212,109.24799020622858,196,0.4242263423026883,199,11.853053690509952,19.14694630949004,4.853053690509954,15.146946309490048,3-11,0.433616869434992,0.2930354398182801,0.54407370699098,0.4724977394012934,0.2930354398182803,0.5712020041719507,0.8534146695669382,0.8800689139939929,106.71739737949083,107.55293734094408,107.31965732542729,106.85194533923368,108.9515681642611,111.01598590184136,103.47390779722858,107.08676315980722,0.4025914881177796,1.0,-0.1079886016142769,1052.0,1114.0,999.4249999999998,1.0526052480176102,1.1146409185281538,0.6345013642608823,0.2142857142857142,-10.454156487878423,281,356,68.7443736725129,indiana st
200,South Alabama,SB,17-7,104.03306773547772,249,106.85851513812295,139,0.4235629659831558,200,20.814833641837023,10.185166358162974,10.814833641837026,7.185166358162974,7-4,0.3351289081952731,0.3170016714594897,0.3565520061557443,0.3483994520975899,0.3170016714594897,0.3710756270028843,0.921578454547492,0.9249920945397934,105.02544189800368,111.61584840954556,105.12608398645293,111.36509772889173,102.52623966263452,107.11793895280675,0.0,0.0,0.0,0.0,0.1091479505692212,776.0,756.0,733.8625,1.0574187943926827,1.030165732681531,0.3938984597626759,0.6363636363636364,-4.341878968126926,121,15,64.65416708499363,south alabama
201,New Orleans,Slnd,11-14,110.65144121833724,130,113.76181453423204,282,0.4209679840229485,201,13.728377267619994,17.271622732380003,11.728377267619994,10.271622732380006,9-7,0.5181587586260923,0.7395140233123979,0.3936464222400453,0.5067268216971021,0.7395140233123982,0.4114956937635719,0.8104783721848342,0.5953003547628173,108.19700016463464,106.23169579198958,108.05990611780298,106.78039625679747,111.67166200587025,115.44625420907012,100.06902793815811,102.216037382236,0.4392697809541246,4.0,0.0276802554554284,1261.0,1259.0,1132.475,1.113490364025696,1.1117243206251792,0.4590937511596429,0.5625,-7.55691109774167,215,114,69.95765627411699,new orleans
202,Stony Brook,CAA,15-10,104.90954885982038,239,107.87189898128253,158,0.4206203234559577,202,18.032580901234848,12.967419098765149,10.032580901234851,7.967419098765151,7-5,0.3860231978680919,0.362948092523001,0.4110212286586072,0.3933487522616075,0.3629480925230011,0.4153047842950454,0.9043514714084588,0.8979623189929471,106.47234639629984,110.1708230879613,105.89627850408944,109.4329786178638,106.79615554940276,108.0409682208426,0.0,0.0,0.0,0.0,0.0474309723444741,885.0,874.0,808.2249999999999,1.0949921123449535,1.0813820408920785,0.4238718955679222,0.5833333333333334,-6.633963531342966,188,71,65.22138444449504,stony brook
203,South Dakota St.,Sum,11-14,107.53173069984808,189,110.59516025412124,216,0.4199352769604847,203,14.635268528395889,16.364731471604113,7.635268528395886,8.364731471604113,4-6,0.4087479186799554,0.4381032892520541,0.3647148628218072,0.3892307884430425,0.4381032892520541,0.3434128189345941,0.879988716509053,0.8312962120802235,108.02743493379762,109.147712753703,107.66462939858812,110.36308721818754,107.43882250756448,111.9108901955958,113.10482400975852,107.71463735830058,0.6368087545420611,1.0,-0.0965696852190172,777.0,747.0,684.4125000000001,1.135280258615966,1.091447043997589,0.3079094124559058,0.4,-9.583870094555651,260,348,67.64021704244425,south dakota st
204,Columbia,Ivy,14-8,108.10291059275347,172,111.23906791872122,234,0.4185138885256644,204,16.820884993240398,11.179115006759597,5.8208849932404005,8.179115006759599,3-5,0.3724740298454504,0.3247772452140391,0.4559434029504203,0.3897764823631252,0.3247772452140393,0.4547757195122113,0.8844941228922841,0.8747298811313471,108.51423697231508,111.84766194820254,108.2345399459296,111.2314703942602,107.06650079314682,117.64631547302046,99.88721239452543,109.23339740310944,0.2633518164379419,2.0,0.0699614511228753,598.0,659.0,546.5250000000001,1.0941859933214395,1.2058002836100816,0.453218808261266,0.375,-4.602710145181221,129,39,66.95600669689242,columbia
205,Quinnipiac,MAAC,17-9,103.86663352225727,256,106.9190099358746,140,0.417490151165793,205,20.12530649105656,10.87469350894344,13.12530649105656,6.874693508943441,10-5,0.3446600319088435,0.441996129203662,0.2732802272259765,0.3376387385316714,0.441996129203662,0.2802421736620765,0.8985380296671941,0.8135143180661175,104.66919625519216,111.37859815082165,104.44815414795184,111.49808751151063,102.79010149984236,107.0968625647036,114.27125260051928,112.57837904289951,0.5428053405054482,2.0,0.0597579130452374,1128.0,1053.0,1047.0,1.0773638968481376,1.005730659025788,0.3011280129703761,0.6666666666666666,-5.198445004026895,147,54,70.140254177754,quinnipiac
206,San Diego,WCC,10-16,107.8297517398403,181,111.14624339341466,231,0.4137772226665924,206,12.085977842844263,18.91402215715574,6.085977842844264,11.914022157155737,4-9,0.5229195530254178,0.3916977196907913,0.6541413863600442,0.5217170695512385,0.3916977196907913,0.6156199333393393,0.8218552170082611,0.8843441888922292,109.80899980841038,106.2181343674467,109.44197653159635,106.36569935839243,108.99217682836516,109.30509039044216,105.16863458160128,111.72621870277852,0.3327901685667273,5.0,-0.0393796887174757,970.0,1053.0,932.5875,1.0401168791132198,1.1291165708311552,0.5154641554855065,0.3076923076923077,-9.520489123924104,257,265,69.28182421083372,san diego
207,Eastern Washington,BSky,7-17,110.19694799280026,138,113.58693259017316,277,0.413760382980302,207,10.9636812636295,20.0363187363705,8.963681263629502,9.0363187363705,5-6,0.5342860814440021,0.5788866433217167,0.4815763264976123,0.5003917867535904,0.5788866433217167,0.4437010570099438,0.8445148707355629,0.7652172280342693,109.98848405045018,107.41328091191968,109.4087983191014,108.62117923710392,110.26970792366863,110.47815799507607,116.62797518519828,110.6773056163749,0.6461729885263513,2.0,-0.0849032325391689,822.0,817.0,740.25,1.110435663627153,1.1036811887875717,0.3841827763864646,0.4545454545454545,-11.217387586874525,299,338,67.95780616739081,eastern washington
208,Queens,ASun,14-11,113.75807093444296,90,117.41208888407088,325,0.4100926331510352,208,17.525948880963803,13.4740511190362,12.5259488809638,5.4740511190362,9-3,0.3839153127169424,0.5215505675696717,0.2348104532931524,0.374765959694263,0.5215505675696717,0.268754854006468,0.8506315111732767,0.7087927629872818,109.32089900147864,113.70505207222772,108.6062941982068,113.59107733351335,113.1392365689066,113.7709312192445,110.36414803096568,121.6304077170066,0.2464160296409527,4.0,0.0064668633050307,1029.0,923.0,831.325,1.2377830571677744,1.1102757645926682,0.336643655433099,0.75,-5.807881187413599,167,166,68.8333091451616,queens
209,Colgate,Pat,15-10,107.73335262751328,184,111.25973955745096,235,0.4084456183861878,209,18.855407030633916,12.14459296936609,12.85540703063391,5.144592969366091,9-3,0.3466424651761026,0.4775444125696694,0.2048320221664054,0.3335571010438182,0.4775444125696693,0.2295662649418146,0.8731716702175076,0.7520633772047147,107.3537084781966,111.24657985990066,106.50887280127388,111.70769692710816,106.53882584638568,112.82172388402658,115.84458308305584,106.1688114901463,0.7316518706918878,3.0,0.009885894950835,931.0,856.0,818.0,1.1381418092909537,1.0464547677261613,0.2790347504926331,0.75,-5.6972745103450455,162,160,66.82617126995808,colgate
210,Lamar,Slnd,12-13,106.50805517928087,210,109.99449909436284,204,0.408441473253442,210,14.96816641097198,16.03183358902802,9.96816641097198,12.03183358902802,7-9,0.4077348402503765,0.3918086078545439,0.4166933459730323,0.4065719753809824,0.3918086078545439,0.4126115348236164,0.8811998422762027,0.8397527391039952,106.25837595467128,108.56354077708431,106.38787968745076,109.07225220180696,106.94631358204856,110.36513090174682,112.73115825351964,110.90471086788205,0.5468240282250801,2.0,-0.0496295605417932,1122.0,1102.0,1033.8625,1.0852506982311478,1.0659057659988636,0.4017267050918405,0.4375,-8.821953014638554,245,292,64.9438085375766,lamar
211,Weber St.,BSky,12-13,109.56038211848988,147,113.36369189221416,273,0.4031297454696366,211,14.260144062408669,16.739855937591333,8.260144062408665,9.739855937591336,6-6,0.411201310405761,0.4100365032538426,0.4124631848203393,0.4302558955185886,0.4100365032538426,0.4448587899320164,0.8776489414430914,0.84472428848903,107.80194021441044,110.21449697563624,107.94107685967435,109.79232507637052,110.1733215827318,114.72050376891389,113.72109778313056,101.05794287580464,0.7953744527324205,1.0,-0.0458556196405101,967.0,964.0,849.1625000000001,1.1387690813006932,1.1352361885975886,0.5096500001553707,0.5,-8.865897302594634,246,285,68.89632768290086,weber st
212,Lipscomb,ASun,15-10,107.58427948003536,188,111.34376729857274,236,0.4025140778720856,212,18.69666694612718,12.303333053872826,11.696666946127174,6.303333053872825,8-4,0.3800001525315905,0.4615177590538497,0.2916894121324764,0.3593143631981424,0.4615177590538494,0.2855007995245762,0.8688104332024009,0.7610086939830196,108.44758315625528,111.53902762534436,108.4202280406343,113.04741232722849,108.25993411939844,114.67175901222292,104.30942652626833,111.71507318893232,0.312429851190064,3.0,0.0493148394305081,972.0,930.0,840.775,1.1560762391840862,1.1061223276144034,0.2731235743087758,0.6666666666666666,-5.361055838824587,151,67,69.85279486460884,lipscomb
213,Buffalo,MAC,14-10,112.30113947749292,111,116.28559551429944,313,0.4010841971327571,213,17.47521177659889,13.524788223401112,7.475211776598888,10.524788223401112,4-7,0.3650329659546472,0.275652204340464,0.4706647751350455,0.3768127665607689,0.275652204340464,0.4498731726087668,0.9058984012119888,0.9403057032499385,106.30530571723637,110.85695751901712,106.40952697324566,110.67192932651122,114.2238220758236,115.98360595588518,0.0,0.0,0.0,0.0,0.0220483188449012,890.0,889.0,768.6499999999999,1.1578741950172382,1.1565732127756458,0.4172006543531857,0.3636363636363636,-7.07142927994658,200,126,66.62472677520269,buffalo
214,La Salle,A10,7-17,104.03107945552964,250,107.76637785105488,154,0.3999498100430431,214,9.09489349746698,21.90510650253302,5.094893497466979,12.905106502533023,3-8,0.5684446528611636,0.5241734644344025,0.6207651482746085,0.5839152562332465,0.5241734644344025,0.6270621058657446,0.794304656561271,0.7991285812986801,111.18374773233305,106.33706231523593,111.11183719845512,106.06849814840425,105.40787161402744,107.39371200832778,101.36949241908086,106.4279350050278,0.3635467808154555,4.0,-0.061829136993972,714.0,809.0,718.4875,0.9937542406792046,1.1259764435706954,0.63695732493753,0.2727272727272727,-10.50102694214633,282,317,64.7895795522516,la salle
215,Drake,MVC,12-14,109.4619340304464,149,113.4203209764201,275,0.3992663886807585,215,13.600194352825014,17.399805647174986,7.600194352825015,12.399805647174986,6-9,0.4667314258267817,0.3396790591862288,0.5599031613631872,0.4906268225062467,0.3396790591862288,0.5736480923322567,0.8688482472059333,0.9249491270139516,108.42335538720572,108.65927173221992,107.81182451128323,107.24907094072506,108.46000058914018,113.6801867473613,0.0,0.0,0.0,0.0,-0.0042735179270303,1127.0,1196.0,1049.7499999999998,1.073588949749941,1.139318885448917,0.6148828852394649,0.4,-9.479346502634804,256,190,66.99952053263783,drake
216,Elon,CAA,13-12,112.92380102646726,103,117.00831627564556,322,0.399244241537542,216,15.464243342822394,15.535756657177606,7.464243342822394,10.535756657177608,5-7,0.3837355568260628,0.3809340650215717,0.3867705062809285,0.4015021049808065,0.3809340650215717,0.4163568005069205,0.8944111203833066,0.8745601282531114,106.90288728245606,110.57977803317829,106.91632935139428,110.084992044899,109.27670623754317,118.68829138161676,120.93941602356726,112.73172296171128,0.6917272799066506,2.0,-0.0227017687841913,935.0,961.0,835.9250000000002,1.1185213984508178,1.149624667284744,0.4755293889589048,0.4166666666666667,-8.492873105097356,237,231,67.19415498616284,elon
217,LIU,NEC,16-8,104.59825802356418,242,108.40527397115834,169,0.3986428310748381,217,21.344614940272155,9.655385059727838,15.344614940272162,2.655385059727838,10-1,0.3666589706547808,0.5313072008704556,0.1720746985817105,0.3194016668833969,0.5313072008704558,0.1663587812260764,0.8919466895245772,0.7772594484484808,105.11102894867628,110.43529677638382,104.04781637009133,111.92386181222182,101.33131517970682,106.53450486687048,104.65443441420229,104.79135763208276,0.4962410618300562,2.0,0.1179981431041634,778.0,688.0,721.4875,1.0783277603562087,0.9535854744538196,0.1573766253815087,0.9090909090909092,-3.956049670667635,110,8,68.03777402356185,liu
218,Eastern Michigan,MAC,9-15,102.38569264938248,281,106.29583167732596,130,0.3938852920846427,218,12.212672746057002,18.787327253942998,6.212672746057002,11.787327253942998,3-8,0.4779925789491879,0.5017586952195544,0.4499053506296637,0.4729158290664527,0.5017586952195545,0.4520848701781013,0.8471250431534507,0.7903645655746058,109.15150859656184,108.60341917281951,109.29854551328758,109.39673910509816,102.71399030775656,107.7534501169459,104.9179596085718,101.5590882168168,0.5924701184448301,3.0,-0.0601008919517024,782.0,822.0,761.5,1.026920551543007,1.0794484569927774,0.455509829468503,0.2727272727272727,-9.757320823222742,264,313,65.92161763040393,eastern michigan
219,Towson,CAA,13-12,101.04690736947975,301,104.91556054948288,102,0.3936329704509956,219,15.872184550602483,15.127815449397517,7.872184550602483,10.127815449397517,5-7,0.4404624525999491,0.4555103335170755,0.4241605816063954,0.4361321168245361,0.4555103335170755,0.4221367381021464,0.8559690699439326,0.781341645831765,109.85652934653145,109.61093141299106,109.13161747791573,109.61156796262584,100.65955921530092,105.79706499815616,94.2191024967206,101.45616330045844,0.2992137973001208,3.0,0.0338181061561533,803.0,817.0,782.075,1.0267557459322951,1.0446568423744524,0.4180890510936486,0.4166666666666667,-7.015072266689898,197,97,63.57437647562823,towson
220,Wofford,SC,17-8,109.58109175012372,146,113.81056155734824,284,0.3928112234493126,220,20.725517997033236,10.27448200296676,12.72551799703324,5.274482002966763,9-3,0.3199930615132809,0.3448361127907314,0.2930797559627093,0.3136782761572058,0.3448361127907318,0.2911753941441037,0.9144808620856326,0.8739491274433684,107.58814748666448,114.64937584046078,106.92247236749876,114.80493504740691,113.97240242963898,116.1994069443264,95.28152721196912,109.87298122440596,0.1626524049947579,1.0,0.0788644359756416,988.0,929.0,819.2125000000001,1.2060362848467276,1.134015899415597,0.2873666705068924,0.75,-4.914168543181425,140,33,67.5690962336484,wofford
221,Bethune Cookman,SWAC,13-11,103.44794771948123,263,107.56610747601589,150,0.3896161420163901,221,17.578560407930222,13.421439592069776,14.578560407930224,3.421439592069775,10-1,0.4274065880655206,0.6335926110159096,0.1837321973059698,0.3826101600791537,0.6335926110159096,0.2013450566248301,0.8230313934385377,0.622787246244837,107.62808457867902,109.11768120942038,106.06189691471212,109.98229872063364,102.43677406962742,103.7045534659122,101.82369512975414,113.19187784747952,0.2284334333788877,6.0,0.0323720713013769,877.0,752.0,800.8874999999999,1.095035195330181,0.9389583430881366,0.2290224069830393,0.9090909090909092,-4.806915567040461,133,104,68.42988128031143,bethune cookman
222,Rice,Amer,10-14,109.20411660507445,153,113.6134168978173,279,0.3881244867898345,222,13.074342941078442,17.925657058921562,7.07434294107844,10.925657058921557,4-7,0.4646581041192277,0.3960069051838066,0.5457913392247253,0.4669953396324825,0.3960069051838064,0.5182647645120819,0.8610421993679392,0.8677618414345434,108.50586934202256,107.67940938872977,108.05454660383042,107.92482686028438,111.7202931368968,114.79507725555018,99.60836157273845,116.5880941888912,0.140624583857472,2.0,-0.0430092707635885,796.0,851.0,726.7624999999998,1.0952683992363397,1.170946492148398,0.4750087185350706,0.3636363636363636,-9.381278144881923,254,272,65.2284959175942,rice
223,Ohio,MAC,13-12,106.78593081453928,202,111.20388904520132,233,0.3855159363116778,223,15.562860764316996,15.437139235683004,9.562860764316996,8.437139235683004,7-5,0.4341701269956525,0.4515215272717793,0.4153727766965147,0.4435051725687628,0.4515215272717793,0.4377155830610284,0.8684834165136518,0.8310339082022227,108.45398886605224,109.10641549130912,108.57120096383493,109.229832194627,105.2803620050634,110.1688696562479,110.78628747393688,114.78337023673652,0.3994873791394629,2.0,0.0341418857766844,927.0,928.0,854.0625,1.0854006586169045,1.0865715331137944,0.4824011957900559,0.5833333333333334,-7.694687717109681,221,96,69.15431672860204,ohio
224,Monmouth,CAA,12-12,102.49179687333296,279,106.79418515048644,136,0.3839328709680111,224,15.163263183630358,15.836736816369642,9.16326318363036,8.83673681636964,6-5,0.4049695572436689,0.3863151832271517,0.4270156356268257,0.4106924327393544,0.3863151832271517,0.4282982240537231,0.895773036235075,0.8823093114390438,106.23514626179444,109.38723115739346,106.40323363379028,109.46605959301796,100.255841197972,103.7157786431268,107.383201427147,102.07393938057596,0.6417855968130516,2.0,-0.0002102147326252,771.0,761.0,750.7249999999999,1.0270072263478638,1.0136867694561924,0.4303137201531331,0.5454545454545454,-8.440381118727739,236,181,66.21597831007715,monmouth
225,Princeton,Ivy,8-15,104.48797180612672,243,109.39504820951036,198,0.3710354865651423,225,10.901299196468338,18.09870080353166,6.901299196468338,7.098700803531662,4-4,0.4591392855598807,0.4445054374896189,0.486577750691622,0.4526753094444541,0.4445054374896189,0.461428743681778,0.8700743462390474,0.8493553270557023,109.11145621113606,109.47962910720308,109.19354424638752,110.03065455696888,109.63165742323068,111.04582877031332,98.17514911185742,105.79511239632222,0.2974148103840104,2.0,-0.0791694748268332,570.0,563.0,506.05,1.1263709119652208,1.1125382867305602,0.4278967343353192,0.5,-10.724928044550843,286,332,64.0813815654372,princeton
226,Denver,Sum,12-14,115.1081816206444,76,120.74331951014496,350,0.3659485027758064,226,14.735922139336084,16.264077860663917,7.7359221393360835,8.264077860663917,5-6,0.4308107136120063,0.4882096702705981,0.352539409077563,0.4168926761089688,0.4882096702705981,0.3500329940824414,0.853248046731475,0.7781297760992842,109.37451564000844,109.60031046209882,108.7829297998321,110.1428516530257,115.34975416256074,119.13163519351102,111.9130363869148,108.13989229210458,0.5973435858314639,3.0,-0.0115577448553408,914.0,892.0,766.3874999999998,1.192608177977851,1.163902073037465,0.344518881093174,0.4545454545454545,-8.515356771329571,238,207,68.42187330072012,denver
227,Dartmouth,Ivy,10-11,105.65773617137089,232,110.87996483709816,224,0.3647520928121717,227,12.474722319779165,14.525277680220835,6.474722319779162,7.525277680220837,4-4,0.3988811056235045,0.3589570983701592,0.4637576174101907,0.4125478352279551,0.3589570983701592,0.4623106623101944,0.8763291944173814,0.8594232075693812,108.06661464068463,109.81235629181772,108.46964714973664,110.17992183777132,107.59590228621764,110.65625575276992,111.18330720598937,111.57388963270851,0.4899193069625441,1.0,-0.0245547889166788,595.0,615.0,547.625,1.0865099292398996,1.123031271399224,0.4603813888435327,0.5,-7.445160371829657,214,237,69.39761725557861,dartmouth
228,Detroit Mercy,Horz,10-13,108.13184581603076,171,113.4919301805377,276,0.3643865684062563,228,12.512342519458166,16.487657480541834,9.512342519458164,10.487657480541836,7-7,0.4153290072654094,0.4671033667794524,0.382045490434953,0.425947562484647,0.4671033667794524,0.4074274505519845,0.8749849850342027,0.7907962909814972,108.9670086136891,110.4824989210924,109.28454082374635,110.77945335267576,108.90890344721558,112.3370936412495,99.20806110208196,108.32850568400156,0.2667031879982543,1.0,-0.0350818518220477,1109.0,1106.0,978.5625,1.1332950118158012,1.1302292904132336,0.4666520241583912,0.5,-9.106926137003564,250,255,69.06454733970817,detroit mercy
229,Saint Peter's,MAAC,14-8,103.48766818959255,262,108.6632821792303,181,0.3632658877741256,229,16.9941369295855,11.0058630704145,13.9941369295855,6.0058630704145,11-3,0.3311388846735993,0.4193746731669813,0.2807184341059524,0.3364177725171189,0.4193746731669813,0.303235012257174,0.907550530464552,0.8276188917670472,103.76181240312486,111.16496304925494,104.10134253331098,111.37820871389788,104.62422758576874,105.68182077881433,96.91535885013026,112.81087957889255,0.1484816174353618,2.0,0.0598546987174027,993.0,895.0,912.025,1.0887859433677805,0.9813327485540416,0.3557736946100244,0.7857142857142857,-5.151270606773052,144,53,65.64786978636236,saint peters
230,San Jose St.,MWC,6-17,108.16636182126793,169,113.76635704968686,283,0.3588224314513695,230,8.117417268726575,22.882582731273423,3.117417268726574,16.882582731273423,1-11,0.6167511789917851,0.5088613047385723,0.7156502303905635,0.6222675816201352,0.5088613047385722,0.6846410339049948,0.7617171056802138,0.8138872662888248,112.29634137088988,105.16067655897712,111.9228008229694,105.15073195809036,107.3106656670204,115.03091325045726,110.37729121737402,114.32912033119828,0.400223424217238,6.0,-0.0521570107544001,767.0,946.0,777.5875,0.986384168984198,1.2165833427106274,0.6381272391766418,0.0833333333333333,-9.662918921818976,261,297,64.07824703222987,san jose st
231,James Madison,SB,12-13,108.73838666647644,163,114.40620450838782,292,0.3579391609724854,231,15.428355708812685,15.571644291187315,7.428355708812682,10.571644291187315,4-8,0.4076581294268155,0.3972292999647152,0.4189560280107576,0.3901261667693371,0.3972292999647152,0.3849961261282308,0.8903885402756306,0.8527898877732837,106.58296133579375,110.17725581790457,105.81430162314555,110.16716476747678,107.15770079514624,113.8551980683696,111.5302454147006,110.76579937900078,0.5197632483520092,2.0,0.0037403973918254,873.0,887.0,803.3875,1.0866487218185494,1.1040749327068196,0.3170763223631771,0.3333333333333333,-8.820236907377616,244,172,65.40036184943706,james madison
232,American,Pat,13-12,105.322017868327,236,110.81183796048792,221,0.3579373694437786,232,17.178308678163113,13.821691321836887,10.178308678163113,7.821691321836888,6-6,0.3445245960355576,0.4245759446368942,0.2578023017174427,0.3145430435349288,0.4245759446368942,0.2350748371835092,0.9011753747874872,0.8210513313388645,105.65203605482267,111.2422993079393,104.78381991987304,112.12591493667516,103.9882314130251,109.80784413513362,114.35208290520004,128.31062158566672,0.2100743887416674,2.0,-0.0469949980744434,837.0,816.0,775.2500000000001,1.0796517252499191,1.0525636891325378,0.1896199081156422,0.5,-8.246399798254368,230,287,66.8923018749966,american
233,Long Beach St.,BW,8-16,105.7659157133126,230,111.46016760871964,238,0.3536466179461242,233,11.216379791659598,20.7836202083404,7.216379791659597,12.783620208340402,4-8,0.4888578592518774,0.4968011529470124,0.4809145655567426,0.4841555914640481,0.4968011529470124,0.4765682545742695,0.8469344289461757,0.7906290161224736,108.39176659623664,106.42056510468328,107.84405676147988,106.72998186775024,105.49770993683424,108.86765071566828,85.3526307770907,102.66039654908934,0.1068523247292915,2.0,-0.0731867174910573,894.0,914.0,852.9625000000001,1.0481117282412766,1.071559417911104,0.4700487881005599,0.3333333333333333,-10.783778192534433,287,326,67.72953596872244,long beach st
234,Coastal Carolina,SB,15-11,102.55051554035204,276,108.24127970394528,166,0.3495349773770408,234,17.42516532412446,13.574834675875538,9.425165324124462,8.574834675875538,7-6,0.384607283708079,0.4142659400380601,0.3549486273780981,0.3793014999703612,0.4142659400380601,0.3540494043659121,0.906501783381502,0.8696758439159408,105.46376299491313,109.9960543141177,105.58680446441136,110.33956044507222,104.1022768196318,110.31958535728296,99.2052632019504,121.95427392993696,0.0851587287077651,1.0,0.0885925462483613,928.0,941.0,882.25,1.0518560498724852,1.066591102295268,0.3517114245342282,0.5384615384615384,-7.376693407793979,211,25,66.82642855158564,coastal carolina
235,Tennessee Martin,OVC,19-6,100.25431679985638,316,105.82488790102104,119,0.349356401112157,235,22.693869416954453,8.306130583045547,14.693869416954453,5.306130583045547,11-3,0.2487565069272156,0.3291935942411354,0.1855559383234215,0.2494434659163814,0.3291935942411354,0.2055808953377667,0.9423958530082286,0.89851841668676,101.45735797719448,112.00208794166753,101.56049278942554,112.20556900368976,100.02149418179847,104.65639011226372,0.0,0.0,0.0,0.0,0.1109823479544052,968.0,844.0,907.55,1.066607900391163,0.9299763098451876,0.2523057950379057,0.7857142857142857,-3.826815774761643,106,11,64.41284151472144,tennessee martin
236,Southern Miss,SB,13-13,102.77272418149698,271,108.70613636775818,182,0.3440099715666669,236,15.100403128265734,15.899596871734266,8.100403128265734,9.899596871734266,6-7,0.391717099785522,0.4328918940263025,0.3505423055447415,0.4013320358367818,0.4328918940263025,0.3785388049221279,0.8898896207763953,0.8481721885373598,106.62748201693142,109.8103101467552,106.642144957981,109.6188587701299,100.42095187195063,109.01724643951556,98.50162621680316,106.44243216769888,0.2907778487906223,2.0,0.0207226554365519,933.0,952.0,910.125,1.0251339101771737,1.046010163439088,0.4513297033033323,0.4615384615384615,-8.982017921979462,248,133,67.7505006576673,southern miss
237,Florida Gulf Coast,ASun,10-15,106.55121618626164,209,112.82725352222025,266,0.3411508864818908,237,14.095711472525595,16.9042885274744,8.095711472525597,9.904288527474405,4-8,0.3838522345130532,0.4229966476473418,0.3414457869509071,0.3505096608517344,0.4229966476473419,0.298157948166018,0.8895993162605016,0.8165975565015834,108.71260994301367,111.71241459958938,107.96116923826028,113.16990757609508,103.71401309434088,112.34418238440269,109.37826942596983,111.81546175872438,0.4369788116325756,3.0,-0.103119242447175,879.0,902.0,814.4875,1.0792062493285657,1.1074448656363665,0.2115822705962395,0.3333333333333333,-10.838275494534248,290,351,67.99089046508153,florida gulf coast
238,Howard,MEAC,15-10,99.69696402349552,325,105.6134807171201,115,0.3400695815649204,238,19.97125008529121,11.028749914708792,9.971250085291208,4.028749914708791,5-3,0.2581455998961688,0.3394584164383872,0.0853558647439548,0.2255917360888716,0.3394584164383872,0.087325052807317,0.9248633820055452,0.8729399340752028,102.88486154554252,112.52048258229384,101.2086362482475,113.75185556567794,97.51473573639984,103.66238817709537,93.09173878425852,113.8158626690616,0.0901783464483324,1.0,-0.0551718667670642,603.0,502.0,563.7750000000001,1.0695756285752294,0.8904261451820317,0.0899506368918,0.625,-7.131422031216187,203,305,68.74370106719404,howard
239,Nebraska Omaha,Sum,12-14,106.101954557035,219,112.4250067690709,257,0.339463008779675,239,14.394478393408177,16.605521606591825,7.394478393408174,8.605521606591827,5-6,0.3744899787422596,0.4052001608366252,0.3326124577044886,0.3784075317147358,0.4052001608366252,0.3532894419129646,0.8967038566928086,0.8688706988762966,108.36997267718613,111.03756827500597,108.49106363200846,111.56285153230858,106.06098296607384,111.05829374477858,98.36831499868256,113.67426001260924,0.1593449904418252,1.0,-0.0399134625354667,836.0,825.0,758.725,1.101848495831823,1.0873504893077202,0.3987788071716117,0.4545454545454545,-10.170188555809286,273,268,67.29152764270913,nebraska omaha
240,Texas St.,SB,15-11,102.3565926134416,282,108.54760451236535,174,0.3372998755436203,240,17.488167814569398,13.5118321854306,9.488167814569405,8.511832185430599,7-6,0.3250512214260386,0.2651843413436489,0.384918101508428,0.3318802975197749,0.265184341343649,0.3800495992025323,0.930876938545412,0.9441489128423076,104.56858298342917,111.27893401159362,104.46027447444531,111.13503403634348,102.73324611420172,109.86933859091776,0.0,0.0,0.0,0.0,0.0266323840280887,943.0,974.0,904.9375,1.0420609158091028,1.0763174252365493,0.3673914932072036,0.5384615384615384,-8.364680852117226,233,118,66.56161866170943,texas st
241,Sacramento St.,BSky,9-14,107.70423972165752,185,114.24866826833151,290,0.3366258963853661,241,11.767098266875664,18.232901733124333,7.767098266875663,10.232901733124338,5-6,0.4755940960046168,0.4970014829850454,0.4522405829350582,0.4700716920947659,0.4970014829850455,0.4521184981679129,0.8553891445519761,0.789384389421841,110.24023462245086,108.01338715209064,109.95190969225406,108.85930131377144,110.26240567800228,116.58087788791477,101.63117860939748,113.45137019501568,0.2200671443470406,3.0,-0.0143596785460518,900.0,930.0,803.9999999999999,1.119402985074627,1.156716417910448,0.4519266506766844,0.4545454545454545,-9.212997752316172,252,213,71.66816886954642,sacramento st
242,UNC Asheville,BSth,11-13,103.90057027801215,255,110.31270582853462,210,0.334328035297077,242,14.467882024374168,15.532117975625832,8.467882024374164,7.532117975625834,5-5,0.3662559106469675,0.3861045883808152,0.3384677618195807,0.3541263699470361,0.3861045883808151,0.3261454288174792,0.9049119515850542,0.8763327516776527,107.6838332563759,111.36151339428508,106.90491551051709,111.83854406412875,106.53629884061137,111.93083319563507,105.39568944262338,94.683687098279,0.774268090966342,1.0,-0.0544864767100659,751.0,716.0,670.7625,1.1196213264754662,1.0674419038035072,0.3056082071473102,0.5,-9.7271906583103,263,302,65.14132555077944,unc asheville
243,Idaho St.,BSky,10-15,110.19311196048127,139,117.13904349219146,323,0.3311555493246529,243,12.249762554273572,18.750237445726437,5.249762554273571,12.750237445726428,3-9,0.4478436935388112,0.4471090494564574,0.4486395579613611,0.4503654418683037,0.4471090494564572,0.4527172808324152,0.8649678833733926,0.8175158134840788,108.94796711948688,108.39448069248306,108.8717062139345,108.7724442456936,108.34507090657242,120.1500458228327,99.79237732084788,98.98156133065424,0.5234376853724513,2.0,-0.0289980694053845,879.0,953.0,801.1999999999998,1.0971043434847731,1.1894658012980532,0.4608727265745234,0.25,-10.182063616980772,274,248,63.77559513730988,idaho st
244,Iona,MAAC,14-11,102.9634857529045,269,109.46263051005316,199,0.3309478523487393,244,17.70119275340071,13.298807246599289,9.701192753400717,10.298807246599289,6-8,0.3534953560829051,0.4358446769464717,0.2887923182615314,0.3308527985563121,0.4358446769464717,0.2731072654417242,0.9167038709752164,0.8604352742104023,104.735635193218,111.3671046915552,104.06672411503128,111.90899718027404,99.6578667590746,110.56254634477592,101.82727781496986,100.119732967729,0.5484671038000293,1.0,0.045115075811844,942.0,979.0,928.2375,1.0148264856785036,1.0546869739694853,0.2365088088621742,0.4285714285714285,-7.890711409536988,224,75,69.44855776395819,iona
245,Nicholls St.,Slnd,10-15,105.98177849376242,224,112.80606805029085,265,0.3279142111298501,245,12.251032761122373,18.748967238877626,11.251032761122373,10.748967238877627,9-7,0.4708877826366382,0.5878941968682772,0.4050716746313414,0.4686050668668972,0.5878941968682772,0.4198049682299691,0.8526124049762295,0.7461979116405293,107.71883492705432,107.8942507716784,107.67280412617764,108.12873025604212,106.28707452104592,111.35698071901427,83.48941333171533,95.97473131514802,0.1676047727956033,1.0,0.0118586319933333,1158.0,1189.0,1094.4125,1.0581019496761963,1.0864276495379943,0.4590937511596429,0.5625,-9.8880871904684,268,154,68.45766606356699,nicholls st
246,Vermont,AE,15-10,106.97665824474578,199,113.98826093029862,286,0.3251782119414989,246,19.24578575062202,11.754214249377982,11.245785750622018,4.754214249377982,7-3,0.2943786120333271,0.3852959472728847,0.1580026091739907,0.2701255826066498,0.3852959472728847,0.1621533657320546,0.9471549683197554,0.9173457842489005,103.47389390049386,111.79915957906957,102.66723247766495,112.70309088056658,103.57945136862334,113.23106750143134,0.0,0.0,0.0,0.0,0.0378955706213466,705.0,644.0,639.9499999999999,1.101648566294242,1.0063286194233925,0.1690712933288278,0.7,-7.820088729323147,223,89,64.5940550047639,vermont
247,Radford,BSth,13-13,106.80624777993955,200,113.82963037424358,285,0.3246695987167682,247,16.14756262279849,14.852437377201513,9.147562622798487,6.852437377201509,6-5,0.3515902053803008,0.3387082446059817,0.3691565155270994,0.3328383153332488,0.3387082446059817,0.3273352566400618,0.8948156882444102,0.8576943466061292,106.77697451256655,112.54033715723097,105.63783704092975,112.775753883279,108.75270773170196,112.27898918999313,98.6563199034841,96.4843137517252,0.5636555260561136,2.0,-0.0445753123987875,892.0,878.0,802.3125,1.1117862428916414,1.0943366830256291,0.235328487088579,0.5454545454545454,-9.010925472171657,249,281,71.13585356569516,radford
248,Purdue Fort Wayne,Horz,14-11,105.57165002962816,234,112.66192359014993,261,0.3213621739597908,248,16.40560388262751,14.594396117372492,10.405603882627508,9.594396117372492,8-6,0.4284709619928858,0.4457630467851866,0.4148843239417921,0.4237629283819548,0.4457630467851866,0.4116628632601773,0.8620567569120675,0.7716877706469805,110.41344393777143,110.49400281854568,110.29234803799088,111.24780664948842,104.24418790503525,113.31467974872363,101.97330282352142,114.01075531459864,0.2170076892771071,3.0,0.1094775470777508,1045.0,1084.0,958.125,1.090671885192433,1.1313763861709063,0.4041461216697424,0.5714285714285714,-6.115375661471765,172,14,67.75852126930572,purdue fort wayne
249,Fairfield,MAAC,16-10,108.04250814913196,174,115.35293814325792,304,0.3201843597250546,249,18.615586620179737,12.384413379820264,10.615586620179736,9.384413379820264,8-7,0.2932124615442191,0.3051468277575664,0.2844605929877645,0.2985361103089957,0.3051468277575664,0.2949002157122816,0.9313006888577384,0.9141539831537874,102.35105184678164,111.62096992522598,102.59754227293132,111.59011601501491,106.8436396684224,115.59463130901035,103.11266355703653,115.6459463285595,0.2109550948573073,1.0,0.0491679048436383,1083.0,1070.0,985.9625,1.0984190575199362,1.0852339718802693,0.3262190838858333,0.5333333333333333,-7.412171789114566,213,68,66.80532108545783,fairfield
250,Lindenwood,OVC,15-10,101.95613788371222,289,109.01610436050392,192,0.3164880720526141,250,18.95657063557228,12.04342936442772,12.95657063557228,7.043429364427716,9-5,0.292057821807042,0.3952261743890964,0.2109969733497134,0.2749636297309561,0.3952261743890963,0.2088192301689789,0.896540526427026,0.770796056389131,103.64153347225135,110.67172042022752,102.78944494037204,111.28623556286766,102.47013925961996,110.91732056534669,90.9373779303246,101.60745434356085,0.2182529434292034,3.0,0.0175086193235177,1091.0,1041.0,1024.7625,1.0646369280686987,1.0158451348483184,0.2037378294139316,0.6428571428571429,-6.308639104354226,179,138,72.60863027108324,lindenwood
251,Cal Poly,BW,9-16,106.78317012426596,203,114.34298025711402,291,0.3128937434393769,251,11.3881455672216,20.6118544327784,7.388145567221602,12.6118544327784,5-8,0.4782612363691253,0.5042730424550913,0.4542503384436183,0.4894669777707065,0.5042730424550914,0.4805833389600756,0.85078338011965,0.802606589661753,108.52830109509333,107.42056650584644,107.99852624029064,107.00020341108602,107.3590988229724,116.39993473168268,110.10570522784022,111.01843928514911,0.4762834028982877,2.0,-0.0091737545235651,1048.0,1107.0,968.8375,1.0817087488871973,1.1426064742539384,0.5294874827763533,0.3846153846153846,-10.981872738772497,293,203,73.46842465178112,cal poly
252,Southern,SWAC,11-13,104.63372722192148,241,112.25098016575856,256,0.3082912211531408,252,15.011823767717518,15.988176232282482,11.01182376771752,6.988176232282483,7-4,0.3911795160084821,0.5500173267933801,0.2034621032626935,0.3573562939131966,0.5500173267933803,0.2182122146108419,0.8495830469492648,0.6903763686791402,107.93862514356972,109.44182569571724,106.1567268615529,109.96902225771662,103.5767549671544,112.06827629871336,107.08423226229463,111.26324653975256,0.3916796661072459,5.0,-0.025506418728712,849.0,804.0,779.5875,1.0890374717398623,1.0313146375487037,0.2413909610150748,0.6363636363636364,-7.631211615237845,217,239,69.66057235615126,southern
253,SIU Edwardsville,OVC,16-9,98.6247206290234,336,105.86199116993888,122,0.3069611669996799,253,20.001638290648668,10.99836170935133,13.00163829064867,6.998361709351332,9-5,0.2252265786993739,0.2394456368273277,0.2140544615988387,0.2202934291026815,0.2394456368273277,0.2097597148541261,0.9482452004617556,0.9169250200914856,102.36327738437537,113.43861336242216,101.69895890671924,113.57343487506724,98.89943741228105,104.73265012385116,116.75507574434502,121.33944563140508,0.3910486975924997,1.0,0.0100077632638158,940.0,890.0,917.825,1.024160379157247,0.9696837632446274,0.1997386391164632,0.6428571428571429,-7.045792841261183,199,159,64.12513517709947,siu edwardsville
254,Southeast Missouri St.,OVC,15-10,103.36792441595104,265,111.01812648445866,227,0.3055331764174099,254,18.10791061867136,12.892089381328642,13.107910618671358,6.892089381328641,10-4,0.2794314907037462,0.4068723002831472,0.1792994260342167,0.2797938886017588,0.4068723002831472,0.2099007621769951,0.9060793491032704,0.7981555417125988,103.62840735625322,111.6139588769764,103.24965592732556,111.61446053242254,103.68455132496813,111.26812632242196,112.33509174832382,109.23412713538735,0.5797913082060888,3.0,0.0009740898905369,1053.0,962.0,963.55,1.0928337917077475,0.998391365263868,0.2813038798434781,0.7142857142857143,-6.809133634709925,192,180,69.45331102927297,southeast missouri st
255,Abilene Christian,WAC,10-13,101.12883737460636,299,108.62464706153392,178,0.3052789077075588,255,12.736246654449053,18.26375334555095,4.736246654449053,13.263753345550947,2-8,0.4419196870889343,0.3878434209851384,0.5122188330238687,0.4559266447586064,0.3878434209851384,0.5050978619283332,0.8450392986869667,0.8178141812023949,108.39486561685428,106.9276363249346,107.65243978615152,106.6224199701302,100.59188857482144,110.80348645383482,104.78748174256658,102.82458878957436,0.5541524392989515,2.0,0.0141684295485589,679.0,745.0,688.3125,0.9864705348224824,1.0823572142013984,0.4961966480589136,0.2,-8.27351895691516,231,147,66.12204556573258,abilene christian
256,Old Dominion,SB,8-17,103.60598478302384,259,111.36336105208665,237,0.3035736617595653,256,10.778221459049927,20.22177854095007,6.778221459049932,11.221778540950073,4-8,0.4597588465751117,0.5265301524995012,0.3874232651570232,0.4386600232521723,0.5265301524995015,0.3751982632402126,0.8662192278201651,0.7875071692028225,108.22413627207028,109.45120405381806,107.45757825743635,109.66312282851148,104.11459221892848,111.65047935318324,126.68355300630384,117.21231150634142,0.7096349013503145,1.0,-0.0629020051952278,903.0,934.0,858.4,1.0519571295433363,1.0880708294501398,0.3507482594065914,0.3333333333333333,-11.956149261392223,312,318,68.54978806290988,old dominion
257,Arkansas Pine Bluff,SWAC,11-13,106.0255268820574,221,114.1212075970374,287,0.3002339483921876,257,16.491123728980497,15.508876271019505,13.491123728980495,5.508876271019503,8-3,0.4418776252754082,0.6461299322418953,0.2004885352241056,0.3719462179947219,0.6461299322418953,0.1843468345624454,0.8492636480542636,0.6710471272956142,108.16845910819713,108.756836026587,105.84904296100032,110.83416606673876,107.73724147888284,115.23078692275462,101.83003463166553,116.141839845538,0.1805934909996768,5.0,0.0323938649999926,857.0,807.0,761.8374999999999,1.124911808620605,1.059281014652075,0.1621519961526625,0.7272727272727273,-7.172401128572036,205,103,69.78826576211779,arkansas pine bluff
258,Charleston Southern,BSth,11-14,103.37898743797612,264,111.48295499621952,239,0.2956904529851344,258,14.371713252180967,16.628286747819033,5.371713252180969,10.628286747819033,2-8,0.3250021648422999,0.3007691257803308,0.3613517234352537,0.3163266623262196,0.3007691257803308,0.3309118528379905,0.9194269940525034,0.9094821993001616,105.41541359768313,111.68030569204744,104.90837586584608,112.2217789096969,101.81210529756558,114.50232357118362,100.1508618832647,111.85654112907868,0.2190511750486505,1.0,-0.072539859206459,801.0,845.0,764.6624999999999,1.047520965131676,1.105062691056512,0.2801787351758851,0.2,-10.89631349881686,291,325,71.25746204990497,charleston southern
259,Louisiana Tech,CUSA,13-10,100.3902680321807,310,108.26978647980437,167,0.2954728439998391,259,15.338055742424563,15.661944257575437,8.338055742424565,11.661944257575437,6-6,0.3731215884506481,0.267465924445456,0.4699726137887408,0.4089186757624781,0.267465924445456,0.4867176889868402,0.8956908892632979,0.9196396539307944,106.95031885901015,110.28443954573513,107.59830319124158,109.79392204939936,102.27449562538062,111.57328988758589,86.57487253639961,108.86448502660848,0.066945566526413,1.0,0.0837662269719357,800.0,847.0,773.15,1.0347280605315916,1.0955183340878225,0.5118353017839893,0.5,-6.963546839830643,194,29,63.26090688834309,louisiana tech
260,Samford,SC,13-12,106.29708788975437,215,114.79570268753884,298,0.2922387230600342,260,16.18489791386513,14.815102086134871,9.184897913865129,8.815102086134873,6-6,0.3610526436865274,0.4178316403025466,0.2995420640191731,0.3506781349555385,0.4178316403025466,0.3021783810938103,0.9007127670817601,0.8451182936126591,107.88090496390568,112.6751495880396,107.44947005345573,113.34638969459536,108.620430930905,115.97502302605584,101.08048444616264,97.4153448381005,0.6046153358419154,2.0,0.0435985439971305,930.0,882.0,798.65,1.164465034746134,1.1043636135979469,0.3074510152430849,0.5,-8.434779564661554,235,78,66.27178122061102,samford
261,Georgia Southern,SB,14-11,107.0968130444024,197,115.71326582455096,307,0.2911317558431959,261,15.943905348642929,15.056094651357071,7.943905348642928,10.056094651357071,6-6,0.3068298679446974,0.2809456914762001,0.3348710591189028,0.3344710967725637,0.2809456914762001,0.3731283339310485,0.9286302214502498,0.9282495966658486,103.93638066618136,111.45556540297132,104.54639915665147,110.91199073065803,107.75663203647774,116.86814982736246,0.0,0.0,0.0,0.0,0.0326265500364968,950.0,966.0,864.75,1.0985834056085575,1.1170858629661753,0.4496428835553399,0.5,-8.653167729658959,242,101,70.495885609229,georgia southern
262,UMBC,AE,14-8,103.84438064426176,257,112.19973899892962,255,0.2911195007297837,262,18.435440928854725,10.564559071145275,11.43544092885472,4.564559071145277,7-2,0.2472869501036371,0.3140522121480754,0.1508482382616707,0.232565624901322,0.3140522121480753,0.166357772763335,0.9325082453460606,0.8813343941489173,102.16339546054316,114.45605501944704,101.52049763022708,114.38322555317282,105.1126052259714,111.74180263962955,0.0,0.0,0.0,0.0,0.0021515493306533,664.0,596.0,589.7875,1.125829218150605,1.010533454846025,0.1862986028369032,0.7777777777777778,-5.633246763451493,160,179,65.64057676229501,umbc
263,Grambling St.,SWAC,11-12,98.58419111119107,337,106.94919874374152,141,0.2815886845669539,263,15.4429812653992,15.5570187346008,9.4429812653992,8.5570187346008,5-5,0.3255726376340033,0.4128937000952358,0.2120552564344012,0.3015565074873184,0.4128937000952358,0.2211463128260448,0.905204264588674,0.8239615258415426,104.77927086591286,110.27485622789588,103.5439100458731,111.1206085095773,93.74470730940678,105.07212265445374,105.169764070253,111.06930100844632,0.3480429737866922,2.0,-0.0256314930033764,684.0,671.0,687.7375,0.99456551373162,0.9756629527981244,0.2325101333155993,0.5,-8.678101817165059,243,240,66.62510178039386,grambling st
264,Incarnate Word,Slnd,10-15,106.60636400718334,207,115.8647243108062,310,0.2773346189882831,264,12.55689402476,18.44310597524,7.556894024759999,14.44310597524,5-11,0.4219118909265553,0.385821302402776,0.4422128469711814,0.4131633062807761,0.385821302402776,0.4243486715035944,0.8722793541336157,0.8165851099841956,107.5603564380266,108.20651164791744,107.15540698683353,108.71885843102186,104.65689160477412,115.83261952339105,108.04150234042991,97.44097497314245,0.7663096139445884,2.0,-0.0227189740185105,1107.0,1194.0,1059.6625,1.0446722423413113,1.1267738548830404,0.3767108702566959,0.3125,-10.272114553417866,278,232,66.27817071977346,incarnate word
265,Northeastern,CAA,6-17,108.14249832589658,170,117.5867939615533,326,0.2763059637721571,265,8.149858313409993,20.850141686590007,4.149858313409993,13.850141686590009,2-10,0.458933047202423,0.4760431310876758,0.4432488036409412,0.4566289017836887,0.4760431310876758,0.4447646505423633,0.8819481250653848,0.8457021591556187,108.1639812985767,109.89762175017084,107.7722567025114,109.55076081398713,109.7312244998862,122.33586176846586,126.78101823355486,123.35159700472585,0.5781928485877661,1.0,-0.0708802944683267,927.0,1023.0,841.2874999999999,1.1018825312393208,1.2159933435359496,0.4477963443452077,0.1666666666666666,-12.934447178922806,337,323,69.87419685102053,northeastern
266,Southeastern Louisiana,Slnd,8-17,98.40718997616212,339,107.0196042496704,144,0.2759124122460782,266,10.080813027113289,20.91918697288671,7.080813027113291,14.919186972886711,5-11,0.4571250910533825,0.5000200354697157,0.432996684819195,0.4464087036958959,0.5000200354697159,0.4244767952429696,0.8697795161252239,0.808044745740995,107.68106467543602,109.11222088770975,107.20983015781609,109.11372763962216,98.49802208265464,107.29002080492732,106.80590796790447,116.31095366706596,0.2728082637429535,1.0,-0.0514886804240664,1036.0,1113.0,1043.4999999999998,0.992812649736464,1.0666027791087689,0.4017570897063687,0.3125,-12.133166704283887,317,295,65.07708513759694,southeastern louisiana
267,Milwaukee,Horz,9-17,104.92502872596113,238,114.16354975182344,288,0.2747930450058338,267,10.711237381254838,20.28876261874516,6.71123738125484,13.288762618745162,5-10,0.4676787905678201,0.5416395437282905,0.4134409049168087,0.4607539089568147,0.5416395437282905,0.4162668098325031,0.8426385747746602,0.7189363088262624,110.81885519117766,110.48291922641972,110.70936060698524,110.92835077683884,103.33466135604792,114.00573035800596,106.98492272583104,109.01928828703257,0.4460546788096309,4.0,-0.0160045603690452,1105.0,1155.0,1018.775,1.0846359598537458,1.1337145100733723,0.4247445245795861,0.3333333333333333,-11.363667172701687,302,218,67.6295145069948,milwaukee
268,Southern Utah,WAC,8-16,102.62506019150824,275,111.71999080927188,247,0.2735857582174389,268,9.926549265675986,21.07345073432402,5.926549265675982,12.073450734324016,4-7,0.4723679436584576,0.4433485961559543,0.5066635361614164,0.4827753787700461,0.443348596155954,0.5112502773246682,0.8473547066923885,0.8083588740514411,109.16931465915192,106.8393690305102,108.37922641524426,106.46131759597654,106.19441661022394,110.5499377884458,98.53574496624232,125.64385712910124,0.0576021312017281,2.0,-0.0216925125820483,824.0,860.0,791.1875,1.041472470179319,1.0869736946046291,0.5184580134383499,0.3636363636363636,-10.788872234609832,288,228,70.26975699961135,southern utah
269,UTEP,CUSA,9-15,101.48917247617516,292,110.49097040897465,214,0.2734299632537501,269,10.785561023511471,20.21443897648853,6.78556102351147,13.214438976488529,5-8,0.4370569752610993,0.4200250641073607,0.4514685923911857,0.4578048038239489,0.4200250641073604,0.4785836606680724,0.8718688100714266,0.8483210414450503,107.67886570997214,107.50227593729902,107.98012817169923,107.5576513276295,101.16880661016027,111.41011064403403,85.74474213235374,93.28685776935478,0.2749798937286829,1.0,-0.0296523604099272,886.0,948.0,866.8875,1.022047266802209,1.0935675044339663,0.5289402160394336,0.3846153846153846,-10.817857265687309,289,249,64.87433972230329,utep
270,North Dakota,Sum,14-13,107.27061014084676,193,116.9605592814879,321,0.270015527424675,270,15.851766963731912,16.14823303626809,9.851766963731912,6.148233036268087,8-3,0.3713856491774356,0.3969763546647814,0.3341628048322053,0.3794212518599534,0.3969763546647814,0.3618661490551255,0.8733539523344586,0.8259648329872027,107.50387431063405,110.99375346678538,107.4496957572513,111.07223008566956,113.28752250697497,119.66416546202449,101.70641643579091,97.41779649154005,0.6213864254594653,2.0,0.0431250051557592,906.0,887.0,757.9375,1.1953492207470933,1.1702811907314257,0.4228135063455497,0.7272727272727273,-8.52990152544877,239,80,67.33678409609968,north dakota
271,South Dakota,Sum,14-12,106.00369693897204,223,115.60884251623771,305,0.2694347178546555,271,16.47795993554236,14.52204006445764,8.477959935542362,7.522040064457637,6-5,0.3667448882498878,0.3480021378297224,0.3923031842773861,0.3551949204291865,0.3480021378297224,0.3619381541161841,0.8993829264870329,0.8766157154715154,106.77035076281764,111.33980481194185,106.76536581067263,112.06352371084267,105.16544045739644,114.677335915972,106.08215013292218,119.50693876826185,0.2025637319519755,1.0,0.0529466223419801,865.0,888.0,790.125,1.0947634867900649,1.123872804935928,0.2951350877615397,0.5454545454545454,-8.056556231462933,227,63,70.27819839326062,south dakota
272,Longwood,BSth,13-13,101.899221725058,290,111.13323516065977,230,0.2694188265510985,272,15.556465382359772,15.443534617640228,7.556465382359773,8.443534617640227,5-6,0.2942568904047321,0.2459236662173813,0.3601658324783925,0.2914670358364375,0.2459236662173813,0.3341639448543029,0.928017704581542,0.9280245477561556,103.9434197268517,113.1104285234369,103.80477866059668,112.98098124846572,103.0549287435578,107.53027453067791,0.0,0.0,0.0,0.0,-0.0470984837794105,821.0,793.0,763.7750000000001,1.0749238977447546,1.0382638866158227,0.2769597920813057,0.4545454545454545,-10.162970340611734,272,288,68.14989861302107,longwood
273,Georgia St.,SB,9-16,101.31692163693,294,110.54411741948012,215,0.2684787708608455,273,11.905105719899186,19.09489428010081,8.905105719899188,9.094894280100812,6-6,0.4103053457904033,0.4087901046739099,0.4119468569999377,0.3907146718176724,0.4087901046739101,0.3776601925326117,0.9029005639888844,0.8685051499387912,106.66392997961424,108.84551451327155,106.37520847572505,109.7190317066533,105.78300658427408,110.89020375260009,100.44989359658628,97.3271242098381,0.5898112369998194,1.0,-0.027630938354916,867.0,858.0,804.2125000000001,1.0780732704353635,1.0668821984239238,0.3090868635979597,0.5,-12.212510033029831,320,246,67.92610477764347,georgia st
274,Tennessee St.,OVC,16-8,106.01802432011006,222,115.71746474469369,308,0.2676186780729263,274,18.814186550994272,11.185813449005725,12.814186550994275,7.185813449005725,10-4,0.269842076633121,0.391077878090356,0.183245075592239,0.2727951387402249,0.3910778780903561,0.2136537690651593,0.9182882749320552,0.8257117186145405,102.53814326332784,111.54248813096235,102.14574481426864,111.10465688685004,108.76572552261338,119.0297300436044,85.68604180898947,99.97441665383778,0.1450976395762548,1.0,0.1017556803074133,1147.0,1063.0,993.7000000000002,1.1542719130522288,1.069739357955117,0.2846073871686399,0.7142857142857143,-5.207369071767936,148,16,70.53486183003216,tennessee st
275,Eastern Kentucky,ASun,9-16,109.41671524713658,150,119.44850580879655,344,0.2672148548926394,275,11.95607019877834,19.043929801221665,7.956070198778339,10.04392980122166,5-7,0.4061279474702389,0.4750371519072133,0.3314763093301833,0.3834677150413139,0.4750371519072133,0.3173342328603865,0.8908896868347869,0.8259118851857153,108.13677435080372,110.54872237028844,107.94387344623712,111.80528586248607,112.80082791717088,121.87929152066909,98.66669016649232,107.91411015118774,0.263032799278907,1.0,-0.0511792014601863,993.0,987.0,832.2375,1.193169017257694,1.1859595367908802,0.2890500799207931,0.4166666666666667,-11.875808599013952,310,294,67.42586409536383,eastern kentucky
276,Pepperdine,WCC,6-19,100.7633022585116,305,110.07494087294474,205,0.2657189501103009,276,7.286737056336467,23.71326294366353,2.286737056336467,15.713262943663532,1-11,0.5297300719862187,0.383307987861874,0.6883539964542588,0.5439112971130191,0.3833079878618741,0.6599025760166239,0.8042509981157653,0.8943632200745929,110.64794415457432,106.29470724572664,110.3912614368909,105.87745116718293,99.98555003187408,112.1699826340988,95.92087405804548,105.86924474905214,0.2432702083038304,5.0,-0.0767280761876558,790.0,996.0,844.2625,0.9357279282213766,1.17972786899809,0.6029997351413544,0.0833333333333333,-12.768780000033043,334,329,67.26014688701193,pepperdine
277,Western Carolina,SC,8-15,108.0033026045024,176,118.10286213712848,330,0.2634656759599906,277,11.560492876266176,17.439507123733822,7.560492876266178,10.439507123733824,4-8,0.4177018263523358,0.4987775784763199,0.3433823869053503,0.3787166677340927,0.4987775784763199,0.3053461111693981,0.862034594909509,0.7342056994844625,108.69606737141252,110.0360000391784,107.5212227061632,111.46268457688984,110.67718278700924,119.71783269309805,102.10219865453352,117.76893008485936,0.1622437169337895,4.0,-0.0601982450486074,934.0,955.0,812.25,1.149892274546014,1.1757463835026165,0.2292735596974939,0.3333333333333333,-10.1848214358821,275,314,68.37795508906521,western carolina
278,East Texas A&M,Slnd,10-16,98.72273692902851,335,107.95527711351374,163,0.2634487046387438,278,12.494478507989768,19.505521492010235,7.494478507989766,14.505521492010232,5-11,0.4507366547094268,0.4807456482133139,0.4319810337694973,0.44283340430947,0.4807456482133137,0.4256005661713593,0.8455229296629939,0.7371425210371705,108.6882957568552,108.20971963431788,108.0020138073252,108.48690854712169,98.01253446414998,108.12326791861074,95.9244145950742,105.9463769306189,0.2418095124596737,3.0,0.0208031467305558,1064.0,1185.0,1092.85,0.9736011346479388,1.0843208125543302,0.4085859859096578,0.3125,-10.44434163579853,279,132,68.89450545302013,east texas am
279,Delaware,CUSA,7-16,103.25479838484156,266,112.92140363819186,267,0.2632466411545957,279,10.139273820840373,20.860726179159624,5.139273820840374,14.860726179159627,3-9,0.4136480492242334,0.3456135539274919,0.4760130032462466,0.4379381676959932,0.3456135539274922,0.4887167052686686,0.8805306517712727,0.8785088353853133,106.94656037908412,109.80853702207963,107.09073153358312,109.12870838348424,103.79603663161782,113.07288252053068,129.33025721366383,113.15685989854084,0.822931178908699,1.0,-0.1033848302398198,776.0,853.0,749.9750000000001,1.0347011567052231,1.13737124570819,0.5077722583023019,0.25,-12.37766330104692,326,353,62.89941456716495,delaware
280,Cleveland St.,Horz,10-15,110.47645989520456,132,120.94575202491022,353,0.2609173693607441,280,12.150514986867115,18.849485013132885,8.150514986867115,11.849485013132885,6-8,0.4111054451241398,0.4100595227068082,0.4119272413091862,0.4149522856484045,0.4100595227068082,0.4176433052662826,0.8920187717295867,0.8586484864765423,109.68116868532624,110.8945814815535,109.36511101706816,110.91943993682015,111.22547472626488,119.62116413066109,88.53797233098899,112.23802036877012,0.0613591781759453,1.0,0.0112173239827252,1120.0,1173.0,973.6374999999998,1.150325454802224,1.2047604986455434,0.430980787832841,0.4285714285714285,-11.026618528336265,295,156,68.94232117379516,cleveland st
281,Central Michigan,MAC,7-17,105.78385206404997,229,115.97306723688574,312,0.2577796148335194,281,9.534497607022091,21.465502392977903,5.534497607022094,12.465502392977909,3-8,0.4358713623833491,0.428065894467852,0.4450960062834823,0.4305973308107673,0.4280658944678521,0.4324255903917615,0.8613328741013797,0.824343398152826,108.10420420440548,108.7885467720088,107.82669711027252,109.28832098152134,105.50121316549784,112.7390657243994,103.38342081990916,113.91351305686553,0.2468578576814567,3.0,-0.0902791552893739,812.0,863.0,769.6250000000001,1.0550592821179143,1.1213253207731035,0.4125149368476287,0.2727272727272727,-12.30594176356717,322,346,66.83233694074087,central michigan
282,Presbyterian,BSth,12-13,103.08394920779526,268,113.0317268467567,268,0.2574172919582778,282,14.013451970688209,16.98654802931179,7.013451970688211,8.98654802931179,5-5,0.328226885904586,0.3517689343133793,0.2929138132913963,0.343451024379931,0.3517689343133793,0.3356529838173233,0.9038492302615192,0.8784217925102631,105.8272785142374,111.91718885900872,105.97035316818013,111.56034178475758,107.0978824182534,115.91445187305284,98.38535222173164,108.69466928302954,0.2412233098731531,2.0,-0.0150544636314495,772.0,763.0,689.4625,1.119712819769023,1.1066591729064308,0.4068849346938683,0.5,-9.699715256684971,262,217,63.68448936597885,presbyterian
283,IU Indy,Horz,7-18,106.35737520825096,214,116.73138896008692,317,0.2553438027858069,283,9.358366582536634,21.641633417463364,5.358366582536635,14.641633417463366,3-11,0.4081736842784301,0.386738248586549,0.4250158123220509,0.4070341447076889,0.386738248586549,0.4181968875743159,0.8853046307161698,0.8399431064904109,108.79969186078252,110.90250287209804,108.6562352736006,111.1548239805772,104.94397159822284,115.37683994952296,121.32092847896682,119.4757811497164,0.543947552740293,2.0,-0.1033554551344666,1077.0,1177.0,998.55,1.0785639176806368,1.178709128235942,0.4022860631629339,0.2142857142857142,-13.881168735070606,348,352,73.97308503651384,iu indy
284,Brown,Ivy,7-14,96.12259250160452,348,105.57478913354764,114,0.2537625145439435,284,8.67367669665092,18.32632330334908,2.6736766966509204,11.32632330334908,1-7,0.359285141782649,0.280304706515786,0.4876283490913015,0.3827985269776824,0.280304706515786,0.4779713602637293,0.905097335435598,0.9232644965858676,107.52565267898478,112.18028772542318,108.0771571963096,111.93117375510752,96.20147041685716,106.94906678114944,102.86413110482292,98.87266437253771,0.6118573591184969,1.0,-0.1214317223216804,530.0,610.0,545.7375,0.9711628759247808,1.1177534987058797,0.4650953751602999,0.125,-11.319096983826617,301,362,66.11296737368484,brown
285,UC Riverside,BW,8-17,102.518488433361,277,112.77023503423314,264,0.2504794899634018,285,10.027453225442615,21.97254677455738,5.027453225442618,14.972546774557385,3-10,0.477954029640054,0.4914765785379489,0.465471676811228,0.4885320152945328,0.4914765785379491,0.486765277348483,0.8398464110798481,0.7757798855025116,108.63861138144615,107.25075160594734,108.76091626253,107.52522217742438,101.36608022856578,113.29313893226158,101.85624983818768,108.5134707286234,0.3256149087205606,3.0,-0.0037854323559152,915.0,1016.0,914.5125,1.0005330708984297,1.1109744262653598,0.5263105354890997,0.2307692307692307,-11.617913132180735,306,189,67.55324913936269,uc riverside
286,Evansville,MVC,6-19,100.70990503154286,306,110.7876338502765,220,0.2503462373570466,286,7.241866351066792,23.75813364893321,3.2418663510667924,16.758133648933207,2-12,0.5247618315469839,0.4509095465031809,0.5827886269385435,0.5395731376218451,0.4509095465031807,0.5883381127371107,0.8326477386931782,0.829675020795351,109.59976954523576,106.14038810678592,109.5523564363016,105.89860503464456,100.8586929674466,110.22462534643108,97.63880840986516,107.50124610615372,0.2485024820150524,1.0,-0.0544709620304506,933.0,1065.0,955.3125,0.9766437684003928,1.114818449460255,0.6012869129337676,0.1428571428571428,-13.508477875769938,341,301,67.09983725364219,evansville
287,Hampton,CAA,12-13,100.33152673967592,313,110.37403811628543,211,0.2502945065545317,287,13.997757770618705,17.002242229381295,7.997757770618706,10.002242229381295,6-6,0.3463714441704297,0.2733817023943354,0.4254436644278649,0.3650692019949194,0.2733817023943354,0.4312879517064522,0.9012167165642784,0.8994535174669179,104.4045059211923,109.48753684103671,105.17705938805994,109.72818203396264,98.48401082920373,107.547292465815,93.63874374362176,114.93910129076735,0.0865094491705773,1.0,0.0345931954105659,791.0,822.0,788.4,1.0032978183663115,1.0426179604261796,0.4429765262636267,0.5,-9.823535051782365,267,94,64.96251201850049,hampton
288,Louisiana,SB,9-16,101.10739738435012,300,111.51515653151142,240,0.2447635831919239,288,10.9031113138627,20.0968886861373,7.9031113138627,10.0968886861373,6-6,0.3921658890008346,0.4353999068715372,0.3453290363075733,0.4036301001167984,0.4353999068715372,0.3806852396828205,0.8888434765528284,0.848289184247333,105.41052590677164,110.19061766623852,105.71236229373204,109.92797369311076,104.53540216007424,111.78720349212476,91.77268881466,110.97683247357116,0.1010985841188685,2.0,-0.0319518674890635,796.0,810.0,751.0374999999999,1.0598671837291749,1.0785080638450146,0.4513976464333147,0.5,-12.201084601225524,319,252,62.28980022445343,louisiana
289,Mercyhurst,NEC,12-13,100.07232442307044,319,110.40172785259976,212,0.2442210685052108,289,15.14409074481302,15.85590925518698,10.14409074481302,7.855909255186979,7-5,0.2943377093476239,0.4133341136607965,0.1654249380083536,0.2797601186922796,0.4133341136607965,0.1832900112150174,0.9099765491639632,0.8261296878202944,103.40327042618549,112.77676760817155,103.03073565404114,113.07423146635296,101.36332165931508,110.93035611397409,83.56041081548123,104.81534877252918,0.0687373133124791,2.0,-0.0542557191425332,821.0,775.0,759.7,1.0806897459523497,1.020139528761353,0.219020157628345,0.5833333333333334,-9.565027911878875,259,300,63.30069801872756,mercyhurst
290,East Carolina,Amer,7-16,99.98962864138645,321,110.4771207300283,213,0.2410314764018708,290,9.417499041441973,21.58250095855803,4.417499041441972,13.582500958558027,2-8,0.4717467145313925,0.4022468657685465,0.5620965179230923,0.4767933259342892,0.4022468657685465,0.5306324360539922,0.848901002808918,0.8460050184591918,109.44987690129472,109.33502651833868,109.20528334402115,109.51088389996929,104.18880480443272,112.18028162896968,87.28334396329805,109.01737251074064,0.071957800658664,2.0,-0.046975662604924,712.0,771.0,684.6750000000001,1.0399094460875598,1.1260817176032425,0.491302333717617,0.2,-11.183445021386577,298,286,68.46536920081603,east carolina
291,Western Michigan,MAC,8-15,107.47870824412718,190,118.8401349600359,339,0.2394688285023307,291,11.164581273890358,19.83541872610964,4.164581273890359,13.835418726109642,2-8,0.414188186325672,0.3749748679723295,0.4651655001850171,0.4359263593263149,0.3749748679723295,0.4799468808597489,0.8627287678748129,0.8482469758225671,107.81517155002425,109.01275717859136,108.0615726276142,108.9922520488533,108.82935349609365,121.5279857124875,113.1642679322108,125.07882030329034,0.2402714536012984,3.0,-0.0384332814598036,743.0,823.0,676.4875000000002,1.0983203680777542,1.2165782811951438,0.4984236067031635,0.2,-10.71941434847178,285,262,67.51630985508453,western michigan
292,Le Moyne,NEC,12-13,102.22223478837958,283,113.0364106133396,269,0.2393131475224852,292,15.709588914562278,15.290411085437722,10.709588914562278,7.290411085437722,7-5,0.3048837650636352,0.407590230809403,0.1936184271723869,0.277666571580036,0.407590230809403,0.1838328176921599,0.9242353149562326,0.8602870530896964,103.66046396814409,112.44774156841063,102.61683845672778,112.77120817107306,98.92192874449836,109.98535965955786,82.36147816483167,103.7632299081138,0.0655938566674607,1.0,-0.0048660049847879,866.0,834.0,822.8375,1.0524556792805384,1.0135658620322967,0.1642615987317059,0.5833333333333334,-9.98106004057447,270,194,69.02666897049944,le moyne
293,Boston University,Pat,10-15,109.07008157079252,157,120.82176829818732,352,0.235637559986354,293,13.110989267267293,17.88901073273271,8.110989267267293,9.889010732732707,5-7,0.3144434494880937,0.3709941480730886,0.2531801926876826,0.2998771595699832,0.3709941480730885,0.2485148900955183,0.932298916962462,0.8996571773404747,103.93283997845876,111.81963718711816,103.5844875754572,112.26559160926212,108.7598501469402,119.44469952754991,0.0,0.0,0.0,0.0,-0.05485442936587,923.0,918.0,813.725,1.1342898399336383,1.12814525791883,0.2391842849111897,0.4166666666666667,-12.337605880310042,325,303,63.44677181139619,boston university
294,North Carolina A&T,CAA,9-14,103.20731625360874,267,114.59631724866182,295,0.2308046793515263,294,10.68645443752414,18.31354556247586,3.6864544375241377,14.313545562475865,2-10,0.3595242494774909,0.2763898186315678,0.4357308110862539,0.3783467379076014,0.2763898186315678,0.4406537441318441,0.9086303081716972,0.9143097643432442,105.80945615828556,111.09831789306654,106.47965555285002,111.02978254271687,105.25919205711938,115.9715066249838,0.0,0.0,0.0,0.0,-0.0261479837668571,879.0,953.0,831.9250000000001,1.0565856297142169,1.1455359557652431,0.4504996102230248,0.1666666666666666,-11.077144891100875,296,242,68.86594625332935,north carolina at
295,Loyola Chicago,A10,6-19,104.4011290227784,244,115.96446010015084,311,0.2300555313439704,295,6.830913891730989,24.169086108269013,2.83091389173099,15.169086108269008,2-10,0.5322715128261902,0.4372009992693695,0.6352645691794125,0.5636278720493676,0.4372009992693694,0.654936169057144,0.8146015297974382,0.8751656189245065,108.67313078723733,107.53278460010056,109.70957986378606,106.80795485498422,103.02301294857192,111.44430455055642,123.60507385105616,107.79158134068264,0.8283898292920441,2.0,-0.0382357904387256,787.0,941.0,808.9125,0.9729111615904068,1.1632902198939934,0.6942793688126071,0.1666666666666666,-13.566417757470257,342,261,66.00659995063357,loyola chicago
296,Bellarmine,ASun,11-13,112.05532231183754,117,124.7083389124204,364,0.2261240630438989,296,13.12654031624286,16.873459683757144,8.126540316242858,9.873459683757142,6-6,0.3602466884299586,0.4361463046678701,0.2843470721920471,0.3675840920796551,0.4361463046678699,0.3218759503541786,0.8873445960027945,0.8130617209938653,108.571504167383,113.2038774259562,108.14865492389072,112.81943511808883,112.90240541975903,126.98154272632053,120.4268039551216,124.72476270088424,0.4005260513688332,2.0,0.0287044087758903,977.0,987.0,800.2375,1.220887549008888,1.2333838391727456,0.3969337066784416,0.5,-9.243459113188898,253,110,64.53254396810794,bellarmine
297,Northwestern St.,Slnd,7-18,102.712383890521,274,114.53255215985445,294,0.2222411496404446,297,9.253019136691458,21.746980863308544,7.253019136691458,14.74698086330854,5-11,0.452779687779018,0.4806411133026286,0.437107635921987,0.4442260680623676,0.4806411133026286,0.4293290041004426,0.8580954489302286,0.7702989367430901,107.64830481102015,107.51581522062254,107.15352850719636,107.9461288022186,101.2240789384158,112.67645680262665,114.27222030829762,113.83096672541272,0.511121251016306,3.0,-0.0436519590471783,1073.0,1150.0,1052.975,1.0190175455257724,1.0921436881217503,0.4085859859096576,0.3125,-12.93384465853389,336,276,65.12690869917346,northwestern st
298,Alabama A&M,SWAC,13-11,101.29998205795692,295,113.1120204869237,271,0.2195376270122018,298,16.84939898286225,14.150601017137753,9.849398982862247,8.15060101713775,6-5,0.2885489079433858,0.3448341358327735,0.2220300022559276,0.2750466914180009,0.3448341358327734,0.224644648229554,0.9141887085973024,0.8474717903452984,103.935755808167,111.52716035356376,102.80456069728068,111.88733816048534,103.50692213871685,113.66504980067522,87.4551377982939,119.28801862236584,0.0273908886857111,2.0,0.0270516728150136,811.0,803.0,755.1875,1.0739054870479183,1.0633120913680378,0.2287533776166812,0.5454545454545454,-7.954024637817556,225,117,65.64413412110015,alabama am
299,Mount St. Mary's,MAAC,11-15,99.54924925436254,327,111.17474345006742,232,0.2192258404455123,299,13.831424865842408,17.168575134157592,9.831424865842408,10.168575134157592,7-8,0.3714086708362545,0.4381443911040023,0.3224691426399062,0.3418954416960462,0.4381443911040023,0.2889585195216704,0.8962944197752984,0.8104989112355182,104.48267121472152,109.7193505574556,103.95756618537848,110.88222457250995,99.25623959368072,111.52940958430196,95.40316689493254,101.86274578178292,0.3200772551880596,3.0,0.0262085730173415,1018.0,1055.0,1004.225,1.013717045482835,1.0505613781772014,0.1884266501669629,0.4666666666666667,-10.937366861156146,292,119,67.82933889062751,mount st marys
300,USC Upstate,BSth,11-14,100.0208353337246,320,111.82175856857972,249,0.2171134249788009,300,13.36629378431152,17.63370621568848,5.36629378431152,10.63370621568848,3-7,0.349293017379477,0.3622233542892649,0.3298975120147951,0.3510995605485841,0.3622233542892648,0.3406710039166958,0.8832309104125858,0.8369088062148706,106.2713285110589,110.66062645571029,106.10678092980092,111.25874500346916,98.69397085342432,114.5805934106062,107.60459784589126,94.17082040534004,0.8225265252900305,2.0,-0.010039366184173,717.0,783.0,705.0000000000001,1.0170212765957445,1.11063829787234,0.3586268237531969,0.3,-9.980512023642737,269,205,67.66287776103594,usc upstate
301,Northern Arizona,BSky,9-16,105.8925626727407,225,118.57440022874582,334,0.2140254766015824,301,10.475508737599505,20.5244912624005,4.475508737599501,13.524491262400495,3-9,0.4096096574083135,0.3668899208817153,0.4558893719787951,0.4242196288811735,0.3668899208817153,0.4656244179918933,0.8780040361677869,0.8525852855349686,109.33288926293052,109.91782756453736,109.14161996975778,109.74660324734712,110.29319922152274,123.46192734591556,85.19161266218808,100.49422580028376,0.1301346463357776,1.0,-0.0051366135444259,836.0,945.0,755.1624999999999,1.1070464966149671,1.2513862910300764,0.4850945100180898,0.25,-11.884272440168075,311,196,63.63734684341056,northern arizona
302,Northern Illinois,MAC,8-14,98.89403473474542,333,110.78310759001045,219,0.2132338001574177,302,10.34922019298298,19.650779807017017,5.349220192982982,12.650779807017017,3-7,0.4269587481422215,0.436308372028596,0.4157391994785721,0.4327524945798222,0.4363083720285961,0.4303819096139731,0.8630474983738283,0.8221711329009886,108.11594587300876,109.34200555073986,108.27895717241636,109.71670403504709,96.26180750095506,107.6078676507905,99.85549953246138,117.28896870682422,0.1358094400870586,2.0,0.0160782795446202,680.0,739.0,690.7375,0.9844550209015728,1.0698709712445031,0.4486852972832243,0.3,-9.789908866688837,266,142,67.4891916478674,northern illinois
303,Central Connecticut,NEC,13-10,105.8445348127706,227,118.6044055194809,335,0.2126615835566908,303,16.557987216531572,12.44201278346843,10.55798721653157,7.442012783468428,7-5,0.2778964736923325,0.3618747288462615,0.2009164064678976,0.2531996111656115,0.3618747288462615,0.1867870392496588,0.9379320244992022,0.8857368226626778,102.48216100443145,112.01465205139526,101.77368398024548,112.75284100961802,108.94293344021315,121.0012766661891,111.49026091534368,120.4802194056206,0.2907372818911525,1.0,0.0743342390617933,862.0,848.0,762.6624999999999,1.1302509301296446,1.1118941864848475,0.1585283048131812,0.5833333333333334,-7.6447585851168895,219,36,64.56898477942097,central connecticut
304,Sacred Heart,MAAC,10-16,105.8290131767259,228,118.66603589400744,336,0.2113817189098399,304,12.302598683755186,18.697401316244814,8.302598683755186,11.697401316244814,6-9,0.3370957912060406,0.3995426447394727,0.2913014319481903,0.3314193757904747,0.3995426447394726,0.2939515778685259,0.9124627832800316,0.8570322914092258,104.55337819596348,111.21341155818438,104.0688693494922,111.26733833708884,108.78223330802692,122.40371578923973,103.76118495551178,124.63358085907504,0.1083419409958188,1.0,-0.0174246401378296,1141.0,1172.0,1020.15,1.1184629711316962,1.148850659216782,0.3019020156295325,0.4,-12.714330990872826,332,221,68.73007218961125,sacred heart
305,Morehead St.,OVC,13-12,105.0009276595931,237,117.80628169422948,328,0.2102643511172561,305,16.754354704646033,14.245645295353963,12.754354704646037,7.245645295353967,9-5,0.3286255800345504,0.4271912629335901,0.2511811148995907,0.2931100384196333,0.4271912629335901,0.2193653649369568,0.9025222242486688,0.7918356918665221,104.24483553985873,109.73974991299414,102.88731308032489,110.95495788069732,106.37226470855232,118.64948654055988,112.95484044534196,128.19132829092723,0.1892084402139398,2.0,0.0718164259055962,1014.0,1008.0,928.1625,1.0924811118742677,1.0860167265969052,0.1451286150241446,0.6428571428571429,-8.243463354519,229,37,65.43182819219349,morehead st
306,Jacksonville,ASun,9-16,101.21643662352272,297,113.69171939693445,281,0.2080634489782447,306,11.75435082630534,19.245649173694662,6.75435082630534,11.24564917369466,4-8,0.4100980291234987,0.4776674815957585,0.3368977889452175,0.3812697621278352,0.4776674815957584,0.3116491869565576,0.8788517159156364,0.796763818894621,108.69260298143486,111.0216420566568,108.1956980417896,112.3990968598866,102.01328973447416,111.2092727629241,106.1629427251798,113.32641018265132,0.3206215222987525,2.0,-0.002315907396963,828.0,863.0,774.6125000000001,1.06892155755297,1.1141054398166823,0.2611519829792377,0.3333333333333333,-11.374180967407328,303,186,63.423570933551005,jacksonville
307,Ball St.,MAC,8-15,99.35866495090806,329,111.66075278302964,246,0.2071181772720091,307,10.5823189375196,20.41768106248041,5.582318937519597,12.4176810624804,3-7,0.3794786492358971,0.2983734299389799,0.4849154343218894,0.3833845000711088,0.2983734299389797,0.4447813840554244,0.8995811601068133,0.909229761652982,107.03528845491309,110.42778083449188,107.31033135848853,110.96437297065162,101.65157102711892,114.45666257718428,104.00872925897656,114.26026771689872,0.2533079793513048,2.0,-0.0245072389872649,658.0,752.0,645.7125,1.0190293667847534,1.1646049906111466,0.3946138212223428,0.3,-11.546442434521044,304,236,63.65062787242921,ball st
308,Texas Southern,SWAC,7-15,102.10779033081435,286,114.78514036194107,297,0.2065448152776704,308,11.671195054900853,18.32880494509914,9.671195054900853,9.328804945099144,5-6,0.3917967835479242,0.5533552961645222,0.2302382709313264,0.3389076806784769,0.5533552961645225,0.2147537980286609,0.856686467914209,0.6736300048527436,106.9211620787675,108.94201504961836,105.05133253333707,110.93136775695648,103.22475212969586,114.28942158094692,100.5495371955831,118.20114073443597,0.1347055828227891,5.0,-0.0834889468578501,845.0,817.0,776.4250000000001,1.0883214734198408,1.0522587500402485,0.1934626477874959,0.4545454545454545,-10.147338939286849,271,336,68.65690040493399,texas southern
309,NJIT,AE,13-12,99.2408056777796,330,111.6465201695921,245,0.2051245415325346,309,16.241180938186837,14.758819061813163,11.241180938186837,4.7588190618131625,8-2,0.3418033282573626,0.4557167306406758,0.1709332246823927,0.311888807806581,0.4557167306406758,0.1770501301496172,0.8949935543077646,0.8130281305858832,104.16339687140334,111.29967964292145,103.33118512064264,111.8597831377954,105.14598509081276,112.5373163224966,97.79337863128292,121.2248331195285,0.077982061499487,2.0,0.0847410436965039,759.0,686.0,672.3625000000001,1.128855342170332,1.020282957482013,0.1872449725949914,0.8,-7.97975466043829,226,28,68.4478883277588,njit
310,Lehigh,Pat,10-15,100.34562444301108,312,113.08015714689417,270,0.2019777093457003,310,12.483869361747118,18.51613063825288,8.48386936174712,9.516130638252882,6-6,0.3206833798487611,0.4059953269635047,0.2282621038077888,0.3167238068907513,0.4059953269635048,0.2522499312826516,0.9053390624314168,0.8363869506124414,105.1171972369788,111.76592412821114,104.7938784368226,111.915602825185,100.8507355812417,112.11423161016543,85.13577162783412,102.00507333270488,0.1111630829252324,2.0,-0.0435045040836049,903.0,913.0,850.9,1.0612292866376778,1.0729815489481729,0.3002255862323773,0.5,-11.677409389455898,307,275,66.84517450822757,lehigh
311,Chattanooga,SC,10-15,102.14484572773148,285,115.14853177687044,301,0.2013212907026287,311,12.806655780538884,18.19334421946112,6.806655780538884,11.193344219461116,4-8,0.3213853494105592,0.3188206344155909,0.3241637906551081,0.3149930852843092,0.3188206344155909,0.3122287442450502,0.9100013438930842,0.8701892822764534,107.46822425637652,113.34223716382598,107.05419546902154,114.0497920967562,101.17888117123256,115.350294922535,115.76233323981047,113.42208580749536,0.5584479995316348,2.0,-0.0393433388989252,869.0,913.0,813.8875,1.06771513261968,1.1217766583219424,0.2883586514249344,0.3333333333333333,-11.82309377286491,309,264,66.4160664043827,chattanooga
312,UNC Greensboro,SC,10-15,106.2810930502839,217,119.88323247518836,347,0.2002145103790281,312,12.433194479817404,18.566805520182594,8.433194479817406,9.566805520182594,6-6,0.3648401689105687,0.4051710249408989,0.3211484082110441,0.3512760464364993,0.4051710249408989,0.3123518952944329,0.9089140801150396,0.8676288628044808,107.5808243291024,112.1200724229454,107.1969508403781,112.82593753579064,107.37392612953415,122.68483587075872,107.86452026873732,119.30215855328844,0.2388473317663983,1.0,0.0096093390888615,914.0,980.0,815.7624999999998,1.1204241430563433,1.2013300439772607,0.2947588694612105,0.5,-11.559797484687303,305,162,66.94531095686702,unc greensboro
313,Florida A&M,SWAC,9-13,98.06728708574477,343,110.745544490064,217,0.1981042323589671,313,12.820957916785703,17.17904208321429,9.820957916785703,9.179042083214297,6-5,0.3516873068564551,0.4916640801589167,0.2117105335539934,0.3188440957758676,0.4916640801589169,0.2187904206067339,0.898102208846761,0.7844923020048633,105.38161614359564,110.79437015743513,104.11724113818954,111.41200157725414,99.83065543115272,110.4721544562766,92.74338401830892,107.68528712697726,0.1521507722431042,3.0,-0.0227446567036775,793.0,778.0,754.8125,1.0505920344456403,1.0307195495570092,0.2285252653042521,0.5454545454545454,-9.381284961275195,255,233,67.79325177360016,florida am
314,Houston Christian,Slnd,8-17,104.204860651496,247,117.7203971834552,327,0.1974251652393767,314,9.971466963470023,21.02853303652997,5.971466963470027,16.028533036529975,4-12,0.410020923237351,0.3351018933510346,0.452162877548404,0.4035738162088371,0.3351018933510347,0.4315850573779381,0.8800383434868413,0.8469450849691531,106.7873029183964,108.7935272615229,106.55625934889213,109.16675540791226,104.01334649848668,117.89540009988582,113.49629281398305,109.05312356930284,0.6128369377808007,1.0,-0.0223252820688791,1071.0,1178.0,1029.4874999999995,1.0403234619167308,1.144258672397674,0.3767108702566959,0.25,-12.609100079429991,329,230,63.46092106828297,houston christian
315,Alabama St.,SWAC,7-17,99.77558691341366,324,112.76182897386792,263,0.1966958064071269,315,10.685730172656587,21.314269827343413,7.685730172656591,11.31426982734341,4-7,0.4157694175577613,0.5779457058319025,0.2241065314155949,0.3734679675802431,0.5779457058319025,0.2335621466712133,0.8716091781776326,0.7430137522314699,105.26473012385452,108.5332458525442,103.88535999238358,109.47611095339464,94.82286736483682,109.29773017212086,122.87773679429608,120.94330718352047,0.5454941850148611,3.0,-0.0498362812454527,789.0,810.0,794.0,0.9937027707808564,1.0201511335012594,0.2465636176476887,0.3636363636363636,-12.059044839362734,315,293,68.92879777318,alabama st
316,New Hampshire,AE,8-14,98.5093629532426,338,111.52216707007436,241,0.1935937948729031,316,12.247141196430478,16.752858803569524,8.247141196430476,7.752858803569524,4-5,0.3689421273313935,0.4844529471086576,0.2020931654309008,0.3156479322563538,0.4844529471086576,0.1784938576888568,0.8682980779205745,0.7412020521409625,106.38872669619796,109.91926145734796,104.33101504041016,111.44990152313756,99.1652980376515,115.8400156993728,105.77733313506586,109.28275489221936,0.4073510142295305,4.0,-0.0536913722182754,651.0,670.0,622.6,1.045615162222936,1.076132348217154,0.1481518905919431,0.4444444444444444,-9.532379641905097,258,298,67.51717195006941,new hampshire
317,West Georgia,ASun,11-13,101.97295980756112,288,115.84167808353894,309,0.1874839432859079,317,13.141578483203537,16.858421516796465,7.141578483203537,10.858421516796463,5-7,0.3405915295231599,0.4056835824393746,0.2754994766069452,0.3382127325527879,0.4056835824393746,0.2932321659617302,0.8836514264004285,0.7883099349057039,108.50264390856668,113.88737786145468,108.19068916102457,114.17916883900855,102.48307844046468,117.0702984697632,101.90214840948956,106.30922038630185,0.3806244806404487,3.0,0.033455655670273,912.0,958.0,824.9875,1.1054712950196215,1.1612297156017517,0.3286975446713001,0.4166666666666667,-9.186474754716173,251,98,68.65044862828971,west georgia
318,Lafayette,Pat,8-17,99.96203896748392,323,113.5883773102089,278,0.1870045023818359,318,11.056483238034202,19.9435167619658,8.056483238034202,9.9435167619658,5-7,0.3557564834399355,0.4359804179541915,0.2688472210494915,0.3302665702075543,0.4359804179541915,0.2539176801683162,0.9092739021544356,0.8462014092069865,105.49861339222996,111.10559229856074,104.90051356923418,111.99508048905447,97.07739766260686,110.66914911278592,98.79753803071404,116.2305866486031,0.1336819648905171,2.0,-0.0494441239352304,809.0,849.0,799.7375,1.0115819253192455,1.0615983369543132,0.2240585984059655,0.4166666666666667,-13.481447446481445,340,291,66.88638570624688,lafayette
319,Cal St. Bakersfield,BW,8-17,100.37905824314538,311,114.63657599963295,296,0.1783812883873757,319,9.722943934990148,22.27705606500985,3.7229439349901448,16.277056065009855,2-11,0.4684283309569054,0.4086364106022959,0.5236208728226989,0.4619705177388764,0.4086364106022959,0.4939709820208248,0.8693826489413116,0.8568884529704072,106.82342503057798,107.73543159996602,106.625059204235,107.90307792824926,100.9275039236944,117.16602177788216,92.11457016152973,109.7329147498366,0.1178773209225556,1.0,0.012399511275791,931.0,1103.0,939.0125,0.9914670997457437,1.1746382502895327,0.4389068991030588,0.1538461538461538,-12.114769544806922,316,152,69.5275935555673,cal st bakersfield
320,Albany,AE,8-17,102.21786261926069,284,116.92943144608272,320,0.1756158285476241,320,10.79560981206711,20.204390187932887,6.79560981206711,9.20439018793289,4-6,0.3406392263410459,0.4620889208375571,0.158464684596279,0.316881870082159,0.4620889208375572,0.1807502599989731,0.9171696520465862,0.8595896429612642,105.51324676014508,111.37694573483986,104.31862972751765,111.83366560191452,100.5735916163594,116.38540585132289,0.0,0.0,0.0,0.0,-0.0879222495036124,684.0,679.0,637.95,1.0721843404655536,1.064346735637589,0.21789288567013,0.4,-13.72290036197809,344,343,65.55040310743249,albany
321,Eastern Illinois,OVC,10-15,94.22756432843582,355,108.02236420286046,164,0.1720463053216662,321,13.14123332483125,17.85876667516875,9.141233324831251,10.85876667516875,6-8,0.3421249029305903,0.4791868444949833,0.2344333774157098,0.3140331941086434,0.4791868444949833,0.2231986863961563,0.8792301435973474,0.7274874377182095,106.2004437810082,110.15176003396064,104.5707165657674,110.91872391785516,94.6783664869154,107.97001446586373,95.30643686404112,114.98321261222635,0.1035469236615088,3.0,-0.0125970211309762,917.0,955.0,942.3125,0.9731378921536116,1.013464217019301,0.1969844073505315,0.4285714285714285,-10.69245212721896,284,209,65.3258742981492,eastern illinois
322,Fairleigh Dickinson,NEC,9-16,101.29579192128196,296,116.578369858073,315,0.1657618050748914,322,11.964664933018955,19.035335066981045,8.964664933018955,9.035335066981045,6-6,0.3186646281882553,0.4417261278000381,0.1853480036088239,0.2967329112807433,0.4417261278000381,0.1920155882390303,0.8896461411922093,0.7799613553000391,104.57249859054988,110.13251339942649,103.77158624823002,111.25589639844472,101.8684334307532,115.68650199493362,87.03314474076856,105.08623343234817,0.1026923611838668,4.0,-0.0702429361237106,816.0,803.0,759.1750000000001,1.0748509895610363,1.0577271380116573,0.205350757499443,0.5,-12.00886111349326,313,322,64.75676411808975,fairleigh dickinson
323,North Florida,ASun,6-19,109.5457546962336,148,126.08034387597876,365,0.1656693343591916,323,8.03960057259267,22.96039942740733,6.03960057259267,11.960399427407332,4-8,0.4130594426497557,0.4948686479645871,0.3244328035586888,0.3912284629510766,0.4948686479645871,0.3163772182190971,0.8488577220763122,0.7264432102685862,109.23069201367952,110.1124556008217,108.187425735729,110.64419163250383,110.67870427531368,126.46481328094558,101.29024201669831,114.93287614500652,0.189521978850001,4.0,-0.0887997128692421,1014.0,1094.0,869.075,1.1667577596870236,1.25880965394241,0.3002660475399137,0.3333333333333333,-13.657802784667329,343,344,70.4904315383349,north florida
324,Stetson,ASun,8-17,102.45527744779424,280,117.96418755025248,329,0.1650698957911033,324,10.36030888233228,20.639691117667724,6.360308882332279,11.63969111766772,4-8,0.4005796835852877,0.459041321492378,0.3372462425192732,0.3769236355545501,0.4590413214923778,0.3176164179327855,0.8887488772292564,0.8203406280333674,108.41990094722806,111.61938138796282,107.72054756099853,112.32021087719023,105.5868484787084,119.22520541718852,89.05360747270399,108.39330896247668,0.0944843640246387,3.0,-0.0060804566251487,927.0,986.0,835.2375,1.1098639608494592,1.1805025516694354,0.2783567687598103,0.3333333333333333,-12.706739974059092,331,198,67.02470887324843,stetson
325,Prairie View A&M,SWAC,9-15,101.04081713353696,302,116.65108295815476,316,0.1608224632256726,325,12.76619581424778,18.233804185752224,7.766195814247778,10.233804185752222,4-7,0.3392246127914684,0.4347948564610536,0.2262779611819586,0.304583105014695,0.4347948564610535,0.2105412845256579,0.8938218783204309,0.7962257770784187,105.8419037571302,110.24720520166628,104.2161851297558,111.77176199173756,98.4738339981352,116.76545688455636,116.40441825560434,117.67056623320158,0.4689371092033546,3.0,-0.042123706917468,854.0,884.0,823.9625000000001,1.0364549357525372,1.0728643597251086,0.1858122212086141,0.3636363636363636,-10.991099831113036,294,270,73.2397535408964,prairie view am
326,UMass Lowell,AE,10-15,100.9159607035872,304,116.55080139415077,314,0.16023909824969,326,13.3534375055233,17.6465624944767,8.3534375055233,7.646562494476701,5-5,0.3186428748818288,0.4039686128947158,0.1906542678624985,0.2897580834010533,0.4039686128947158,0.1826857120007449,0.8943476469842891,0.8127886022224835,104.84163369204455,110.49104806365088,103.48165263628904,111.56258211439396,99.61303413636531,116.99113590288869,92.99224016009896,122.87595427476168,0.0389936620595798,2.0,-0.0096930652214635,718.0,734.0,682.9,1.0513984477961635,1.0748279396690583,0.1694047855644888,0.5,-11.09932953079393,297,204,69.53405217466776,umass lowell
327,Oral Roberts,Sum,5-20,99.08691780694268,331,114.88249339995257,299,0.1543356900150961,327,7.543263695076082,23.456736304923915,2.5432636950760816,13.456736304923918,0-10,0.4697640584527665,0.480078496027489,0.4542924020906828,0.426528597684759,0.4800784960274891,0.3763255679884496,0.8828685337798771,0.8454719759832543,111.56193567231516,109.91349124142856,109.87376827351105,111.10580131623692,97.85123295450217,116.99564917913064,98.52789163141536,118.03570890678428,0.1113083018527375,2.0,-0.0599668200697135,694.0,833.0,694.4000000000001,0.9994239631336403,1.1995967741935485,0.2463808444847275,0.0,-15.291411440954615,355,312,67.5499139727508,oral roberts
328,Bucknell,Pat,8-18,97.9836061831814,344,113.66682516035004,280,0.1534985069904064,328,9.93137976461316,21.06862023538684,6.931379764613161,11.06862023538684,5-8,0.3896805613242866,0.5098964947771036,0.2694646278714696,0.3634394956783741,0.5098964947771036,0.2576649963292918,0.8899631372010934,0.8010732733764212,107.06810336621264,111.65324696699224,106.50400442303123,112.30846645085823,98.28609592553282,116.5301792003572,99.3917961266552,117.12187573466456,0.1315100057875422,3.0,0.0103740052528376,914.0,982.0,884.1999999999999,1.0337027821759783,1.1106084596245194,0.2269859543196293,0.3846153846153846,-13.77622691645505,345,158,66.67265419140907,bucknell
329,Holy Cross,Pat,9-16,100.56743133225253,307,116.80669624823577,319,0.151683550207152,329,11.524585182433205,19.4754148175668,6.524585182433203,11.475414817566795,4-8,0.3467238549056508,0.4075517179731897,0.2808270032491503,0.3206389518967112,0.4075517179731897,0.2578686208414769,0.91120968258222,0.8517863012683312,106.10404825451027,111.18080627715108,105.52234158654169,112.26336293111154,101.27400273553468,116.67429273931754,93.59277076122773,105.789409004939,0.1964362529343261,2.0,0.0158147821991992,819.0,859.0,777.5250000000001,1.0533423362592842,1.1047876274074788,0.2119518560261301,0.3333333333333333,-12.547214944510984,328,143,64.81543947232784,holy cross
330,Wagner,NEC,8-14,103.97138711372006,253,120.7768017895444,351,0.15148159382434,330,11.005623184089018,17.994376815910986,6.005623184089017,11.994376815910984,3-8,0.2811761936197773,0.3884582276087671,0.1738941596307875,0.2675216502101515,0.3884582276087669,0.1936159640221087,0.9206247531827934,0.8421428648487466,103.440605631383,111.80670947820674,102.27239685626613,111.89491139221684,102.80988146326143,123.46946575916752,109.2531701013151,108.49249346624342,0.5200764357179544,2.0,-0.0867368928757577,755.0,795.0,697.4375,1.082534277264988,1.1398870866565105,0.2246073709227563,0.2727272727272727,-11.283971110768375,300,342,65.28495401610978,wagner
331,Little Rock,OVC,9-16,100.4655371074078,309,116.76289364698258,318,0.1507409320077525,331,12.073884407182948,18.92611559281705,9.073884407182948,10.926115592817052,6-8,0.3377550799932956,0.4539872773723614,0.2464297820526011,0.30647712353871,0.4539872773723614,0.2253465389302016,0.921321328841156,0.8467880209655628,103.6045135729814,109.83588010399728,102.36392733730445,110.50087402881113,101.37732927480285,115.26068664598584,104.68654234563076,138.48384520021654,0.0385122412025567,1.0,0.0169759858707259,1004.0,1000.0,949.5875,1.057301196572196,1.0530888412073665,0.1761523049779362,0.4285714285714285,-12.75719165887248,333,139,65.90936269882152,little rock
332,Loyola MD,Pat,9-16,102.50702944874504,278,119.63379828198777,346,0.1446991861779747,332,11.301974038745543,19.69802596125445,7.301974038745548,10.698025961254457,5-7,0.2860019367888397,0.3093243263700891,0.2607360147424862,0.2799021814361477,0.3093243263700893,0.258652854539412,0.9273662358445957,0.8904973639414459,103.30765693588792,112.21335860287827,103.09796111411654,112.51949546970351,101.64677249952764,116.54280056666704,73.32888024215684,107.04593615586076,0.0127361806608209,1.0,-0.043185238075994,892.0,919.0,836.95,1.0657745385028974,1.0980345301391958,0.2544865341332636,0.4166666666666667,-13.2918827527277,339,273,68.27129161877653,loyola md
333,Manhattan,MAAC,10-16,103.94971945544444,254,121.83138609920906,356,0.1387868227382342,333,11.513833784931984,19.48616621506801,7.5138337849319825,12.486166215068016,6-9,0.3444330599795545,0.4047232915215367,0.3002202235154342,0.3358001601938382,0.4047232915215368,0.2978924379636039,0.9029205283844538,0.8313984021539175,103.89601589955802,110.96446491146726,103.29840141032,110.68655167989884,102.36619838539852,120.49065748534407,112.8997729501612,126.21988991599646,0.2171184304967959,2.0,0.0327194265216733,1086.0,1155.0,1024.2375000000002,1.0603009555889136,1.1276681433749494,0.2909090813081129,0.4,-12.326488276842184,324,100,68.01262807023426,manhattan
334,Army,Pat,10-15,101.18702171180637,298,118.68213101921305,337,0.1377624680333462,334,12.10675188481878,18.893248115181223,6.106751884818779,11.89324811518122,4-8,0.3200322905955742,0.3752313443665582,0.2602333156770081,0.307993457282779,0.3752313443665582,0.2594327610556051,0.921266404682862,0.8761318645793187,105.40202243738436,112.3901814378532,104.92288807884216,112.70576992429896,101.1358398676908,120.78751933916654,100.6959593458978,121.38903825466936,0.1043974549890389,1.0,0.0346310563393353,857.0,930.0,810.3125,1.0576166602391053,1.1477053605861935,0.2578316518127992,0.3333333333333333,-12.013510708438083,314,93,66.58236457497628,army
335,Norfolk St.,MEAC,11-14,97.86302785337712,346,115.05588645831946,300,0.1345556431734273,335,14.58108026338376,16.418919736616242,7.581080263383759,6.418919736616242,4-4,0.2879493462451108,0.3662296631310809,0.1216036728624245,0.2534914108276166,0.3662296631310809,0.1165949616019815,0.9128613830274755,0.8560508663642404,103.21685727705672,110.87050386320446,101.36006630704068,112.0119783595199,97.83943165214632,119.37922310996385,100.6296760868456,108.01524193219304,0.3069347167913895,2.0,-0.0050198639526617,608.0,600.0,571.475,1.063913557023492,1.049914694431077,0.1099166799213908,0.5,-10.682032145663714,283,195,68.13298096883402,norfolk st
336,Tennessee Tech,OVC,10-15,101.3252202138743,293,119.14825987221928,342,0.1343092913978519,336,11.707865661981208,19.29213433801879,6.707865661981207,13.292134338018792,5-9,0.2743657440144711,0.3660555725027054,0.2023237359165729,0.2763479975281812,0.3660555725027054,0.227008831292193,0.9203071903225564,0.8444358656249434,102.87036267542324,111.64193648539504,102.42078858266714,111.19843170976544,101.53309047973224,122.32994562081164,100.2147701291374,119.51622817581392,0.1165442009305619,2.0,-0.0233471625263555,979.0,1042.0,928.0875,1.054857435317252,1.1227389658841436,0.2846073871686398,0.3571428571428571,-12.145459260991505,318,235,67.32467240412858,tennessee tech
337,Stonehill,NEC,9-16,90.8917983307752,363,107.04893296390595,145,0.1322066716810707,337,12.06938608839449,18.93061391160551,9.06938608839449,8.930613911605512,6-6,0.3003907232497148,0.3724944943902896,0.2222783045140921,0.2698877266067797,0.3724944943902896,0.1957828387631335,0.9134189598631348,0.8375354346542923,104.26932781088938,111.95847437272238,103.24019820311324,112.9085508246657,90.82653709460412,105.00892998214968,93.594925007089,110.61891959885052,0.1276585027759146,2.0,-0.0118352241200559,760.0,779.0,791.2499999999999,0.9605055292259084,0.9845181674565562,0.1427919072612165,0.5,-12.666691024667568,330,208,65.9077693109633,stonehill
338,Niagara,MAAC,6-18,97.9463054698798,345,115.70415746378973,306,0.1282974197448906,338,8.16334698951464,21.83665301048536,5.1633469895146415,14.836653010485358,3-11,0.3329676804818273,0.3685774103417086,0.3075321591533405,0.3172802922732868,0.3685774103417086,0.2916317332390759,0.9071551079240432,0.8250580098724839,104.59694860753572,111.29429213510154,104.0489742999396,111.69881840204968,97.0098047596903,115.46375041038402,98.47069803478163,117.63719022769942,0.1145351114265033,2.0,-0.0722424740692433,852.0,955.0,856.5874999999999,0.994644446714434,1.1148890218454042,0.2545307394391252,0.2142857142857142,-14.662003979281415,353,324,61.89302457605185,niagara
339,Air Force,MWC,3-20,94.16303886756654,356,111.60718299038156,243,0.1240620652926015,339,3.734295374665173,27.26570462533483,0.7342953746651731,19.26570462533483,0-12,0.5950951595681941,0.4344409896954069,0.7423614819515825,0.614172885008381,0.4344409896954069,0.7130254274305168,0.7859687768668447,0.9016080305684792,110.61371280196566,106.10040916778672,111.12391579638673,105.8173453508869,91.2996587695382,112.40097377508448,100.58818787831044,123.26294095424068,0.0880422245762952,5.0,-0.0083884276597003,671.0,982.0,800.2375,0.8385010699948453,1.227135694090817,0.6690213456489181,0.0,-13.843760937054975,347,201,65.45402537733959,air force
340,North Alabama,ASun,7-16,100.3152931859299,314,119.22182829730797,343,0.1207147975691157,340,8.998369916869938,20.001630083130063,3.9983699168699376,14.001630083130062,2-10,0.3836386639801787,0.4344609873822888,0.3370515341949111,0.359111665738787,0.4344609873822888,0.3130648580677581,0.8958396075659094,0.8287300490941774,107.86047451677284,111.34773534473533,107.73595839778548,112.82042319957998,99.75307066063692,122.0143804540062,113.10026803163842,119.9410589524334,0.3373009341409341,1.0,0.024856344665027,824.0,967.0,790.9250000000001,1.0418181243480733,1.2226190852482852,0.2650915058134521,0.1666666666666666,-12.288271654916004,321,121,65.20357937645551,north alabama
341,Alcorn St.,SWAC,5-18,99.97014466947184,322,118.91392677218889,340,0.1196682075727162,341,8.200034550053179,21.79996544994682,7.200034550053179,10.799965449946823,4-7,0.4720239323245097,0.6922950857478245,0.2317281285899842,0.4049455776861508,0.6922950857478245,0.2133792389783683,0.8452213165684341,0.6652121547640436,107.59570080394076,108.26446351069738,105.69822148277014,109.99060050492872,101.42587790859048,121.5734270168854,94.46457041924312,113.76294610516965,0.1054807288408293,5.0,0.0210820828365301,773.0,824.0,730.5999999999999,1.0580344921981937,1.1278401313988504,0.1845452695886862,0.3636363636363636,-12.312259502338724,323,131,67.99778299409007,alcorn st
342,The Citadel,SC,9-16,99.394709902486,328,118.37804019304824,332,0.1181549009406605,342,10.429748781941596,20.57025121805841,7.429748781941591,10.570251218058406,6-6,0.3189426427451305,0.3300343477398684,0.306926629000831,0.3251072291375914,0.3300343477398681,0.3215487545915027,0.9223322845321184,0.9018360008392888,106.57228994722608,113.25388905497012,106.69400525695532,113.32938599213487,100.36196635587363,116.66489277539428,0.0,0.0,0.0,0.0,0.0134285929285209,850.0,914.0,798.9749999999999,1.0638630745642856,1.1439657060608903,0.3507930057728457,0.5,-13.155967687789984,338,150,63.98455907231137,the citadel
343,New Haven,NEC,10-14,94.42262838361437,354,112.58730868343844,260,0.1167673830555121,343,13.019664933707254,17.980335066292742,8.019664933707254,9.980335066292746,5-6,0.3172026214157189,0.4097903951360884,0.2077807070189186,0.2865391627587267,0.4097903951360885,0.1975243838195209,0.8958806821294655,0.7961022188025747,104.11079106501906,109.79625877752538,103.24627263939053,111.24527091993276,95.52430546049789,113.85138194961046,91.0546655063025,109.30007038177348,0.1090651960459618,3.0,0.0473516420212815,686.0,708.0,675.2125,1.0159764518577483,1.0485587870485218,0.1814073045061817,0.4545454545454545,-10.230727548260798,276,72,62.69601489307429,new haven
344,Jackson St.,SWAC,7-17,100.1754253890596,318,119.48086076507605,345,0.1164297322076247,344,9.859832141026589,21.140167858973413,8.859832141026587,9.140167858973411,6-5,0.456907137328525,0.6520058818803164,0.2263358937673169,0.3975318265213444,0.6520058818803164,0.2137450087620869,0.813843468181772,0.604315502610929,108.55631896213652,108.35353237015208,106.58044492819968,109.88561500176992,103.4269491215618,121.2134481335493,96.11961234274663,122.95788223864407,0.0556267264175233,6.0,0.0654880528262775,862.0,897.0,797.2875,1.0811658278851732,1.1250646724048727,0.1939593323252969,0.5454545454545454,-10.450031496257942,280,44,69.89218124363873,jackson st
345,Southern Indiana,OVC,5-19,92.81887852519948,361,110.9048827594426,225,0.1143292312150753,345,7.365833058193012,22.63416694180699,4.365833058193011,15.634166941806988,2-12,0.2917892943253612,0.3469794907592615,0.2523677254440039,0.2683513468359981,0.3469794907592615,0.2290372748743664,0.9405949955092864,0.8983661124539679,103.02160723016564,111.66319598982874,102.45312321623464,112.60652814800248,92.79038194673224,110.65826712770232,0.0,0.0,0.0,0.0,-0.1391155382501121,899.0,987.0,952.225,0.9441045971277796,1.036519730105805,0.1745995568785457,0.1428571428571428,-16.6704151132769,359,364,68.22056918930524,southern indiana
346,Canisius,MAAC,8-17,95.44541057427132,351,114.42907130444549,293,0.1104543961694007,346,9.955363137162331,21.04463686283767,4.955363137162332,15.044636862837669,3-11,0.3396196372169332,0.3771613739096594,0.310122558386934,0.3231508182921961,0.3771613739096593,0.2934450127025913,0.9239621784934308,0.8804128391510463,104.58590148905934,111.77257660639816,104.05840241541168,112.06796177018866,95.92496892120312,115.79084931248389,0.0,0.0,0.0,0.0,0.0275779853426741,902.0,1013.0,911.7000000000002,0.9893605352637928,1.111111111111111,0.2545307394391252,0.2142857142857142,-13.934076977335014,349,115,63.89053425657357,canisius
347,North Carolina Central,MEAC,9-13,100.27527493295236,315,120.66591224499112,349,0.1063360970459181,347,12.717058672822882,16.28294132717712,8.717058672822883,5.282941327177119,5-2,0.3460486455405082,0.4525900832414233,0.1177455647528329,0.2923629189949013,0.4525900832414234,0.1206909573021991,0.8674042206223396,0.7612036974099388,106.08555267805605,109.35933983356976,103.013561691994,111.278450051345,105.31639914942149,125.59523373813728,103.09056391444716,121.90597756985558,0.1269848190816146,4.0,0.0028361537256262,520.0,506.0,462.1625,1.1251453763557189,1.0948530008384496,0.1236363498515652,0.7142857142857143,-8.536487294726514,240,178,66.10680299528264,north carolina central
348,UTSA,Amer,4-19,98.24967967344168,340,118.4963152574936,333,0.1038878556325564,348,4.902016051428253,25.09798394857175,0.902016051428253,17.09798394857175,0-11,0.4900809074647246,0.4334831418797382,0.5518239244665281,0.4966429206025968,0.4334831418797382,0.5387494397511692,0.8373646278328418,0.829661079722539,109.11623462456184,106.76785786676754,109.33407540964517,107.30719937976512,99.48478383912015,123.07115018111786,100.03673883578436,112.14557471170043,0.2118193729626049,2.0,-0.0264165909843962,724.0,953.0,753.8,0.960466967365349,1.2642610772088088,0.5182038209127481,0.0,-13.996115709766435,350,243,68.41621712933318,utsa
349,Saint Francis,NEC,6-18,99.61781346571738,326,120.40408560904903,348,0.101616293692702,349,8.196559324895214,22.803440675104785,6.196559324895212,11.803440675104785,4-7,0.3645821262584389,0.5079621774457247,0.1951329748552831,0.3287034107537737,0.5079621774457246,0.1992387459206981,0.8880225164369429,0.7777344793116039,106.4589880485164,110.71173340524648,104.97531125281708,111.32975509328573,102.1660010540456,121.77990804713671,98.8121102132295,118.04944929366344,0.114491707535583,3.0,-0.0567774605468548,828.0,866.0,769.475,1.0760583514734072,1.1254426719516553,0.205690671880636,0.3636363636363636,-13.83205338221616,346,307,69.83829694866672,saint francis
350,Louisiana Monroe,SB,4-21,98.22989169249132,342,118.73507183642307,338,0.1015410535073779,350,4.531952586730771,26.46804741326923,1.5319525867307713,16.46804741326923,1-11,0.3679383801689682,0.3924910523402873,0.3413396519833724,0.4006876026013237,0.3924910523402873,0.4066073333454058,0.884168143363561,0.8466997990243696,105.1599624702134,109.73421067378382,106.01099979122408,109.32438998430528,97.80471575962088,118.67335023278264,123.72067569939937,130.1248478892579,0.3588448360656873,1.0,-0.1163941072292523,845.0,990.0,864.9124999999999,0.9769774399144424,1.144624456231122,0.5371426960694722,0.0833333333333333,-17.23797065468836,362,358,70.92760468559993,louisiana monroe
351,Maine,AE,6-19,92.919377360284,359,112.54060225750912,259,0.0994642687210517,351,8.215953026498214,22.784046973501788,6.215953026498214,9.784046973501788,4-6,0.3312061729126936,0.4194495350182,0.1988411297544343,0.301225496868709,0.4194495350182,0.1903904611035611,0.9261499311599428,0.8798541586906072,104.19026518092868,111.654101511199,103.3516521458302,112.35446534573374,94.76652910577424,112.86340447732024,0.0,0.0,0.0,0.0,-0.0381941553633669,648.0,673.0,643.8625,1.0064260614649867,1.045254227416568,0.1763060133521058,0.4,-15.961349420762106,358,260,64.5096983285342,maine
352,UMKC,Sum,4-20,95.12520235569986,353,115.2222551117031,303,0.0993745708921051,352,5.276594471644882,24.723405528355123,2.2765944716448816,13.723405528355118,1-9,0.4229513286869389,0.4461077503289883,0.3905323383880696,0.4126088384073622,0.4461077503289882,0.3832972904759393,0.8727147381787732,0.8223344135556323,110.69899054609192,110.96209590203264,109.7661274841994,111.27243956255732,96.07185269196736,117.46930558334697,84.95468448970142,105.61068314046614,0.0756566866566475,3.0,-0.0832862356352372,704.0,847.0,708.9,0.9930878826350684,1.1948088587953167,0.3712388772890554,0.1,-15.548200427789933,356,335,69.00664958357206,umkc
353,Chicago St.,NEC,5-20,98.23673713310008,341,119.06820318050504,341,0.0987103868086609,353,6.987819719716039,24.01218028028396,4.987819719716039,13.012180280283964,3-9,0.4230484628565159,0.641899609789497,0.1859597203457862,0.3850620022198859,0.6418996097894972,0.1995681745307221,0.8457545215843063,0.6770115530640806,106.77368720025376,108.77949880747455,105.71861248888568,109.83861126388372,97.7756040340421,120.10638755137091,99.9000299617654,103.72423196343036,0.3936473177592784,4.0,-0.0357813695328939,792.0,868.0,779.2375,1.0163781902180016,1.1139094306934665,0.2267850829005941,0.25,-14.354045204892198,352,256,66.54711460909637,chicago st
354,Maryland Eastern Shore,MEAC,8-17,93.96156707534564,358,114.20836917526395,289,0.0958599903520908,354,11.818159457545224,20.181840542454783,7.818159457545222,7.181840542454777,4-4,0.3564862709868712,0.4673993719692699,0.1207959313992739,0.3042549409548971,0.4673993719692697,0.1193579191386079,0.8618597553400046,0.7564043772427324,105.56227369333322,110.7179303061548,102.96907947260024,111.8614737856837,91.9757216555197,114.27903476877668,89.99894564911895,106.4774293174398,0.126357796556187,5.0,0.0036895853833242,524.0,515.0,519.825,1.0080315490790168,0.9907180301062856,0.1177144765549895,0.5,-11.80343503660754,308,173,63.12550149432671,maryland eastern shore
355,Bryant,AE,8-16,95.88086764185506,349,117.39946449681096,324,0.0887921563503662,355,9.779018154342246,20.220981845657757,5.779018154342246,10.220981845657754,4-6,0.3371430073544963,0.4588918941470931,0.1666945658448609,0.3164179772925017,0.4588918941470931,0.1917533000447343,0.899303009041559,0.8192542749466402,103.6725253121092,109.40000833111776,103.15871016283975,110.43082105273535,95.2842565565295,119.0274277026867,98.63867170664668,101.04608997812068,0.431114958162659,2.0,0.0366610317901689,639.0,693.0,635.1499999999999,1.0060615602613558,1.0910808470440057,0.2335178570445232,0.4,-12.431445188611976,327,91,64.3121432374421,bryant
356,Morgan St.,MEAC,10-13,98.95972870460312,332,122.06734637735472,359,0.0821573891224612,356,12.949563546588736,16.050436453411265,8.949563546588735,5.050436453411267,6-2,0.2834583429478074,0.3648561841920762,0.1308373906148034,0.2486868197727307,0.3648561841920762,0.1242196436091464,0.9281119078001192,0.8790712437917767,101.72711655461214,110.81568724416223,100.25067353113182,112.11383890085868,99.57451537963904,119.749535008273,86.73118067822328,124.27579112393605,0.015728425384221,1.0,0.0656858958711231,604.0,607.0,574.9625,1.050503293693067,1.0557210252842577,0.1153959809349371,0.75,-10.26302485823979,277,43,70.12934775578609,morgan st
357,Rider,MAAC,3-20,97.85856891451746,347,120.95368305131188,354,0.0804187611125771,357,4.741249133573856,24.258750866426144,3.741249133573856,16.258750866426144,2-12,0.4242440629506008,0.5281964001817889,0.3574175604448371,0.389349864919705,0.5281964001817889,0.3268689240517672,0.8532175936613166,0.6728158914622209,107.42704360300016,109.1728345388045,106.18674398395588,110.05062557613344,101.02200615085206,123.5424595093399,103.8109325894565,115.463228873927,0.2273422688841369,4.0,-0.0840968224847299,917.0,1067.0,895.6125000000001,1.0238803053776049,1.1913634523859369,0.2555887724679373,0.1428571428571428,-15.12964418192004,354,337,64.74339031196052,rider
358,South Carolina St.,MEAC,6-17,95.49593953123758,350,118.23652920862752,331,0.0789689649980263,358,9.26755346362947,20.732446536370524,7.267553463629473,6.732446536370529,4-3,0.3601195230322752,0.4513659246023163,0.1515563194436098,0.2989154609823622,0.4513659246023166,0.1246863597024143,0.8847730819323186,0.8009362162639989,105.5966369191626,110.26451615566204,103.25104867360076,112.25808550350988,95.70042993386082,112.50918609300324,91.77238280472206,122.42996223561764,0.0350730706689791,3.0,-0.0219706073425448,471.0,493.0,481.9125,0.977355847793946,1.0230072886675483,0.0978163999612188,0.5714285714285714,-12.795847347388074,335,229,68.66669833658356,south carolina st
359,VMI,SC,6-19,98.74788599874176,334,122.71068424291482,361,0.0759645660857108,359,6.923639433319578,24.07636056668042,1.9236394333195777,16.07636056668042,1-11,0.3283188907832718,0.326260771961566,0.3305485195067864,0.3263038956966082,0.326260771961566,0.326335040616361,0.9154742448373502,0.8864929764632025,107.00936736736948,112.8230848476072,106.9613875794004,113.16665765258166,96.43435829737278,122.60144436509086,98.92191115415098,110.54702740522616,0.2179304101171689,2.0,-0.0438053369497581,797.0,974.0,801.2,0.994757863205192,1.2156764852720918,0.3179080828355099,0.0833333333333333,-15.88363715285864,357,279,66.74158406936526,vmi
360,Delaware St.,MEAC,6-17,88.1016273070627,365,111.90768146943569,253,0.0600523539019875,360,9.491338501798053,20.50866149820195,3.4913385017980505,11.508661498201947,1-7,0.2708215658323311,0.3511923695275374,0.1201263089038193,0.2375082704923936,0.3511923695275374,0.1238241714572499,0.9272814794566104,0.8734848248407415,102.64360732047273,112.07923439870612,101.12154684023004,113.1137481478282,87.54144987945875,114.68554050163462,69.84585929823466,110.25359547899696,0.0052218827330858,2.0,-0.1039076464749542,491.0,547.0,528.4875000000001,0.9290664396035856,1.0350292107192696,0.128050300089742,0.125,-14.228547724765388,351,354,66.34874649065914,delaware st
361,Binghamton,AE,5-20,95.35773776311174,352,122.22043980105964,360,0.0544649075350578,361,6.686432687475076,24.313567312524928,2.686432687475077,13.313567312524922,1-9,0.248301541040295,0.2677533916302955,0.2191237651552942,0.2308014241607388,0.2677533916302955,0.1961589546580294,0.9406977943014936,0.9108210237016876,102.29015573539148,112.32809016724264,101.61263471902149,112.96507513408268,94.87698507367152,119.28475047505552,78.7088062243679,110.33815045042446,0.0201412386722118,1.0,-0.0895324205351757,639.0,732.0,656.8125,0.9728803882386526,1.1144733085926348,0.1578842704959215,0.1,-17.622164829268744,363,345,65.40730007398689,binghamton
362,Gardner Webb,BSth,3-22,93.97994824769592,357,122.92056819597484,362,0.0436360648311586,362,4.417407022525077,26.582592977474924,1.4174070225250766,14.582592977474926,1-9,0.4165026521363228,0.4632559702578242,0.3463726749540707,0.4155409411478604,0.4632559702578243,0.3708081013572691,0.8559193592617462,0.7965914871045252,108.55433164794616,108.81533548330482,108.2930951598479,109.21956149178894,94.18024254948088,122.89740455743431,90.96245384630096,118.65774664685952,0.0449308497742426,3.0,-0.0683680638675785,641.0,841.0,691.6375,0.9267860692920784,1.215954889664022,0.4115338120292665,0.1,-17.050774420356294,361,321,69.97199026500323,gardner webb
363,Western Illinois,OVC,4-21,92.768269567083,362,121.92061591040816,358,0.0413857124842224,363,5.382653330324512,25.617346669675484,1.3826533303245132,18.617346669675484,0-14,0.2867068983604597,0.3244496526372411,0.2570518771429885,0.2677188543714128,0.3244496526372411,0.2365169153252072,0.9305818043871316,0.8759828124350366,104.0761011058361,111.10341733946647,102.7722147974298,111.37807700591488,91.75054708677273,122.80893355228795,105.04030460201383,104.94357812597045,0.5026486417290069,1.0,-0.0517910987971753,879.0,1099.0,945.7125,0.929457948372259,1.162086786417648,0.1886020044170508,0.0,-18.317214415908623,364,296,65.6949758539293,western illinois
364,Coppin St.,MEAC,4-21,92.91886756839376,360,124.3324842935198,363,0.0339222004619209,364,5.203996008940671,25.79600399105933,3.203996008940672,10.79600399105933,2-6,0.3722653540179629,0.4943575754647076,0.1128193834436304,0.3304038303848438,0.4943575754647076,0.1313171399307233,0.892622654564759,0.82094955289725,104.57110860852544,110.64367142546428,103.2864317274653,111.60701637282304,94.34030401128231,124.18755632439915,88.61925375655991,117.04065653218416,0.0392041047914613,2.0,-0.0016428724800928,543.0,594.0,541.725,1.002353592690018,1.096497300290738,0.1559808152468472,0.25,-16.748517480289454,360,184,68.94994903565102,coppin st
365,Mississippi Valley St.,SWAC,1-23,89.19970617149376,364,121.83534381310194,357,0.02697192075361,365,1.6221661974396202,30.377833802560385,0.6221661974396198,17.37783380256038,0-10,0.4020281449221787,0.5416973469496233,0.2064912620837565,0.3611625100062032,0.5416973469496231,0.2207465257168766,0.8782808664533027,0.7685904516872113,106.68236528380234,110.3496317094818,105.50115472588074,111.1575203601048,88.11231783784896,122.07295409228723,113.0348048265428,130.5940617906451,0.1596846053294216,3.0,-0.0770743604139588,637.0,784.0,688.275,0.9255021612001018,1.1390795830155098,0.2385656052582767,0.0,-18.381314454176508,365,330,66.88634236078572,mississippi valley st
