rank,team,conf,record,adjoe,oe_rank,adjde,de_rank,barthag,rank1,proj_w,proj_l,pro_con_w,pro_con_l,con_rec,sos,ncsos,consos,proj_sos,proj_noncon_sos,proj_con_sos,elite_sos,elite_noncon_sos,opp_oe,opp_de,opp_proj_oe,opp_proj_de,con_adj_oe,con_adj_de,qual_o,qual_d,qual_barthag,qual_games,fun,conpf,conpa,conposs,conoe,conde,consosremain,conf_win%,wab,wab_rk,fun_rk,adjt,adjem,efg,tov,orb,drb,ftr
1,Michigan,B10,14-1,127.68677407897512,4,88.73901026774897,1,0.9850005230117608,1,27.525637545346648,3.474362454653355,16.715537170903843,3.2844628290961584,4-1,0.7145236375516745,0.7336952081335719,0.6761804963878795,0.7916709243751578,0.7523593983802411,0.8132922636723624,0.6161993751895193,0.6650031672379048,115.05041382693666,104.6496212171538,117.50643996188046,102.10781520926922,126.8652739052502,99.70631104738374,129.0278319686872,84.0141341735701,0.9928537488563756,6.0,-0.0060261681799307,460.0,372.0,369.75,1.2440838404327248,1.0060851926977687,0.8589961861005232,0.8,4.68578713165879,8,181,74.54769735670183,38.94776381122615,0.5553735481579503,18.0,28.0,72.0,0.3
2,Arizona,B12,16-0,124.5970084433767,9,91.07366967759096,3,0.973513651542437,2,28.082666394541608,2.917333605458393,15.082666394541608,2.917333605458393,3-0,0.6019830251466023,0.5655589962797296,0.759820483569717,0.7205323452160132,0.5655589962797296,0.8324575416699955,0.6446628634257635,0.7339985361559607,113.6816464366687,106.94972044688524,116.17709027068086,103.79280218276828,128.02586401644976,90.61093739746688,124.56455641633512,87.62490516669932,0.9827954428490776,7.0,0.1241327054011908,284.0,227.0,232.375,1.2221624529316837,0.9768692845615924,0.8469849532900514,1.0,5.621681003578846,1,16,72.24161824829187,33.52333876578574,0.5491940168867534,18.0,28.0,72.0,0.3
3,Vanderbilt,SEC,16-0,127.2814474760384,5,94.40036744050845,10,0.968836296672076,3,28.105381123874228,2.894618876125771,15.105381123874228,2.894618876125771,3-0,0.5942996183987272,0.5362960002192481,0.8456486305098038,0.7143293126754998,0.5362960002192481,0.842908927227237,0.6733065268387036,0.7964776758197576,112.384556518236,107.40432645076068,115.6415773545223,104.67655632893478,127.644468149448,93.58827520098772,137.33717543570907,93.62741216267004,0.9879412424177698,5.0,0.09665538833905,263.0,234.0,219.375,1.198860398860399,1.0666666666666669,0.8423609865707237,1.0,5.22078406979898,4,35,71.36013054278996,32.88108003552995,0.5545628949520768,18.0,28.0,72.0,0.3
4,Connecticut,BE,16-1,122.16684292949584,22,91.0127518017966,2,0.9672471024313348,4,27.725829713055056,3.274170286944942,17.725829713055056,2.2741702869449427,6-0,0.6306068004508459,0.5990666065118163,0.6884304893390669,0.7022912009035958,0.5990666065118165,0.7590647278190741,0.6744046494471635,0.6554671079092964,111.9454241595489,104.073486078372,113.74873091694876,103.12298283609854,119.07672962142328,90.3738812110467,125.10434858639212,90.48376704172576,0.9764717432093812,5.0,0.0975642483128254,489.0,396.0,426.3625,1.146911372365065,0.9287871236330588,0.7893365443105058,1.0,5.528274583250727,2,34,65.72308162851625,31.154091127699246,0.5443336858589917,18.0,28.0,72.0,0.3
5,Purdue,B10,15-1,129.93530458395708,2,96.9976527384153,21,0.9664963694232538,5,25.974220270685905,5.025779729314096,15.974220270685905,4.0257797293140944,5-0,0.6634814295134156,0.6438409323681914,0.7066905232329092,0.7660099468588965,0.6438409323681914,0.8332029048287847,0.6148061887448585,0.7140216429606112,114.58178252871976,105.46434835429608,117.20556692882892,102.4481004635498,132.3332284691292,99.3829620359088,130.1496222883052,90.77620357396876,0.9843776473746182,5.0,0.0721136193976048,429.0,353.0,339.23749999999995,1.2646007590552344,1.040568922952209,0.8753736986940763,1.0,4.763294723025097,7,59,65.9154379383109,32.93765184554178,0.5598706091679142,18.0,28.0,72.0,0.3
6,Iowa St.,B12,16-0,123.96328922599972,14,93.019184102426,6,0.964516759351606,6,27.403792510327065,3.596207489672933,14.403792510327069,3.596207489672933,3-0,0.5474507951458129,0.489532328096091,0.7984308190279404,0.6870274289821079,0.4895323280960912,0.8296627796220087,0.6660894159299865,0.775627106147092,110.50191523490916,107.43269861547525,114.41866115115909,104.23174019760296,118.092349759402,89.93021711505418,121.97162639677911,87.84509857283213,0.9775652602558204,5.0,0.1251122340579774,233.0,190.0,202.35,1.1514702248579194,0.9389671361502346,0.8359091717408226,1.0,4.999329293922736,6,13,69.12484029064659,30.94410512357372,0.5479265784519994,18.0,28.0,72.0,0.3
7,Illinois,B10,13-3,128.3271288158545,3,96.56811885401424,18,0.9633795803182126,7,24.31043264942392,6.689567350576078,15.310432649423923,4.689567350576077,4-1,0.6379746850917837,0.5764480260641953,0.7733333349524781,0.7243504743928109,0.5764480260641955,0.8056968209735491,0.6346504308529696,0.7304173498037965,114.48104446933075,105.60539613355417,116.103042807183,103.1546873990602,128.78065226090953,98.1309612295754,126.86760766789727,99.67332176224384,0.941272761614018,7.0,-0.0140451528030934,397.0,352.0,330.63750000000005,1.2007107481758723,1.064610033647121,0.8164846496472395,0.8,3.3046332520378243,13,203,67.12587436262802,31.759009961840263,0.5566542576317091,18.0,28.0,72.0,0.3
8,Houston,B12,15-1,121.3973837451081,27,92.51566468423704,5,0.9578901134857458,8,26.07696415434968,4.923035845650323,14.076964154349678,3.923035845650324,3-0,0.5973840276640349,0.5374901858155878,0.8569240090073055,0.7040208909917222,0.5374901858155878,0.8242930669522639,0.6736679980075442,0.7994850479956983,111.67454311872376,106.73471315433817,114.88737456125264,104.11939683051423,117.78678527721338,90.53374813379476,125.09845140882383,94.68929415890476,0.9609376744563164,5.0,0.067415985421993,213.0,180.0,192.225,1.10807647288334,0.9364026531408506,0.8177668785412554,1.0,4.283496197371455,11,69,63.56365348138114,28.881719060871063,0.5427947674902162,18.0,28.0,72.0,0.3
9,Gonzaga,WCC,17-1,124.42796770325543,10,95.63021775625998,11,0.9537896071938082,9,28.393672705169088,2.6063272948309115,16.393672705169088,1.6063272948309113,5-0,0.5949291580913921,0.6133188162852821,0.5471160467872782,0.6018261976226351,0.6133188162852821,0.5935259730329455,0.772042249894586,0.7281377972735495,112.04621265798558,106.47467918194138,111.71889184465712,106.19291950212772,121.2408372977745,97.6120221841335,124.13874146869662,95.05055876469312,0.9556549178030456,4.0,0.0886623156841394,446.0,345.0,368.5375,1.2101889224298747,0.9361326866329748,0.6113759446658945,1.0,4.630026729027337,9,41,70.84425227222461,28.797749946995452,0.5488559354065109,18.0,28.0,72.0,0.3
10,Alabama,SEC,11-5,132.98855744631152,1,103.41978410691016,75,0.9474429921773514,10,21.77823097692088,9.22176902307912,11.77823097692088,6.2217690230791165,1-2,0.7212093732983039,0.6882711131219004,0.8639418340627188,0.7763370591246164,0.6882711131219004,0.8399402423488002,0.6036029133789428,0.6389969637864561,116.64719702791858,102.95657971685498,117.9707938331982,102.62382629157952,127.76932693197853,103.73876260405147,131.59586915516786,101.47659558078894,0.9520717632460703,8.0,-0.0309478331544251,267.0,262.0,226.1,1.180893409995577,1.1587793011941618,0.8351399240060164,0.3333333333333333,2.4375352273940765,17,237,73.10253310646635,29.56877333940136,0.565977114892623,18.0,28.0,72.0,0.3
11,Florida,SEC,11-5,120.72990577134463,36,94.08237201702872,8,0.946238113586066,11,21.723048081393465,9.276951918606532,12.723048081393468,5.2769519186065335,2-1,0.6528285941447414,0.6040890885086646,0.8640331185677411,0.7429988566093103,0.6040890885086646,0.8433225780153321,0.6344078420243815,0.700266308408546,114.51248972045664,105.5740794017437,117.29958243012982,104.21164864537076,123.620395889289,93.0964602272063,121.53688507515685,94.37418256369192,0.9482860140744482,8.0,-0.085052461867074,257.0,220.0,220.125,1.167518455423055,0.9994321408290744,0.8391804699048502,0.6666666666666666,1.465662692453587,32,327,70.23339588009377,26.647533754315916,0.5414598115426893,18.0,28.0,72.0,0.3
12,Virginia,ACC,14-2,123.89607553980991,15,97.3881119241459,23,0.9409495906823476,12,25.23796956612762,5.762030433872372,13.493387981799474,4.506612018200527,3-1,0.5263460172478776,0.4377699543269432,0.7920742060106805,0.6540393196692393,0.4691221897750016,0.7875905801484108,0.7310931691469256,0.8430387169097074,109.5516901998583,108.41536629566184,112.78954030160006,105.26232523097624,117.08875925414652,86.69704629491297,123.33396383971127,88.15414682031559,0.979403087476419,3.0,0.0077743078646433,315.0,271.0,292.0625,1.0785362722020115,0.9278835865610956,0.7863095441877623,0.75,2.242161155243699,23,160,66.201502622944,26.50796361566401,0.5477921510796199,18.0,28.0,72.0,0.3
13,Michigan St.,B10,14-2,115.89519903765994,75,91.17208191938366,4,0.9404354461497014,13,23.44862336071292,7.55137663928708,13.44862336071292,6.5513766392870805,4-1,0.6312923466029651,0.5476266166290464,0.8153569525455863,0.7191212250380249,0.5476266166290464,0.8134432596629632,0.6470697162816554,0.8088510802248209,114.99684689765932,107.70730836267032,116.9841723226303,104.08425642119865,113.34416446125934,84.91892248463236,116.3734345158499,85.70940248930633,0.9711726627052242,6.0,0.048861622041277,359.0,299.0,330.9125,1.084878933252748,0.9035621198957428,0.812805362035422,0.8,3.3379406046872324,12,88,66.25738411440462,24.723117118276278,0.5317903980753199,18.0,28.0,72.0,0.3
14,Duke,ACC,15-1,122.78139464339024,19,96.8021753282586,19,0.939001300873732,14,25.282750567728105,5.717249432271895,14.092850942170909,3.907149057829092,4-0,0.6118502467410386,0.5668193674509031,0.7469428846114448,0.7160455118276927,0.5989871486477754,0.8005876630131881,0.6419603303041928,0.6679675677900087,112.5839826412382,105.62066434009228,114.69014205592735,102.80393711303886,123.1086812357187,104.90270563589996,121.26332718351884,91.46061545853424,0.9624440422464972,8.0,0.16607414124762,342.0,314.0,285.6875,1.1971122292714942,1.0991030409100853,0.8159147425565435,1.0,5.107879195877104,5,6,68.66876635910704,25.979219315131644,0.5455627892867805,18.0,28.0,72.0,0.3
15,Tennessee,SEC,11-5,120.51908424464035,40,95.65583567233116,12,0.9344467117006456,15,20.749417202264063,10.250582797735944,10.749417202264056,7.250582797735942,1-2,0.5870785846943686,0.5176714070278776,0.8878430212491629,0.7131681944863739,0.5176714070278773,0.8543603187619554,0.6287789955406758,0.7479049071704771,112.78702398242366,107.02872424905826,116.84387248472916,104.71480325391732,116.32076325003716,98.4898063769464,119.11924091932636,97.54179024188512,0.9087284584013556,7.0,-0.0618694473649341,227.0,248.0,216.2625,1.0496503092306804,1.1467545228599505,0.8476637782645138,0.3333333333333333,1.0515091509548815,37,293,67.4369258890429,24.86324857230919,0.5410381684892807,18.0,28.0,72.0,0.3
16,BYU,B12,15-1,123.56928318151192,16,98.11641723725272,26,0.9341614563958496,16,24.180169573606147,6.819830426393858,12.180169573606143,5.819830426393858,3-0,0.6055256834527818,0.5802236761760008,0.715167714985499,0.7266838409029152,0.5802236761760007,0.8324606265390202,0.6395906114103433,0.7518942605816122,112.00159384810658,106.1465238811216,115.47903219164048,102.92549738089228,121.4671876973659,95.8828238757306,122.21297895579706,93.440857415539,0.9563541629955266,5.0,0.12852282043394,276.0,233.0,229.0125,1.2051743900442116,1.017411713334425,0.8559192088497244,1.0,4.350829447852243,10,12,71.07937817157521,25.4528659442592,0.5471385663630238,18.0,28.0,72.0,0.3
17,Louisville,ACC,12-4,124.87589897666166,8,99.48179026937176,37,0.9317874992723516,17,22.01775476450056,8.982245235499438,11.25442549717749,6.74557450282251,2-2,0.5900446460424069,0.5392398081633917,0.742459159679453,0.7050607419841238,0.55998978188155,0.8098342131693159,0.6649885414761135,0.7562153270267771,109.46869967263318,104.7246641344193,113.69170211528024,103.10225032682185,121.69778205627748,102.28870109230198,121.39913437014324,103.02544626330314,0.868440402808395,6.0,-0.0421744617504873,314.0,296.0,279.325,1.1241385482860469,1.0596974850085026,0.8290842284521337,0.5,1.454079809539286,34,257,70.74155766430738,25.394108707289902,0.5497517979533233,18.0,28.0,72.0,0.3
18,Indiana,B10,12-4,124.14305852910908,13,99.11703400254116,31,0.9301524037581153,18,20.649255580207207,10.350744419792797,11.649255580207203,8.350744419792793,3-2,0.5434844273731938,0.4491555896648517,0.7510078703315465,0.6936743599543735,0.4491555896648514,0.8281596836136108,0.6614035097559741,0.8468363042269326,109.96115121831572,107.5543329354904,114.73752964228224,103.45800977561365,133.44173713310718,105.2799063150294,115.9337204328092,103.45290078140285,0.787492303726006,3.0,-0.0998777705752139,428.0,374.0,338.71250000000003,1.263608517548068,1.1041812746798538,0.8538769547076323,0.6,0.2551835444887901,52,339,68.34654572585484,25.026024526567923,0.5482861170582182,18.0,28.0,72.0,0.3
19,Nebraska,B10,16-0,120.0305337654777,42,95.9173946504617,14,0.9294962132953106,19,25.95761003451987,5.042389965480128,14.95761003451987,5.042389965480128,5-0,0.5807956590139718,0.4304623231423982,0.9115289979314338,0.6864119351258016,0.4304623231423982,0.827184221716673,0.6698279756303381,0.8812926701792971,111.68122297137872,106.51278548408328,114.86306829391724,104.16534366171724,127.71578522529504,92.39943026054767,125.82039992821969,90.81242319909164,0.977015514044664,6.0,0.2157286300194645,386.0,342.0,332.96250000000003,1.1592897098021548,1.0271426962495775,0.7990692963117529,1.0,5.40110632277307,3,1,68.15188372291406,24.113139115015997,0.5400610675309554,18.0,28.0,72.0,0.3
20,Kansas,B12,11-5,119.69520886700738,46,95.7368681777862,13,0.92880450983406,20,20.08432721695761,10.915672783042393,10.084327216957606,7.915672783042394,1-2,0.7099770996014558,0.6783386720549511,0.8470769523029761,0.7735109113191944,0.6783386720549509,0.8422464174544811,0.5992886790021179,0.6759722031668104,113.8689519605201,102.26364682706463,116.4992169018252,101.1874053324776,123.2674173481072,110.61952323339816,118.72769885847754,100.4892333887285,0.8719145047231761,7.0,-0.0304923284437552,254.0,267.0,222.5,1.1415730337078651,1.2000000000000002,0.8412803104847821,0.3333333333333333,1.9944426386096312,26,234,68.41688972203069,23.958340689221174,0.5393904177340147,18.0,28.0,72.0,0.3
21,St. John's,BE,11-5,122.01083115065876,23,97.64059451384124,24,0.9284014619284188,21,21.807919368042697,9.1920806319573,14.8079193680427,5.192080631957301,4-1,0.6744596454815691,0.6430326333298225,0.7435990722154118,0.7204769484705469,0.6430326333298225,0.7630713217979455,0.692509140817196,0.7368605375702468,113.93224815436068,104.62978881938513,114.1858939421275,102.89233462214423,125.1268099104349,98.96930517215212,125.71386458239049,101.07563176650082,0.924742686860772,6.0,-0.0897488958636544,419.0,369.0,353.11249999999995,1.1865906757761338,1.0449927431059507,0.7695620716587899,0.8,0.900492329622729,39,331,70.45254405598409,24.370236636817523,0.5440216623013175,18.0,28.0,72.0,0.3
22,Iowa,B10,12-4,120.94307128060412,35,97.1799665246245,22,0.9252342252525264,22,21.056892898841213,9.943107101158786,11.056892898841214,8.943107101158786,2-3,0.5310750556591527,0.4048275218661557,0.8088196300037458,0.6726992761003878,0.4048275218661557,0.8200287409292153,0.6596970634310426,0.8542484033133433,109.04430024717016,106.57406871993676,114.0380820631964,103.86031937180968,114.95182911083734,98.9028735823199,113.97817800350728,101.2174827334727,0.7966453982879462,3.0,-0.0495573913268597,345.0,341.0,325.15,1.0610487467322776,1.0487467322774104,0.8237651112377053,0.4,0.7383194600025678,43,271,64.19325272434155,23.76310475597961,0.5418861425612083,18.0,28.0,72.0,0.3
23,Texas Tech,B12,12-4,122.86990855207108,18,99.33238213110036,35,0.9202337312942114,23,21.114930761765173,9.885069238234829,11.114930761765171,6.885069238234827,2-1,0.6784333522346349,0.6416621202444515,0.8377753575254299,0.7526343308134126,0.6416621202444515,0.8327809273354403,0.6190100800261658,0.7034526061696951,116.93950696394867,105.9352545291039,117.75391799980312,103.29482285470932,123.12107032794864,93.51458335506524,121.1865528758564,97.76428158967678,0.9220028481431572,6.0,0.04397301066655,240.0,220.0,210.775,1.138654963823983,1.0437670501719842,0.8317820412974424,0.6666666666666666,2.5465046370744804,15,97,67.70970620095125,23.53752642097072,0.5457398171041422,18.0,28.0,72.0,0.3
24,Clemson,ACC,14-3,118.0247117818358,59,96.18854837516182,16,0.9131496065069732,24,23.85176891385437,7.148231086145633,13.851768913854368,4.148231086145632,4-0,0.6056162831528407,0.5395229444572436,0.8204196339135313,0.6696328393741916,0.5395229444572435,0.76360109681421,0.7066605334130699,0.7648725089608722,111.71111507749389,106.29726716479048,113.07200597398877,104.5259948031405,116.73909345635929,91.6523706274672,117.8098725082678,95.87923164690264,0.9144170604776498,6.0,0.0701302251212941,287.0,260.0,263.35,1.0898044427567877,0.9872792861211316,0.7473672290715465,1.0,3.066052771591107,14,63,65.47394404015182,21.83616340667399,0.5360494235636716,18.0,28.0,72.0,0.3
25,Utah St.,MWC,14-1,124.18262330383789,12,101.44116532939906,53,0.9110200733728612,25,26.182054769251973,4.817945230748031,16.31539317930261,3.684606820697387,5-0,0.5095575209290427,0.5113438540057403,0.5059848547756474,0.6202265148229903,0.5266691274075324,0.6716830779014921,0.7929215813778512,0.850111605042166,109.66530828906065,107.66521922074276,111.1616115567614,105.03222854207873,136.6674179235385,102.48194979109584,86.52603126560544,100.62775264862466,0.1497832584730757,1.0,0.0697339250637804,460.0,329.0,335.5375000000001,1.370934694333718,0.9805163357299852,0.7269158189434405,1.0,2.36387756041675,19,64,69.07809840570226,22.74145797443883,0.5483652466076758,18.0,28.0,72.0,0.3
26,N.C. State,ACC,12-5,121.8991844434032,24,99.94799507564178,42,0.9074811144083648,26,20.480579750496947,10.519420249503057,11.480579750496943,6.519420249503054,3-1,0.6194007917510674,0.5844843707691126,0.7328791599424206,0.7118194862544336,0.5844843707691123,0.8037837363271659,0.6904029045938245,0.7894561806171203,111.55210599190028,105.98364419901978,114.21240275526571,103.63341135954543,123.19214607320149,99.06734514213336,115.4727839540599,108.40231985877476,0.6740657141677097,5.0,-0.0803112226255738,323.0,273.0,274.04999999999995,1.1786170406860064,0.9961685823754792,0.8240421867228074,0.75,0.3879589143367079,49,324,69.30929605646746,21.951189367761415,0.5437983688868064,18.0,28.0,72.0,0.3
27,North Carolina,ACC,14-2,119.92069860316332,43,99.07273299823652,29,0.8999103493302527,27,22.730446733752693,8.269553266247302,10.730446733752697,7.269553266247303,2-1,0.5512927009503449,0.5088566156100428,0.735182404091654,0.6855449881093346,0.5088566156100431,0.8131532571366006,0.6884197196465545,0.8086449328921607,110.01891709159864,106.86023339247085,113.4887847090948,103.70409185494135,125.28009963752233,107.64844919917898,122.90236604353416,103.71181568607248,0.8757084838453904,5.0,0.0871992101139023,249.0,247.0,210.125,1.1850089232599643,1.175490779298037,0.82874742774559,0.6666666666666666,2.530002025858066,16,43,67.36563186139895,20.8479656049268,0.5398413972063266,18.0,28.0,72.0,0.3
28,Arkansas,SEC,12-4,125.06214271122622,7,103.90435325398886,83,0.8939187461569679,28,20.60169194567733,10.398308054322673,10.601691945677327,7.398308054322671,2-1,0.6011094756571154,0.5397456101308783,0.867019559604143,0.7168807430668468,0.5397456101308781,0.8448116724094907,0.6445959166539244,0.7381567687335957,113.0817666220087,106.00871209873516,116.73169399491417,104.49453620290116,124.12288882428346,107.15218653028558,125.4757168777325,103.73004285458828,0.8992288412648408,7.0,0.0599039049268613,253.0,257.0,218.6,1.1573650503202195,1.1756633119853614,0.8403700949705601,0.6666666666666666,2.014527112174971,25,76,71.933750276705,21.157789457237357,0.5501242854224524,18.0,28.0,72.0,0.3
29,Saint Louis,A10,15-1,121.11667064765952,32,100.91599446607056,48,0.8907434327441419,29,27.40892543943904,3.591074560560952,15.408925439439049,2.591074560560952,3-0,0.4219389581873811,0.3905085618072262,0.558137342501385,0.4894253872416022,0.3905085618072265,0.5608653167219845,0.8599620621308094,0.8958360482025485,106.71751290062222,109.0731597529397,108.63851198257215,108.62196066798543,125.14383444387602,102.25396690432969,100.19860807519632,81.33403893490244,0.9167343302974642,2.0,0.0674975276977479,257.0,213.0,209.8,1.2249761677788369,1.0152526215443278,0.5614109115661045,1.0,1.858300249871776,29,68,72.62867802666547,20.20067618158896,0.5422333412953191,18.0,28.0,72.0,0.3
30,SMU,ACC,12-4,124.22534741410436,11,103.84818433766844,81,0.8869965181659203,30,21.472413383792063,9.527586616207932,10.472413383792066,7.527586616207936,1-2,0.6340902992079425,0.5682853507956604,0.9192450756611648,0.7031904274304812,0.5682853507956608,0.8006218716667405,0.6909694920893735,0.7947671411495548,113.63128755646498,105.54358966228612,114.61092050950366,103.87528778025872,130.16274216984291,106.999481346839,125.4296695800008,106.77727389631208,0.8643032414530702,6.0,0.046511045222563,242.0,239.0,204.45,1.1836634874052334,1.168989973098557,0.7768972308678557,0.3333333333333333,1.7064544720200354,30,94,69.0995202928211,20.37716307643592,0.5484506948282087,18.0,28.0,72.0,0.3
31,Auburn,SEC,10-6,126.08492484059732,6,105.46498925404674,107,0.8863140383173942,31,17.88097981383363,13.11902018616637,8.880979813833632,9.11902018616637,1-2,0.6600230682217494,0.6132771541821527,0.8625886957266684,0.7487352581638518,0.6132771541821527,0.846566111039524,0.5959205261928039,0.6436505678974054,116.0524642811998,104.66808435484822,118.32646002006835,103.43928797134586,132.43123533753274,105.1450125431815,125.63652790563462,105.0639822528418,0.8865997933976459,8.0,0.008818830603719,283.0,267.0,227.1625,1.2458042150442965,1.1753700544764212,0.8433615941020949,0.3333333333333333,1.041276866982889,38,155,68.00901335698464,20.619935586550582,0.5521698496811946,18.0,28.0,72.0,0.3
32,Georgia,SEC,14-2,120.5287894202024,39,101.2648542386867,51,0.8810819693712135,32,22.112953625359243,8.887046374640757,10.112953625359244,7.887046374640757,2-1,0.4732367505990585,0.3802749558484518,0.8760711945183544,0.6521795193435732,0.3802749558484518,0.8485550374233831,0.7025580271370627,0.8879065101417976,107.9313012163002,108.7278164826906,113.9033776982766,105.65765509850615,119.96901240030282,102.60677127791372,125.0395684461584,105.56250477730084,0.8751476135237839,3.0,0.0802525439967939,256.0,262.0,229.0,1.1179039301310043,1.1441048034934498,0.8430518060043888,0.6666666666666666,1.9655938362476324,28,47,75.73904638830099,19.263935181515706,0.5410575788404048,18.0,28.0,72.0,0.3
33,Villanova,BE,13-3,120.99232754610644,34,101.79134632092484,57,0.879449084486974,33,22.122013712878083,8.877986287121919,13.12201371287808,6.877986287121917,4-1,0.6102753840829361,0.5439047971604984,0.756290675312299,0.6885278426906809,0.5439047971604984,0.768070517732281,0.6966166315167005,0.772225420349281,112.81068851329582,106.10686412548856,114.2141115746616,103.98931875566863,121.256260068154,101.70861077326887,112.9762713877498,90.82757925951576,0.924803081748277,5.0,0.0952065442613591,368.0,338.0,327.025,1.1252962311749868,1.033560125372678,0.7719971318722748,0.8,2.324295339023367,21,37,63.16502589358129,19.200981225181593,0.5419846550922128,18.0,28.0,72.0,0.3
34,Saint Mary's,WCC,16-2,121.37332862797572,28,102.26379630310488,63,0.8776248176824443,34,24.950713275193248,6.049286724806749,13.950713275193252,4.04928672480675,5-0,0.5353831618898088,0.5572749552194093,0.4784644992328471,0.5833966997763185,0.5572749552194094,0.6022624041785307,0.7934656721052478,0.8221370997703704,108.4889545680326,105.05266717930382,110.29854491109197,104.81176268317816,129.67058195353985,110.26064866131422,115.35854916444318,111.39248918740414,0.5992472731700719,1.0,0.0695919648216364,409.0,333.0,320.15000000000003,1.2775261596126817,1.0401374355770732,0.6498769830037932,1.0,2.045626336978273,24,65,65.82241998572056,19.10953232487084,0.5427466572559514,18.0,28.0,72.0,0.3
35,Wisconsin,B10,11-5,118.80429956263544,52,100.4714448574594,46,0.8729665140887495,35,19.07291323154209,11.927086768457912,11.07291323154209,8.927086768457908,3-2,0.5991106730354694,0.4685944891638272,0.8862462775530823,0.6962511015375635,0.4685944891638272,0.8214622383431187,0.6512150295814092,0.8268549374816662,113.25650321635788,106.10749514426332,115.34713205122264,103.77230889746144,125.25093526660234,99.94748858502795,112.64126636016591,104.47554408826652,0.703794692946617,6.0,0.0107959072412603,389.0,412.0,354.35,1.0977846761676309,1.162692253421758,0.7998675586064643,0.6,0.7960139624210343,42,151,70.20682262497617,18.332854705176032,0.5376085991252708,18.0,28.0,72.0,0.3
36,Miami FL,ACC,14-2,119.2533014196272,49,101.02019313013022,49,0.8708154345682866,36,22.73867436584212,8.261325634157876,11.738674365842124,6.261325634157876,3-0,0.4624871954885747,0.4159044185358539,0.6643458956170313,0.6107378739322419,0.4159044185358539,0.7514509250518555,0.7365702452576897,0.8432825734269185,108.18821835821385,109.8302247220739,111.6132031852539,105.78274883862828,122.51002934648172,106.39431070372268,110.90226002053352,97.63891323131683,0.8122644005357618,3.0,0.0720765348760563,248.0,227.0,209.175,1.1856101350543802,1.0852157284570336,0.7688719309388203,1.0,1.6330318454645916,31,60,70.06400990084994,18.233108289496982,0.5385066028392544,18.0,28.0,72.0,0.3
37,Kentucky,SEC,10-6,117.61152444524726,62,99.8161946152957,41,0.8683731791505224,37,16.494737864081344,14.505262135918658,7.494737864081342,10.505262135918658,1-2,0.5823964288145977,0.5354495641731687,0.7858328422607901,0.7228239422631586,0.5354495641731687,0.8581498819948181,0.6035079672218577,0.7215234875103516,112.93204475323006,107.19820705586775,116.9556629897954,103.88819144342588,114.3399080676752,101.49018479014252,112.13264226708944,100.3429076894309,0.7820280823335763,7.0,-0.0415500702768449,234.0,230.0,208.3125,1.1233123312331232,1.1041104110411042,0.8726132899416236,0.3333333333333333,-0.1512967561841719,63,256,68.63451451102713,17.795329829951555,0.5352230488904945,18.0,28.0,72.0,0.3
38,Santa Clara,WCC,14-5,121.5568823209033,25,103.43685853436472,76,0.8648698913185757,38,22.45213138538239,8.547868614617611,13.45213138538239,4.547868614617609,5-1,0.5248276080060134,0.534453607629526,0.5039712754884027,0.577528637124955,0.534453607629526,0.6086383806494314,0.7936275809796168,0.8221512984819396,109.90914882613107,106.74139968200448,110.8663945579748,105.85754576987604,127.9580625826598,103.89557870465283,116.08618769291382,105.3599821837123,0.7530461949469704,3.0,-0.038225393472732,554.0,443.0,439.0125000000001,1.2619230659719254,1.0090828848836877,0.6609719332299456,0.8333333333333334,-0.15024204922115,62,253,70.07482248721385,18.12002378653858,0.5431137646418066,18.0,28.0,72.0,0.3
39,Texas A&M,SEC,13-3,118.8975499375002,51,101.7313352990462,55,0.857314082422085,39,20.156825761821416,10.843174238178586,10.156825761821414,7.843174238178585,3-0,0.478209869871339,0.4032289963504604,0.8031269884618135,0.65246586239973,0.4032289963504604,0.832470265657536,0.6948694033614176,0.864357821010835,109.72870618658756,111.10754651375544,115.0092552443525,106.79065407322122,117.06521395217452,98.17028681005388,107.20249805988904,101.99953533870844,0.6392567931465144,3.0,0.0320406756174058,248.0,236.0,215.5875,1.150344987534064,1.0946831332985447,0.8383389210966805,1.0,0.8470802031472676,40,113,73.27547813590868,17.166214638454008,0.5377950998750004,18.0,28.0,72.0,0.3
40,Seton Hall,BE,14-2,109.66539313456336,154,94.28779533434393,9,0.8503621220038483,40,22.18283789109564,8.81716210890436,12.18283789109564,7.817162108904362,4-1,0.5409423198891424,0.440354765185432,0.7622349402373054,0.6536854386335264,0.4403547651854321,0.7710173090299782,0.7238187595190386,0.8590565633896579,110.23185577009252,108.1817015175784,112.889341369183,104.83764251682877,101.58517622539532,92.52495357657467,108.86170372600324,91.34710200374226,0.8825948067311716,2.0,0.1235198927196038,339.0,325.0,337.075,1.0057108952013647,0.9641771119187124,0.7739447652942025,0.8,2.249488756005744,22,17,66.313204647449,15.377597800219434,0.5193307862691268,18.0,28.0,72.0,0.3
41,Ohio St.,B10,11-5,120.27537100152765,41,103.76008670107058,80,0.8453490152017922,41,17.560167119008263,13.43983288099174,9.304748703336411,10.695251296663589,3-3,0.5936375180891474,0.4600332247496207,0.816311340321692,0.7155306787489126,0.5037528943756094,0.8320084601542292,0.6435978704127661,0.8063730963044297,111.67977707656236,106.47122555982357,115.43233904160464,103.06401685904792,123.1552936740282,106.41932706469618,120.27611101953865,104.88716646975844,0.8284107919524776,6.0,0.0123783692659402,461.0,458.0,398.475,1.1569107221281134,1.1493820189472364,0.8387357972253169,0.5,0.3908296996389202,48,145,67.73066921413732,16.51528430045707,0.5405507420030553,18.0,28.0,72.0,0.3
42,UCLA,B10,11-5,118.63511994384903,54,102.42727502630402,65,0.8441379465628545,42,17.946999118765426,13.053000881234574,9.94699911876543,10.053000881234574,3-2,0.5408861612429317,0.4317210211450391,0.7810494694582955,0.679312814548899,0.4317210211450392,0.8154883009210215,0.6593533366563327,0.8168187926599082,110.57969558969296,106.83344807763744,114.5492874624147,103.82852887968484,116.9202323060844,101.79609509601542,119.69544012493932,104.07930850989185,0.8330875428602194,5.0,-0.0062021610561777,356.0,352.0,324.61250000000007,1.0966922099426235,1.084369825561246,0.8269679114085969,0.6,0.0220796026628281,57,184,66.28472329231788,16.207844917545017,0.5372702398876981,18.0,28.0,72.0,0.3
43,TCU,B12,11-5,114.90129766620234,85,99.27499149776074,32,0.8430458410981414,43,18.42622430380809,12.5737756961919,8.4262243038081,9.573775696191897,1-2,0.5214501728244476,0.4364526339497769,0.8897728412813537,0.6645823846058437,0.4364526339497768,0.8293427600796701,0.6776158364776376,0.8157716907054082,108.99417359616176,105.99808141557112,113.48118960597397,104.1306605388422,119.69897161407069,99.24807454845497,119.38955626579391,92.75663450211503,0.9479819030083496,5.0,-0.0072471015014889,242.0,253.0,224.7,1.076991544281264,1.1259457053849578,0.8172567438393333,0.3333333333333333,-0.0146462694136713,59,190,67.87328539913561,15.626306168441602,0.5298025953324047,18.0,28.0,72.0,0.3
44,LSU,SEC,12-4,120.55401926475652,38,104.65363074021376,92,0.8357006946639199,44,18.99910251260405,12.000897487395951,6.999102512604047,11.000897487395951,0-3,0.5236906296395769,0.4463745802371029,0.8587268437169645,0.6764237412716687,0.4463745802371027,0.8425703575744108,0.6925418465832206,0.8668659329328111,110.22716811467548,107.6914379326522,115.1385695776309,105.29676294070929,108.75759249473816,106.97847270477898,114.07387175216928,101.14532268790906,0.7995222388755411,4.0,0.0195595957251086,213.0,237.0,207.475,1.0266297144234244,1.142306301964092,0.8393390603459001,0.0,0.321791083000006,50,133,67.90209389060273,15.900388524542763,0.5411080385295131,18.0,28.0,72.0,0.3
45,New Mexico,MWC,13-3,113.86441484242204,95,98.86784543803633,27,0.8353570203198238,45,22.731248482023904,8.268751517976103,13.7312484820239,6.2687515179761,4-1,0.5086643511924529,0.4877652554590894,0.5546423618058526,0.5876721091191935,0.4877652554590891,0.642620878632251,0.7849296350779251,0.8254929393071784,110.29321358315416,107.98828312917992,110.92688354546527,105.82623494884896,114.44859781135534,92.11286566854716,108.78835776782844,99.2465766855062,0.7418611161548914,2.0,0.0658492014695735,390.0,304.0,333.76249999999993,1.1684955619639716,0.9108273098385832,0.6719470509077171,0.8,1.058861428670149,36,71,69.41166328280093,14.99656940438571,0.527728829684844,18.0,28.0,72.0,0.3
46,West Virginia,B12,11-5,115.43777775204308,79,100.3133801494632,45,0.8341009035637784,46,18.23730017441071,12.76269982558929,9.237300174410713,8.762699825589289,2-1,0.4736244360506665,0.3828765965294315,0.8668650739760184,0.6390351742940463,0.3828765965294315,0.8240385915684905,0.7049370538440217,0.872703092159852,106.54156003583114,108.3813815892426,112.31602867544942,105.34847016391024,124.53330609139736,105.54533126799883,122.79903856505412,102.6432427141252,0.8871378826608993,4.0,-0.0555851824727258,207.0,215.0,190.8,1.0849056603773584,1.1268343815513626,0.8154732950869847,0.6666666666666666,-0.9018099793589496,80,283,63.26406258773177,15.124397602579876,0.5308755555040862,18.0,28.0,72.0,0.3
47,Creighton,BE,10-7,117.13752497533022,66,101.79108236506504,56,0.8340907096698755,47,17.604437023289954,13.395562976710051,11.60443702328995,8.395562976710048,4-2,0.6519028240484511,0.5777826632499314,0.7877897855124038,0.703509164079268,0.5777826632499311,0.7726587395354031,0.6702650231608618,0.7129793812766767,113.50290733590444,104.73848518927798,114.26058491257152,103.29098177777112,121.31752166520836,96.5823374267126,108.87799162951936,101.87648758144654,0.6823012129348669,6.0,-0.0137759755098647,474.0,423.0,416.625,1.1377137713771377,1.0153015301530153,0.7661740055452598,0.6666666666666666,-0.2519346570265768,65,202,66.59430897963423,15.346442610265186,0.5342750499506604,18.0,28.0,72.0,0.3
48,UCF,B12,13-2,121.23316284642624,30,105.43289133344976,106,0.8328374214734353,48,19.796450215947623,10.20354978405238,8.796450215947619,9.20354978405238,2-1,0.5870617900841556,0.5274711389973404,0.8254243944314164,0.7096900646999542,0.5274711389973402,0.8311693485016971,0.6791287879203034,0.8254460231524261,111.43007712387173,106.84144906130012,114.82496056646474,103.7157309953008,118.2981646855858,103.68432003954182,122.01548041858211,104.35663442272975,0.8578855190125388,4.0,0.1584157947441202,230.0,234.0,217.45,1.0577144171073811,1.076109450448379,0.8323183393157532,0.6666666666666666,2.3411675443185964,20,7,69.29166147356504,15.80027151297648,0.5424663256928525,18.0,28.0,72.0,0.3
49,Texas,SEC,10-6,122.3426173383462,21,106.51586726297792,127,0.8310535003627046,49,16.834967621725657,14.165032378274342,7.834967621725655,10.165032378274342,1-2,0.497589946209561,0.4142709910809112,0.8586387517670436,0.6628069466708661,0.4142709910809111,0.8423051368191675,0.6545781400385727,0.7845558550187439,110.72472871933728,107.1158679499761,115.33415650848076,104.82033695944295,127.45134498419048,110.68811537081072,124.55692327619774,107.55384541901226,0.8439437059809699,6.0,-0.0369406241625747,261.0,274.0,221.0125,1.1809286805044965,1.2397488829817318,0.8390384138295923,0.3333333333333333,-0.6338254608153707,74,251,68.85967899606293,15.826750075368281,0.5446852346766924,18.0,28.0,72.0,0.3
50,San Diego St.,MWC,11-4,113.60507989432364,97,99.07082338629448,28,0.8283918009985978,50,19.94057530443009,10.059424695569913,13.940575304430087,6.059424695569911,5-0,0.5443238381806134,0.5675503248193889,0.4978708649030625,0.6315914416656917,0.5675503248193887,0.663612000088843,0.745717253437893,0.7396023881290785,111.54970296860624,105.71367135312036,112.8092027868478,104.75096557494248,112.95112517668224,95.99025411375231,96.03664356153486,93.4234090017421,0.578656490765684,2.0,0.0261938104977106,416.0,353.0,371.0,1.1212938005390836,0.9514824797843666,0.7188590451507701,1.0,0.3060112928214834,51,120,68.73867023759101,14.53425650802916,0.5272101597886473,18.0,28.0,72.0,0.3
51,Butler,BE,10-6,117.47353310734326,64,102.62756831677945,68,0.825450991523462,51,18.360492995050347,12.639507004949651,9.360492995050349,10.639507004949651,1-4,0.6090034063984612,0.4951037292395671,0.859582696148028,0.6747325247567012,0.4951037292395671,0.7735283622911248,0.7014917219148238,0.8033554532862582,112.35119916493416,106.51541621874132,112.80748585926004,104.0756840995823,115.02257472398988,107.48771981865892,116.50528495516,102.15873867370208,0.8192391075728243,6.0,-0.0072492667678101,395.0,447.0,370.57499999999993,1.0659110841260206,1.206233555960332,0.7448435843388237,0.2,-0.2739962416754499,67,191,70.82830175513729,14.845964790563812,0.5349470662146865,18.0,28.0,72.0,0.3
52,Syracuse,ACC,11-5,113.25790502076404,102,99.31255438142132,34,0.8192166273637848,52,18.249491123565058,12.750508876434946,9.249491123565054,8.750508876434946,2-1,0.5281391489722544,0.4732660361372393,0.7659226379239868,0.6587922977638531,0.4732660361372392,0.7927834867164074,0.6880822004399826,0.77920238156939,108.18714754661642,106.00532231058584,112.54897846710112,103.8167897918612,116.36892631317228,94.5676972335462,107.2707884081972,94.14420234848886,0.8177354997311267,5.0,0.0067695031181655,226.0,208.0,208.475,1.084062837270656,0.9977215493464444,0.7981556564748915,0.6666666666666666,-0.1088269609196868,61,162,67.94589781860867,13.94535063934272,0.526515810041528,18.0,28.0,72.0,0.3
53,Akron,MAC,12-4,123.461122918113,17,108.647311050418,174,0.8130456180722224,53,24.596676845900976,6.403323154099019,14.980619380390523,3.019380619609476,3-1,0.4191489945867181,0.3907492183099701,0.5043483234169621,0.409127257492581,0.4120575206573418,0.4070109563180316,0.8800856200865615,0.851482944731063,109.12566880359346,108.81188835595894,108.36109091433129,110.5368820492484,115.9170558888266,98.43518891529288,124.43328525193164,110.14002256364256,0.8026908811580998,1.0,-0.030985323605672,325.0,284.0,285.65,1.1377559950988974,0.9942237003325748,0.3792002800040513,0.75,-0.7540572051471561,76,238,71.88499538104891,14.813811867695009,0.5469222458362261,18.0,28.0,72.0,0.3
54,Washington,B10,10-6,115.57805800554895,77,101.8843829053592,58,0.8100347180905608,54,16.901617552199134,14.098382447800866,8.901617552199134,11.09838244780087,2-3,0.6180510315635713,0.501639427786307,0.8741565598735527,0.7077977347906622,0.5016394277863072,0.8211848036430572,0.6718559113320414,0.8458582696816938,114.26996079299502,107.57166352523964,115.6898069924671,104.36966929679993,124.45600165512596,109.87437728416462,116.94702687807008,104.78368885772296,0.7795359118262605,4.0,-0.0006630998971001,398.0,403.0,337.05000000000007,1.18083370419819,1.1956682984720366,0.8035275515662255,0.4,-0.4376444377842321,71,173,67.8202935538885,13.69367510018975,0.5311561160110979,18.0,28.0,72.0,0.3
55,Wake Forest,ACC,10-7,114.59775764650246,87,101.03283647913126,50,0.8098137743585516,55,16.8494778296703,14.150522170329705,7.849477829670296,10.150522170329705,1-3,0.6088875967638774,0.5333147507919738,0.8544993461725641,0.692271396288501,0.5333147507919738,0.8070734180359929,0.6831334424210245,0.7647339864186924,113.95295955573256,106.60735111081028,114.95140764590772,104.30387913523316,113.26355295099954,101.3466046684477,116.6305852405608,100.96597671262698,0.8400528632142251,7.0,-0.0294574744768999,299.0,316.0,285.55,1.0471020836981264,1.106636315881632,0.7935231528541157,0.25,-0.8927166492794711,79,232,70.35676084020479,13.564921167371196,0.5291955152930049,18.0,28.0,72.0,0.3
56,Baylor,B12,10-5,121.53567298666752,26,107.19930835356298,140,0.8089894663695524,56,16.210059943502735,14.789940056497269,5.973389210825806,12.026610789174196,0-3,0.5593926786006524,0.4679525784651644,0.9251530791426048,0.7057732775898006,0.5036321877583579,0.851764064690287,0.638307538790977,0.7965288204869437,110.4170698044742,104.61534888823516,114.93093820458336,102.22793244196698,105.76329341130068,99.80471388249082,118.27675804181858,105.38106382499298,0.7904449835532388,6.0,0.0206325796727067,178.0,216.0,195.325,0.9113016766926916,1.1058492256495585,0.8370862617998235,0.0,-0.0573184963133663,60,130,69.11774475216838,14.336364633104537,0.5430713459733351,18.0,28.0,72.0,0.3
57,Oklahoma St.,B12,13-3,117.59291315337444,63,103.85469670143604,82,0.8067008562210777,57,19.306945604188734,11.693054395811265,7.306945604188733,10.693054395811265,1-2,0.5566099168683551,0.4773633743986124,0.9000116009039069,0.6926650076867086,0.4773633743986124,0.8481606317281113,0.691157651147662,0.8787919239365458,111.105590404595,107.42317329753514,114.44115014968835,104.08939905518464,115.41808834308824,99.223941091275,118.6107280244225,105.76115897827884,0.7889539234980083,2.0,0.1169987237129217,238.0,261.0,229.9125,1.0351764258141682,1.1352144837709996,0.8377904378929523,0.3333333333333333,1.458532741031444,33,22,74.47705341519726,13.7382164519384,0.5351858263067488,18.0,28.0,72.0,0.3
58,USC,B10,13-3,115.94067712521772,74,102.62231088375648,67,0.8027019364181074,58,19.65903350259929,11.340966497400716,8.659033502599286,11.340966497400716,2-3,0.590097443039461,0.4646746373451401,0.8660276155669671,0.6936939548478804,0.4646746373451401,0.8196545794743872,0.6738590529757478,0.8686878440564324,111.10046609926331,103.98279213498093,114.79441622538386,103.1298844855251,110.23055261186036,101.1427167535697,109.6454125389876,104.25090489780526,0.641110572771929,3.0,0.1802843389040177,345.0,406.0,361.975,0.9531044961668624,1.1216244215760756,0.8041969007768608,0.4,2.371489333089849,18,3,70.76947508418864,13.318366241461234,0.5318813542504355,18.0,28.0,72.0,0.3
59,Northwestern,B10,8-8,119.4068194211645,47,106.24339882931136,118,0.7930225514555216,59,13.257039943365193,17.742960056634807,5.257039943365191,14.742960056634804,0-5,0.5749241086747005,0.479543115592935,0.7847622934545845,0.7072457741444897,0.4795431155929348,0.832482236347845,0.6340648928594391,0.8207078214726151,110.31784021364945,106.2126426757317,114.9833855980647,103.02048394678638,118.6114299698082,111.10056526990256,119.524478491673,106.01518103219804,0.7988781097400415,3.0,-0.1360852671116593,374.0,408.0,344.7875,1.0847260994090564,1.183337562991698,0.8483888839789319,0.0,-2.8350280231319416,137,357,67.06814134111278,13.16342059185314,0.538813638842329,18.0,28.0,72.0,0.3
60,Missouri,SEC,12-4,118.17378799110722,58,105.50119221316774,109,0.7865899703008271,60,17.87288179197021,13.127118208029788,7.87288179197021,10.127118208029788,2-1,0.4820294261111311,0.3931032012343217,0.8673764005773047,0.656635832809192,0.3931032012343217,0.8469649556132651,0.680274260387492,0.827969627766964,108.67504764300335,108.66042583402354,114.70831350425136,106.0378016872525,119.02612137109028,99.72409490578222,112.7822574075318,103.62822959866878,0.7258098919237067,4.0,0.0752739608516598,218.0,218.0,202.5625,1.076211045973465,1.076211045973465,0.8428826666204572,0.6666666666666666,0.6525160139914862,46,54,67.36605091336955,12.672595777939478,0.5363475759822144,18.0,28.0,72.0,0.3
61,George Washington,A10,12-5,120.726077389097,37,107.80406183018002,156,0.7861548146709616,61,21.60529114656701,9.39470885343299,12.60529114656701,5.394708853432989,3-1,0.450836292685574,0.4369878610677928,0.4958436954433629,0.5099217583655511,0.4369878610677928,0.5625962397472652,0.8348213091570807,0.8547533953451929,108.05601799704048,108.90018264709954,109.33415061133516,107.98101151521368,125.82826645982286,105.40455291401764,111.3265670081282,101.36874972829212,0.7460367560962097,1.0,-0.0391448731849261,349.0,285.0,276.2,1.2635771180304127,1.0318609703113686,0.581668395262666,0.75,-1.3403998850061634,92,255,70.73101932257366,12.922015558916982,0.541452154778194,18.0,28.0,72.0,0.3
62,Virginia Tech,ACC,13-4,114.74039638880085,86,102.4792140148778,66,0.7857743739291471,62,18.592146000808626,12.407853999191367,7.59214600080863,10.40785399919137,2-2,0.5770759747663876,0.5099912114970189,0.7951014553918361,0.6784348266146076,0.5099912114970191,0.8000885486439768,0.6928097283765504,0.8457595202414079,111.65634254131145,108.03383534536158,114.14300032123154,104.6387340200716,115.4492116431328,100.92379102045876,107.79924557989663,95.507877916408,0.8009451630489708,3.0,0.0911496660120659,319.0,310.0,296.9625,1.0742097066127878,1.0439028496864082,0.8015134324303028,0.5,0.678973455624016,45,40,68.45579516732768,12.261182373923049,0.5294807927776017,18.0,28.0,72.0,0.3
63,South Florida,Amer,10-6,116.62704973593216,68,104.16629245066936,87,0.7857365850881326,63,20.481697741715223,10.518302258284782,12.481697741715218,5.518302258284782,2-1,0.5468394172892219,0.5225740115658284,0.6519895087572605,0.5525838044555468,0.5225740115658281,0.5742575437647879,0.8097395044682845,0.7864954616234023,112.57419693546284,108.73351000408296,111.2604207191516,108.2504383204402,119.17513786501604,105.62833141582249,121.99631473006498,97.59771728884635,0.9286458817690928,3.0,-0.0318629040853656,273.0,257.0,238.3375,1.145434520375518,1.078302826873656,0.5587111507662935,0.6666666666666666,-1.2882712313236564,88,240,72.42831655092485,12.460757285262801,0.5332540994718643,18.0,28.0,72.0,0.3
64,Stanford,ACC,13-4,113.97167865342472,94,101.91629377032714,59,0.7834148853387032,64,19.561544900045305,11.438455099954696,8.561544900045304,9.438455099954696,2-2,0.5869929934530044,0.5058483428617242,0.8507131078746651,0.673097338301066,0.5058483428617243,0.7938882794517014,0.7351342131191441,0.8746874432340993,110.4329408554056,105.59112197717236,112.64923008848407,103.91764027309736,106.8693486596795,96.9635944649876,117.2930649657484,101.33416176084218,0.8431557605686993,4.0,0.0936503223704696,244.0,261.0,245.675,0.9931820494555816,1.0623791594586345,0.7776526141879975,0.5,0.7298139208094642,44,38,67.90424978293913,12.055384883097574,0.5279433573068495,18.0,28.0,72.0,0.3
65,VCU,A10,11-6,118.29056267051232,56,105.85823498002694,112,0.7819381319416828,65,20.30880066576439,10.69119933423561,11.308800665764393,6.691199334235609,2-2,0.5258483895204994,0.4784444916239276,0.6799110576843572,0.5552870152172401,0.4784444916239276,0.6107843933679659,0.7912595419472206,0.7772331184151776,110.0946770300553,109.11244178557789,110.12629072446413,107.77973277832989,116.38564833033789,108.06299605802718,105.23791576522405,95.64724623631534,0.7500544253117851,4.0,-0.0107520765152274,324.0,319.0,282.65,1.1462940031841502,1.12860428091279,0.5910339178489968,0.5,-0.9619532121298562,83,195,69.77332223438236,12.43232769048538,0.5365811253410246,18.0,28.0,72.0,0.3
66,Tulsa,Amer,13-3,122.76301820098766,20,110.005723739228,201,0.7793391307979983,66,23.561777035706907,7.4382229642930975,11.561777035706903,6.438222964293096,1-2,0.4334074126001893,0.4115194430144768,0.5282552808049431,0.486038612437628,0.4115194430144767,0.5398580125765707,0.8677640812079891,0.8949555204632469,107.62108205363316,107.86422924093377,108.39559866917598,107.65031017289876,121.21725388203537,111.5303133631938,0.0,0.0,0.0,0.0,0.0277993483428355,242.0,213.0,200.375,1.207735495945103,1.0630068621334996,0.5421785589308961,0.3333333333333333,-0.3061528168362849,69,119,67.86999878722322,12.757294461759656,0.5455260364019753,18.0,28.0,72.0,0.3
67,Cincinnati,B12,8-8,104.4321881098832,256,93.69534104506776,7,0.7768891577503828,67,13.783056040650996,17.216943959349006,5.7830560406509965,12.216943959349004,0-3,0.5506031667488376,0.4710542403496977,0.895315181145111,0.68656207529441,0.4710542403496977,0.8422066227544804,0.6634189657812392,0.8245673079425695,109.73066520547724,106.34951584182876,114.42115746183026,103.89040144216902,108.96046925880673,93.50455723375931,104.7189661592215,93.53659772994506,0.7856103711149558,6.0,-0.1329597655842541,192.0,202.0,194.7,0.9861325115562404,1.0374935798664613,0.8315849110763545,0.0,-2.923213719366782,144,354,69.68797910620971,10.736847064815436,0.5088643762197664,18.0,28.0,72.0,0.3
68,Nevada,MWC,12-4,118.9434938246614,50,106.80998405866706,134,0.7751053744942638,68,20.926997216751776,10.073002783248226,12.926997216751774,7.073002783248226,4-1,0.5988335985349209,0.5500494169519756,0.7061587980174004,0.6070709198246346,0.5500494169519756,0.6384327464045969,0.7885725158892601,0.8417344274118463,111.31103989508485,106.84600340427863,110.73647771070397,105.64830202559293,126.00171011896217,107.3346950052622,123.20697492349083,124.83718549938312,0.4622807623237821,1.0,0.0746500266384937,382.0,349.0,316.4,1.2073324905183314,1.103034134007585,0.6158573958669957,0.8,0.1346811762731791,53,57,65.63098940644615,12.133509765994347,0.5378869876493229,18.0,28.0,72.0,0.3
69,Minnesota,B10,10-6,111.47355837916254,128,100.12812106861736,43,0.7745831533504747,69,15.783652796824525,15.21634720317548,8.783652796824521,11.216347203175475,3-2,0.546280965043224,0.3969887147485358,0.8747239156915378,0.6755775104225882,0.3969887147485357,0.828801348043317,0.6650474852410961,0.866688385744213,111.42546552082015,108.97654027912871,114.83063521133258,105.04582916117398,114.62889431433102,98.5339167101483,114.69112439328246,104.06306163093878,0.7536776983355246,6.0,-0.006070618772177,353.0,364.0,331.2125,1.0657810318149226,1.0989923387553309,0.8134938254939101,0.6,-0.949962340402892,82,182,63.72612711279088,11.34543731054518,0.5229471167583251,18.0,28.0,72.0,0.3
70,Dayton,A10,12-4,110.90057871605968,135,99.67009570869604,39,0.7734397516746292,70,21.24565850188289,9.754341498117116,12.245658501882886,5.754341498117115,3-0,0.488764379647905,0.4961436938928738,0.4567873512530402,0.552968657061382,0.4961436938928735,0.5940089082386382,0.8063285606177756,0.8139500810799022,108.87514549110053,109.19066892860955,110.89830321693236,108.30435626040595,102.34960316886628,99.0098309670912,115.56875564563587,99.0751447559408,0.8545634638616211,2.0,0.0320949375974453,212.0,196.0,199.175,1.064390611271495,0.98405924438308,0.6214532196357576,1.0,-0.2867468730598026,68,112,68.20341514206372,11.230483007363645,0.5218011574321194,18.0,28.0,72.0,0.3
71,Grand Canyon,MWC,10-5,107.23662028200812,197,96.46438109432252,17,0.7716119474619202,71,19.462922214098345,11.537077785901651,12.462922214098349,7.537077785901654,3-1,0.4847446106221247,0.4251770704466782,0.6485553461046025,0.5625072135904122,0.4251770704466782,0.638038792319466,0.7849349050389851,0.8337554815078291,109.95104417129738,110.31739901149508,110.25143342555796,107.075238175874,108.1061564517626,89.14971648427323,90.48155768316497,89.35169557680537,0.5360640225502672,2.0,-0.0321552642028615,293.0,256.0,273.75,1.0703196347031962,0.935159817351598,0.6354096538731818,0.75,-1.237204651257314,86,241,68.10396297912693,10.7722391876856,0.5144732405640162,18.0,28.0,72.0,0.3
72,South Carolina,SEC,10-6,114.50239821530612,88,103.23568250155358,72,0.7669527476845482,72,15.186698376454098,15.813301623545902,6.186698376454097,11.813301623545902,1-2,0.4747102041053964,0.3783198736462917,0.8924016360948501,0.6566491014956055,0.3783198736462917,0.8576646549423319,0.679166277252535,0.8705486278475293,109.1115863552924,110.22214971430095,114.73276160145808,106.23813285162548,122.89378383600229,99.48760541964197,118.21741389822702,98.1774123419984,0.894364257061773,4.0,-0.0656172789068736,219.0,226.0,197.575,1.1084398329748195,1.143869416677211,0.8507172587118281,0.3333333333333333,-1.8397014902878444,106,299,65.50009442104876,11.266715713752532,0.5290047964306123,18.0,28.0,72.0,0.3
73,Belmont,MVC,15-3,117.72091250827133,61,106.17586652028125,116,0.7662091264520933,73,23.80509754000837,7.194902459991624,13.805097540008374,6.194902459991625,5-2,0.4265180284921649,0.3760637508093818,0.5058033219936814,0.4854629797603734,0.3760637508093819,0.5456325556834188,0.8676653609148668,0.902027944164502,105.36063059693828,107.73667433360228,106.61180578628162,106.7499067147485,119.98585054865488,113.39933361898012,0.0,0.0,0.0,0.0,0.0601389428708089,561.0,530.0,485.8625,1.1546476626617612,1.0908436028711828,0.567079066131739,0.7142857142857143,0.0459760544773988,55,75,69.68547422946062,11.545045987990079,0.5354418250165427,18.0,28.0,72.0,0.3
74,Oklahoma,SEC,11-5,119.72375157455572,45,108.1038902591081,160,0.7638825203911318,74,16.013211813087437,14.986788186912564,6.0132118130874375,11.986788186912564,1-2,0.5013903469346522,0.4381163304877763,0.7755777515377812,0.6771720946809122,0.4381163304877763,0.8498234799315103,0.6661128836139105,0.7992539086466686,108.1922226136618,108.41188159191852,114.67738748652016,105.41003229918066,113.24471856310146,103.45601704354712,126.95685193329548,106.65838660595458,0.881162633409384,4.0,0.0388086223542288,215.0,225.0,203.08750000000003,1.058656982827599,1.1078968424939988,0.8646726256102562,0.3333333333333333,-0.2638472660897021,66,104,66.36356046297442,11.619861315447622,0.5394475031491115,18.0,28.0,72.0,0.3
75,Notre Dame,ACC,10-6,112.15032587192243,118,101.2849780110894,52,0.7634835238320375,75,16.602616674343956,14.397383325656044,7.602616674343955,10.397383325656044,1-2,0.5748419296567249,0.514470361083128,0.8364520601423111,0.6696688175403165,0.514470361083128,0.781756591648286,0.6953895949494272,0.7819208651258938,111.34130499866728,106.66498055313804,113.43211290878332,104.23823889325314,106.10294123176492,93.37891980958705,106.42962570736296,94.58893953199146,0.7951657355705145,6.0,0.0162342759238256,179.0,188.0,185.25,0.9662618083670717,1.0148448043184886,0.7708174979494811,0.3333333333333333,-0.7417444372051891,75,138,65.22058765597997,10.86534786083304,0.5243006517438449,18.0,28.0,72.0,0.3
76,Kansas St.,B12,9-7,116.35764071373876,69,105.2383708975365,101,0.7604351508478797,76,14.546655712725316,16.453344287274685,5.546655712725316,12.453344287274684,0-3,0.6010861966190205,0.5356443528146027,0.8846675197714982,0.713998882718064,0.5356443528146027,0.8428104876483418,0.650980975057725,0.7841884582645295,112.61177745703218,107.21923450934452,115.09592867270511,103.92483948705087,110.04649000051135,101.45778669659336,115.85769980696024,101.12282970081756,0.8269706805097914,5.0,-0.0150283713745009,233.0,271.0,236.7875,0.9840046455154936,1.1444860898484928,0.8344390812237105,0.0,-1.2899313108410566,89,210,73.44725913633104,11.119269816202262,0.5327152814274775,18.0,28.0,72.0,0.3
77,Providence,BE,8-8,121.28239797690048,29,109.72306797279208,195,0.7598511763529793,77,15.157246996425137,15.842753003574863,8.157246996425137,11.842753003574863,1-4,0.61800871046542,0.50777192231304,0.860529644400656,0.6834620250407616,0.50777192231304,0.7800915815410081,0.6977029900737521,0.8072954875869253,111.18619317365248,104.69902477300565,112.5190174504785,103.13663266409992,122.4175054256866,107.52900105718902,125.22457561472407,108.55179433389814,0.8379610656521917,5.0,-0.0593274523592611,436.0,456.0,393.0125,1.1093794726630832,1.1602684392990046,0.7532788939211257,0.2,-2.101888593821899,111,291,72.79027272944754,11.559330004108404,0.5425647959538009,18.0,28.0,72.0,0.3
78,Wyoming,MWC,11-5,117.7436980288637,60,106.62281574291823,130,0.7578532743213268,78,19.44274781724408,11.557252182755924,10.442747817244076,9.557252182755924,2-3,0.4534815098767971,0.3811699173998033,0.6125670133261834,0.5507172521642177,0.3811699173998033,0.6439682862846455,0.7990865630496681,0.8849650939404903,108.56213208747836,108.5805184545164,110.23884907963097,106.6227532929191,117.5203192457656,111.43422157502457,115.54045301338998,106.47139218415836,0.7191118519584572,2.0,-0.0458594106639353,377.0,374.0,336.675,1.1197742630132916,1.1108635924853345,0.6544353772707996,0.4,-1.6324077585414511,100,262,67.94592865793962,11.12088228594547,0.5354873960577274,18.0,28.0,72.0,0.3
79,McNeese St.,Slnd,13-3,116.23309054711464,72,105.36165288713184,105,0.7557072114265022,79,24.825544115408427,6.17445588459157,17.825544115408427,4.17445588459157,6-1,0.4527191420108703,0.5460957933448293,0.3326634474386375,0.4293074192078459,0.5460957933448293,0.381530357060898,0.8618746571167681,0.7252417990520935,109.64066081985057,107.30056892476328,107.87525454143588,108.7481645134997,117.34752336326072,108.61710255598372,106.87589287817752,107.42334734130615,0.4853150916621435,2.0,0.1097607887212654,560.0,454.0,455.4375,1.229586935638809,0.9968436942500344,0.4043349148846196,0.8571428571428571,0.821871633335223,41,25,66.62551633076363,10.871437659982803,0.5324661810942293,18.0,28.0,72.0,0.3
80,Illinois St.,MVC,12-5,110.87831991932556,136,100.6529041387396,47,0.752629682463673,80,21.03313943768703,9.966860562312965,13.033139437687034,6.966860562312966,4-2,0.4184855007676195,0.4078042960742127,0.4380677093721987,0.4975979466879056,0.407804296074213,0.5469844545254364,0.8574761054954204,0.875835756187035,107.7985091838813,110.10217868501402,108.5567947778898,107.90656157159884,106.52635293819688,97.61265458554811,123.035185639541,110.44412548917802,0.7758332301894556,1.0,-0.0557518936394051,436.0,376.0,409.8125,1.0639011743175233,0.9174927558334603,0.59366305959111,0.6666666666666666,-2.0530120515551724,110,285,66.81774314146732,10.225415780585962,0.5217566398386512,18.0,28.0,72.0,0.3
81,High Point,BSth,16-3,119.83413204147668,44,108.78786352090742,177,0.7525298882687784,81,26.573554759000587,4.4264452409994135,14.573554759000588,1.426445240999413,4-0,0.2692820247060116,0.2636429269377683,0.2904286413369238,0.2701955949943339,0.2636429269377683,0.2763387212973641,0.948791399646571,0.9475413616827394,102.63633658334729,111.58144954045616,103.2167698968438,112.73753737375272,115.37605596563874,101.02898984273352,0.0,0.0,0.0,0.0,-0.0273593171166856,355.0,267.0,293.61249999999995,1.2090765890416793,0.9093618289412068,0.2716420812841776,1.0,-1.3173705240037386,90,229,70.05688854346653,11.046268520569257,0.5396682640829533,18.0,28.0,72.0,0.3
82,Oregon,B10,8-8,115.24112150397708,83,104.61942957266956,90,0.7525054355378958,82,12.719808444115074,18.28019155588492,5.719808444115078,14.280191555884922,1-4,0.613009786202273,0.5610165400728264,0.7273949276870556,0.7325739240118778,0.5610165400728266,0.8269304851783559,0.649606777688583,0.795181318971456,112.27124713941689,106.270452297526,115.92981576496923,102.96708694056107,110.74785947829878,105.83842988217984,118.0322094283863,112.94659337531364,0.6239829050420348,5.0,-0.1054524815295305,351.0,370.0,330.7,1.06138494103417,1.1188388267311764,0.8601090043421228,0.2,-3.038062646809605,148,341,67.16716311854705,10.621691931307524,0.5304822430079542,18.0,28.0,72.0,0.3
83,Boise St.,MWC,9-7,110.15298908175068,143,100.14158262523094,44,0.7494685290238247,83,18.47435620717217,12.525643792827834,9.474356207172166,10.525643792827832,1-4,0.635087630923959,0.5530241483600309,0.8156272925646011,0.6387248925148349,0.5530241483600306,0.6858603017999775,0.7564043917462105,0.7980475667132287,114.41383789896484,103.7104463241678,113.4496442610042,104.88620052600548,105.83021306924218,108.55552077133504,113.85085228415036,103.6986020665037,0.7453772456331529,5.0,-0.0083322456576307,361.0,412.0,361.85,0.9976509603426834,1.1385933397816774,0.6426046382117696,0.2,-1.590177357551935,99,194,66.78312342698497,10.011406456519737,0.5203059781635013,18.0,28.0,72.0,0.3
84,Utah Valley,WAC,14-4,112.15262910939585,117,102.04802028305284,60,0.7475896244901762,84,24.0017391444166,6.998260855583406,14.001739144416591,3.9982608555834087,4-1,0.416052472335611,0.4176586182140384,0.4118764930517,0.4271134976045674,0.4176586182140384,0.4339420216088385,0.8913347286908444,0.8696653474025686,108.03213771243712,108.1546262305819,106.8592809795966,108.0335170812257,110.7377162512866,108.28960983572792,105.2004203805097,103.14719888868744,0.5564254822902499,1.0,0.0222148257223592,413.0,384.0,365.5125000000001,1.1299203173626071,1.050579665538114,0.4424287633615842,0.8,-0.8250998207444505,77,127,70.46367487162972,10.10460882634301,0.5243052582187917,18.0,28.0,72.0,0.3
85,Miami OH,MAC,17-0,117.07121059916764,67,106.60009293036508,129,0.7460257140132033,85,27.663887610730143,3.3361123892698656,15.01382467322717,2.986175326772829,5-0,0.2962659299798971,0.2147349035912471,0.491940393312657,0.3621491529558657,0.2397333528521321,0.4505605641418955,0.9143891767442542,0.9429528707496422,105.37907938680009,111.7437078809574,106.7680847188135,111.28591812848894,118.63466320929086,103.96168535881851,0.0,0.0,0.0,0.0,0.1693084064111312,429.0,382.0,360.6125,1.18964262192797,1.0593088148636003,0.4346452452300641,1.0,1.9861897211969328,27,4,70.77340927194025,10.471117668802563,0.5341424211983353,18.0,28.0,72.0,0.3
86,Memphis,Amer,7-8,108.81203890549828,168,99.29610687292048,33,0.7412411717562017,86,16.940816022095962,14.05918397790404,11.807477612045316,6.192522387954683,2-1,0.6460293968061165,0.6721391689638209,0.5415903081752991,0.6150024799878154,0.6921641618838759,0.5592745986184382,0.7626309900112791,0.6645596645507935,113.3978549999153,104.98986566549917,112.31024582484586,106.15054392867332,103.99057621700786,99.29307132852396,109.47194160774872,97.3906301141058,0.7932765677765218,3.0,-0.0767132372502035,211.0,207.0,209.8125,1.00565981531129,0.9865951742627346,0.5628114567070662,0.6666666666666666,-2.526721746315701,127,320,69.32296282627915,9.515932032577808,0.5176240778109966,18.0,28.0,72.0,0.3
87,Murray St.,MVC,15-3,118.38215113694532,55,108.06911351198389,159,0.7404272701279928,87,23.012884673839125,7.987115326160871,15.012884673839125,4.987115326160871,7-0,0.4654216416732267,0.4660407369012604,0.4644487777434595,0.5190448847541692,0.4660407369012604,0.5481971660732692,0.8416436460554708,0.8333461685178049,108.37543605616575,110.2865997382134,108.30595018917494,107.78068178076018,118.82205583452668,108.01316817602428,117.65381833953454,109.33632369411644,0.6991294567397996,1.0,0.1131065347717784,588.0,523.0,501.2,1.1731843575418994,1.0434956105347166,0.5932924520970129,1.0,0.6205576156304289,47,23,72.40169337330678,10.313037624961439,0.5367643022738906,18.0,28.0,72.0,0.3
88,California,ACC,13-4,113.20804989197472,104,103.37348374238744,74,0.7398340256631032,88,19.063791161805696,11.936208838194306,7.063791161805694,10.936208838194307,1-3,0.4828369659309972,0.3696443068714071,0.8507131078746651,0.6114306600131217,0.3696443068714071,0.7860541372821376,0.7570059602195998,0.9061426293579428,109.97841392664228,109.2560951493334,112.09890341486155,105.81356918154916,112.60893628337648,109.0156994233166,112.1641062501788,104.85011295197351,0.6847005537099917,4.0,0.0757727820083626,277.0,323.0,269.3,1.0285926476049017,1.1994058670627552,0.767580145684273,0.25,0.0897647705172797,54,52,67.20361407735987,9.834566149587289,0.5264160997839494,18.0,28.0,72.0,0.3
89,Northern Iowa,MVC,12-5,105.15807540181588,240,96.0315147095666,15,0.7396336360576815,89,21.074020178861826,9.925979821138183,13.074020178861817,6.9259798211381804,4-2,0.4722509348345758,0.4562791615659838,0.5015325191603278,0.515631943450635,0.4562791615659834,0.5482759734871936,0.8514695185415208,0.8611715170608744,109.12157902569592,108.81693764044114,109.25307184959716,107.6849751754998,105.90737218486716,100.96116200104424,104.19832270600192,87.52896842000828,0.8812950635102597,1.0,-0.0176424431084428,389.0,369.0,372.4,1.0445757250268528,0.9908700322234156,0.5683088824844218,0.6666666666666666,-1.661383215937969,101,215,62.27471195630273,9.126560692249285,0.5103161508036318,18.0,28.0,72.0,0.3
90,Colorado St.,MWC,11-5,121.06305118927318,33,110.77032037088426,219,0.7353240729871746,90,19.70483434975204,11.29516565024796,10.704834349752042,9.295165650247958,2-3,0.5267448265034705,0.4260386667940334,0.7482983778642323,0.5641878643496079,0.4260386667940334,0.6401699230051736,0.8065024174969819,0.8967198732728222,111.78258480211416,108.65486614294964,110.59055616475658,106.66613659206836,111.61368289084994,110.55747681890055,103.37104600468626,132.19083917947344,0.0558244666058442,1.0,0.0156440307984406,330.0,377.0,319.15,1.0339965533448223,1.1812627291242364,0.6041271047188208,0.4,-1.1685539300672496,84,140,62.19144313774336,10.292730818388918,0.5421261023785464,18.0,28.0,72.0,0.3
91,Colorado,B12,12-4,118.27038071505336,57,108.2266959400748,163,0.7350838022307749,91,16.832265756845445,14.167734243154552,6.8322657568454455,11.167734243154552,2-1,0.5512799926633907,0.5079857957438094,0.7388881793149089,0.6919004194565799,0.5079857957438094,0.8247276476935804,0.6966434752409226,0.8675673820146681,111.35396393350976,109.10337352778888,114.91424677717792,104.7489776608175,115.5107756879412,100.95294356135946,107.27006963544105,100.6851607214664,0.6744846468840832,1.0,0.0822526559155862,251.0,235.0,218.4875,1.1488071399965674,1.0755764059728818,0.8418955413693148,0.6666666666666666,-0.2286801989476182,64,46,69.66149375137458,10.043684774978558,0.5365407614301068,18.0,28.0,72.0,0.3
92,Hawaii,BW,12-3,105.97820334484796,217,96.9931783835927,20,0.7347421270220271,92,23.62458486494688,6.375415135053117,15.624584864946884,4.375415135053118,4-1,0.3265934337996473,0.2509023017785649,0.4779756978418119,0.3650987702866996,0.2509023017785651,0.4221970045407668,0.9158354105335202,0.9381523702559136,105.67359775325654,111.967614321995,106.52122862415524,111.6217003841747,107.06928450462648,93.61579050913544,0.0,0.0,0.0,0.0,-0.0231597821363619,372.0,322.0,346.275,1.07429066493394,0.9298967583567974,0.4036041067737517,0.8,-1.1962564706588412,85,222,69.43283337206086,8.985024961255249,0.5119564066896959,18.0,28.0,72.0,0.3
93,Mississippi St.,SEC,10-6,112.78668299022344,109,103.53640308744272,78,0.7279234681648213,93,14.50877936279607,16.49122063720393,6.508779362796071,11.491220637203927,2-1,0.6118787926428462,0.5627929590810421,0.8245840714106641,0.7304749322590958,0.5627929590810421,0.8515785795543567,0.6603921874450385,0.8022828951614218,112.70075895269846,106.82996947780371,116.84967757961245,104.50925970161452,116.41568903005596,99.5107680130036,118.94811348292356,106.05130759752063,0.7891468005162828,5.0,0.0535071726326513,241.0,243.0,216.6,1.1126500461680515,1.1218836565096952,0.8569774811830951,0.6666666666666666,-0.8294842588646127,78,82,68.97535180936046,9.250279902780719,0.5255733659804469,18.0,28.0,72.0,0.3
94,Florida Atlantic,Amer,11-6,114.19678900451378,90,104.86497326704152,96,0.7271817645299502,94,20.08327437332338,10.91672562667662,12.08327437332338,5.916725626676621,3-1,0.4915914756232813,0.4868290057666867,0.5070695026572134,0.5171038233219372,0.4868290057666867,0.5389689693340626,0.8428955670432074,0.8427183239877546,110.09089342736472,107.59940601454664,110.08959826193968,107.80815040304245,113.76032582771244,97.30603842915328,107.98444668985412,100.5134032748716,0.6951918696589788,2.0,-0.0316348823972999,341.0,288.0,301.45,1.1311992038480678,0.9553823187925028,0.548083102670305,0.75,-2.1810887429902475,113,239,70.50470130699343,9.331815737472255,0.5283935780090275,18.0,28.0,72.0,0.3
95,Stephen F. Austin,Slnd,13-3,112.0316128901855,119,103.11443025851202,71,0.7218847816204169,95,24.73126800366061,6.268731996339392,17.73126800366061,4.268731996339391,6-1,0.3436296841918527,0.3201145469749399,0.373863432042169,0.3658664834734643,0.3201145469749399,0.3845831847683152,0.9188025268465994,0.9282907602393408,104.77365807922412,109.45811335773269,105.5836156514248,110.25331825778164,110.42283316134308,98.72222362711692,0.0,0.0,0.0,0.0,0.0183678004676718,513.0,428.0,452.775,1.1330130859698524,0.9452818728949256,0.3895857360405166,0.8571428571428571,-0.929084860596432,81,135,65.7083459409498,8.917182631673484,0.524063225780371,18.0,28.0,72.0,0.3
96,Yale,Ivy,12-3,121.12164589458416,31,111.54723055855004,239,0.7205102004558763,96,22.014241483461674,5.985758516538328,10.188875684174914,3.811124315825084,1-1,0.435057050547441,0.4405428064473163,0.3993996371982514,0.4254240281746736,0.429646323175072,0.4212017331742752,0.8848996082252509,0.8565621022236931,109.24182471464452,107.91251652119831,108.45963444313348,109.46978182895748,100.82635534705744,104.07202763061476,120.1157267340632,119.72983709042812,0.5092501781623887,1.0,0.0883530579734719,130.0,129.0,134.65,0.9654660230226512,0.9580393613070924,0.4248354158369459,0.5,-0.0082529349925508,58,42,66.69721058985553,9.574415336034122,0.5422432917891683,18.0,28.0,72.0,0.3
97,Mississippi,SEC,9-7,112.26260583743074,115,103.5056650583107,77,0.7178793030298638,97,12.98109212613688,18.01890787386312,4.981092126136884,13.018907873863116,1-2,0.5653882085831496,0.5106540650005411,0.80256949744112,0.7119854806840266,0.5106540650005411,0.8573915031220992,0.6475324457578123,0.7955441788851414,110.9743687795369,107.22772875682594,116.06500251822172,104.2428397451626,115.35047458021762,108.92081048913424,105.47281573087484,100.7918707845984,0.6276267077383731,5.0,-0.0362603134049149,233.0,249.0,206.0875,1.130587735791836,1.2082246618547947,0.8683559042582949,0.3333333333333333,-2.195167481134187,114,249,65.70259696653407,8.756940779120043,0.5245252116748614,18.0,28.0,72.0,0.3
98,Hofstra,CAA,13-4,114.1621456086596,92,105.49722871538124,108,0.7125402308043539,98,23.693012042440483,7.306987957559523,14.693012042440484,3.306987957559521,4-0,0.4590722082690134,0.4796127077789111,0.3923155848618457,0.4314964883670679,0.479612707778911,0.3967458854585144,0.8801002435462093,0.8301133231691991,108.78401072821352,107.44680246099772,107.6312504399204,108.97306979140367,115.62313110780252,105.16987439455238,123.086120799693,105.8344138807739,0.8502544592047138,2.0,0.08684101875635,301.0,270.0,263.8625,1.1407456535127196,1.023260220758918,0.3980116856289912,1.0,-0.3439124776277067,70,44,66.22015079064091,8.66491689327836,0.5283242912173192,18.0,28.0,72.0,0.3
99,Middle Tennessee,CUSA,10-6,111.5062360955966,127,103.285128878996,73,0.7069779886592213,99,20.66943209838616,10.330567901613849,14.669432098386151,5.330567901613845,4-1,0.500278781255365,0.5322303663972231,0.4299852939432773,0.4832797921619932,0.5322303663972231,0.4563569763326168,0.841559768511283,0.7387668849384763,112.60382292067854,104.99328232635102,109.77387680697146,107.01319852235264,110.052786804693,98.7361250306744,110.695257309386,95.77034151107526,0.8409777917580882,2.0,-0.0114638473663593,363.0,323.0,332.475,1.0918114143920594,0.9715016166629068,0.4651475371290632,0.8,-1.7143142901352142,103,197,64.95104137879925,8.2211072166006,0.5230124721911932,18.0,28.0,72.0,0.3
100,George Mason,A10,16-1,113.54350777357276,98,105.328355173218,104,0.7034309061454839,100,24.01489029282284,6.985109707177154,12.014890292822846,5.985109707177154,4-0,0.3823161256611455,0.3273313430738132,0.5610166690699758,0.4854191905999376,0.3273313430738133,0.5995937471465829,0.8651851018031278,0.9237247349029056,107.54493781870258,112.02637361751324,109.84924725765666,109.92128836908807,115.24424326006188,105.93429444502098,101.16035972792405,108.1377931480801,0.3171193425575501,1.0,0.1668306959368837,294.0,263.0,254.5625,1.154922661428922,1.0331451018904985,0.6106157694541849,1.0,1.3325656862912498,35,5,65.29840539376673,8.215152600354756,0.5270870155471455,18.0,28.0,72.0,0.3
101,Arizona St.,B12,10-6,115.32298369066704,82,107.04314988205256,138,0.7019925506877379,101,14.369764203546485,16.630235796453515,5.3697642035464845,12.630235796453514,1-2,0.6199695773576948,0.5841843777480231,0.7750387756662714,0.7265141703288136,0.5841843777480231,0.8293079094149401,0.6453804721107427,0.7662947926847904,112.8528440799825,106.43967619839566,115.82056505864529,103.35568366950324,112.0228440291296,110.06826424727012,113.27338696963602,105.87513965047464,0.6849799872836897,5.0,0.092274642269448,252.0,283.0,234.7375,1.0735395920975557,1.2056020022365408,0.8401617361646739,0.3333333333333333,-0.5118488322362593,73,39,70.0893519988028,8.279833808614484,0.5306459673813341,18.0,28.0,72.0,0.3
102,San Francisco,WCC,12-7,112.38317199633576,113,104.34187999289108,89,0.7013586544584368,102,17.60452385444776,13.395476145552244,9.604523854447754,8.395476145552244,4-2,0.4834991414293831,0.4837037404615583,0.4830558435263369,0.565380924522661,0.4837037404615582,0.6243700019001239,0.7837231202187749,0.8290220765282604,108.13433589112384,108.16571885138843,110.95472766541388,106.6167274475472,106.57195199064522,100.2274723177977,119.64018451167183,104.32531883319626,0.8285249212325805,1.0,-0.0264255804244988,438.0,405.0,418.8375,1.0457516339869282,0.9669621273166802,0.6950270810870172,0.6666666666666666,-2.67381077370872,131,226,65.3059137178882,8.041292003444681,0.5247663439926715,18.0,28.0,72.0,0.3
103,Pittsburgh,ACC,7-9,114.26420441055312,89,106.30422918292152,121,0.6964384895137165,103,11.997658314956311,19.00234168504369,4.997658314956312,13.002341685043689,0-3,0.6095079813360749,0.5534041691799245,0.8526245006793935,0.7044769439005235,0.5534041691799244,0.8135850589765123,0.6926086689082832,0.8072506745005043,111.27208333358124,106.28430358007496,113.73432279339796,103.65181218234216,115.16430224567353,108.52037809661188,110.24731958871524,105.60692119176989,0.621172143256673,5.0,-0.1163117299123372,209.0,232.0,199.7625,1.0462424128652776,1.1613791377260498,0.8057771706359361,0.0,-3.93411904063135,187,349,64.9275401658778,7.9599752276316025,0.5285284088211062,18.0,28.0,72.0,0.3
104,Liberty,CUSA,13-3,115.41532742199232,80,107.57653506534128,149,0.691863985781473,104,23.759451995879942,7.240548004120043,15.759451995879958,4.240548004120043,5-0,0.4102389512950299,0.3838037366427129,0.4683964235301275,0.4264192895659955,0.3838037366427133,0.4498578436738008,0.8818993245129826,0.8589100625345198,108.40505947833633,108.7330332306557,107.3667660942492,108.7385706091994,118.33907985776987,106.90446219978423,76.56453997370764,108.79419078055903,0.0172893369357722,1.0,0.1028552278004588,410.0,366.0,345.9125,1.18527084161457,1.0580710439778844,0.4436783170550251,1.0,0.0270797137910792,56,29,64.49842232261136,7.838792356651041,0.5308306548439846,18.0,28.0,72.0,0.3
105,UC San Diego,BW,13-4,115.01421206523324,84,107.49760880757256,147,0.6850874801119559,105,23.7813272026268,8.2186727973732,13.781327202626798,6.218672797373201,3-2,0.4212142141036327,0.4166113818748715,0.4322610114526596,0.4231732086186126,0.4166113818748715,0.4271103046648572,0.8963842833258437,0.8893052148639867,107.94205953946788,108.85722705485512,107.35468870141466,109.424854616176,111.02155334861364,110.90817400189697,0.0,0.0,0.0,0.0,0.0488956783893025,368.0,368.0,335.9375,1.0954418604651164,1.0954418604651164,0.4253934024022563,0.6,-1.2416754070006566,87,87,67.45233727102934,7.516603257660677,0.5300284241304665,18.0,28.0,72.0,0.3
106,Wichita St.,Amer,10-7,113.33194117512878,100,106.24470976017462,119,0.677569459067278,106,18.01538411424873,12.98461588575127,10.01538411424873,7.98461588575127,2-2,0.4495520062015743,0.4359430810327097,0.4937810130003843,0.507091983259229,0.4359430810327097,0.5584773015339374,0.8430875202285067,0.8641518033982212,108.15207667917358,109.09472730534397,109.39881879511567,108.30323034269,115.9120367307776,112.35018781280328,101.04217728314909,91.03381021120312,0.7684413502425717,1.0,-0.0950900110035233,317.0,307.0,275.525,1.1505308048271483,1.1142364576717176,0.5769619554006667,0.5,-3.655215171343196,173,334,65.62786977849416,7.087231414954161,0.5266638823502575,18.0,28.0,72.0,0.3
107,St. Thomas,Sum,14-4,114.13815648085308,93,107.0684617179468,139,0.6759723405055473,107,24.174566684626715,6.825433315373285,13.174566684626717,2.825433315373284,3-0,0.3591890441998923,0.3770581053427059,0.2698437384858244,0.3471634195617789,0.3770581053427059,0.3191371516421595,0.913603274294048,0.8880664136621228,109.0564797628306,111.8140173679837,107.7959376735988,112.79401062965196,119.91978014918374,116.575915583812,101.9313545492632,109.95808780680176,0.2949014529994397,1.0,0.031008588155629,273.0,245.0,211.12500000000003,1.2930728241563054,1.1604499703966842,0.3305125546782368,1.0,-1.3351024595345096,91,116,68.9170021129252,7.0696947629062805,0.5282763129617062,18.0,28.0,72.0,0.3
108,Penn St.,B10,9-7,116.30210986482469,70,109.1070158982596,184,0.6757729348806095,108,14.221504051268044,16.778495948731955,5.221504051268049,14.778495948731951,0-5,0.5349297111828667,0.3440235471327337,0.9549232720931592,0.6542066360917119,0.3440235471327337,0.8248073350191497,0.6858253897379475,0.9307428766540335,112.14692537876988,107.62581648625051,114.30124175062402,104.85317600033824,120.24726864790073,107.76202438989124,120.24726864790073,107.76202438989124,0.7791441904885871,5.0,-0.0145029267721326,366.0,429.0,348.06249999999994,1.051535284611241,1.2325372598312088,0.7814353559944801,0.0,-1.8010747179771824,105,204,67.80076051811176,7.195093966565082,0.5326042197296493,18.0,28.0,72.0,0.3
109,Wright St.,Horz,11-7,111.69351469666756,124,104.94523623833354,97,0.6718754863428923,109,21.12296747670292,9.877032523297084,16.122967476702915,3.877032523297083,6-1,0.420766627013242,0.4217243506639256,0.4192616327050248,0.3891136123513892,0.4217243506639254,0.3711777062794945,0.9052706485472112,0.8689541797546453,110.78335785366676,111.76925467856816,109.34027947838298,112.97864016691634,114.74200413398503,102.30570631385103,105.93981734677588,107.48989454936756,0.4583355465081372,1.0,-0.0887210339301196,577.0,513.0,483.2375,1.1940298507462688,1.0615897979771851,0.3452863612811319,0.8571428571428571,-3.8751956809743886,185,330,65.98431207219937,6.748278458334028,0.5233870293933351,18.0,28.0,72.0,0.3
110,Xavier,BE,10-7,111.7806379230521,122,105.32381897775122,103,0.664683429691432,110,14.437899936709568,16.562100063290433,6.437899936709572,13.562100063290428,2-4,0.6209593466230172,0.5480093139761907,0.7547010731421996,0.7038176659196286,0.5480093139761907,0.7895122594885191,0.6894307609543755,0.7983435073932643,110.26432127689316,104.2856085405678,112.95069683721768,102.56144588695518,107.03684744420634,108.33943121258608,110.623487029845,102.37161759971087,0.7092024339006846,4.0,0.071887823410457,443.0,501.0,440.225,1.0063035947526833,1.1380544039979557,0.8044313393512275,0.3333333333333333,-1.4987068316016148,97,61,70.46622006449319,6.456818945300881,0.5235612758461042,18.0,28.0,72.0,0.3
111,Seattle,WCC,12-6,105.5741537677257,222,99.61989752228988,38,0.6609642429673913,111,19.443031628232045,11.556968371767956,8.443031628232044,9.556968371767956,1-4,0.4412683533919955,0.3423764534582849,0.6983872932196433,0.4876581227483144,0.3423764534582849,0.5925837727911137,0.8296170515074298,0.916369198772406,110.54574095527556,109.59252854204055,110.02711119244124,108.0205646138647,103.84105031517696,95.56558107266189,120.05339782321988,100.25898690257002,0.8881586525836787,3.0,-0.0057764605473157,331.0,363.0,347.42499999999995,0.9527236094121034,1.044829819385479,0.551890111087833,0.2,-2.211854108075328,115,180,68.79387002383373,5.954256245435829,0.5111483075354514,18.0,28.0,72.0,0.3
112,UC Irvine,BW,12-6,104.56321511071287,252,99.08424972133864,30,0.6499786141973708,112,21.50678010398083,10.493219896019172,14.506780103980828,5.4932198960191725,5-1,0.4318867757707985,0.4490459248282026,0.39756847765599,0.4374981833059624,0.4490459248282026,0.4305695383926181,0.8952075143444306,0.8901614465483697,107.62927863917592,108.27914314019336,108.03698991266606,109.45957486696764,108.91088118356652,99.68125515459292,0.0,0.0,0.0,0.0,-0.0203206963423525,465.0,403.0,419.55000000000007,1.1083303539506613,0.9605529734239064,0.4447128501368872,0.8333333333333334,-2.99638069302126,146,219,68.1385121356059,5.478965389374238,0.5091264302214258,18.0,28.0,72.0,0.3
113,DePaul,BE,10-7,105.27675810855854,234,99.80150519434554,40,0.6489001508611815,113,14.772102223418871,16.22789777658113,6.772102223418867,13.227897776581132,2-4,0.5323004460433256,0.3730231109995383,0.8243088936236022,0.6427281363125815,0.3730231109995382,0.7910659002347551,0.7241390721057533,0.8980346940701881,110.6564072939824,108.75318588507248,112.73728885644476,105.991253642889,105.3994470742929,95.0862057220935,103.62187511655634,101.7159254810486,0.5531713444160233,5.0,0.0201421775307777,388.0,421.0,404.7625,0.9585868256076094,1.0401161174762978,0.7768189030681066,0.3333333333333333,-1.7593138271419724,104,131,67.74799558543836,5.4752529142130015,0.5105535162171171,18.0,28.0,72.0,0.3
114,UAB,Amer,11-6,111.2152110719938,131,105.71782645771268,111,0.6417520741225105,114,19.152089803756912,11.847910196243088,10.152089803756912,7.847910196243089,2-2,0.4449392060865507,0.3990960142055084,0.5939295796999384,0.4854133719507386,0.3990960142055084,0.5477536858778492,0.8543766689783878,0.8745084758940801,108.18592190794443,109.7964785411676,108.41418260753424,108.55954553997326,108.18075198730718,105.76052439777024,112.85958789860024,104.85644197352642,0.6996960831793474,2.0,-0.0150186192652206,337.0,342.0,319.0625,1.0562193927522037,1.071890303623898,0.5345605733572523,0.5,-2.63869816152975,130,209,70.04648179367476,5.497384614281131,0.5224304221439876,18.0,28.0,72.0,0.3
115,Georgetown,BE,9-7,112.71650286679048,110,107.34503588444235,144,0.6368034615196925,115,13.264403035060752,17.735596964939248,5.26440303506075,14.735596964939248,1-4,0.534090406333673,0.4415329541322164,0.7377168011768773,0.6678054553145532,0.4415329541322163,0.7922553309648382,0.6940845546951285,0.8146999168328554,107.55906731882112,107.66118425451585,112.16582321902418,104.3993163324782,112.95795509892028,105.02836755531244,115.03992917790112,108.3983947680724,0.6645994357886208,4.0,0.0103552095508943,355.0,376.0,344.6625,1.0299931092010302,1.090922279041091,0.8104348408941586,0.2,-2.369780089720648,119,152,67.88315076665246,5.3714669823481245,0.525433005733581,18.0,28.0,72.0,0.3
116,Bowling Green,MAC,11-6,109.8250206911744,149,104.74289445152392,94,0.6329436535309516,116,20.650467673815022,10.349532326184978,11.251236413627906,6.748763586372096,2-3,0.3938849013659555,0.2940651315921452,0.6334523488231001,0.4034508691684048,0.3220622716273646,0.462231522948045,0.8976571947895519,0.9107647943982444,107.9595774478304,109.50349060905825,107.86133193808983,110.41342489216846,110.04882077456496,109.60599148768976,0.0,0.0,0.0,0.0,-0.0452726142316854,412.0,424.0,372.725,1.1053725937353276,1.1375679119994633,0.3963773591499467,0.4,-3.230301599663058,156,261,68.2844456960971,5.082126239650478,0.5196500413823488,18.0,28.0,72.0,0.3
117,Utah,B12,8-8,116.21612975474228,73,110.85410001603192,221,0.6325616903141548,117,11.78509816550351,19.214901834496487,3.785098165503512,14.214901834496487,0-3,0.5764249807125571,0.5042977939528858,0.8889761233377996,0.7007998629028381,0.504297793952886,0.8427180238111371,0.6827655234031732,0.8537048568947057,111.10484455589528,106.84863870633887,114.54724510057792,104.01147445202128,117.2020557910799,110.83016618592978,116.2352319634005,107.24622275465492,0.7161857541399504,3.0,-0.0364533061586263,235.0,271.0,219.1625,1.0722637312496437,1.2365254092283124,0.8334664039058045,0.0,-3.3046917260954194,159,250,69.19905372362967,5.362029738710362,0.5324322595094846,18.0,28.0,72.0,0.3
118,Bradley,MVC,12-6,110.21925872583532,141,105.31979401029312,102,0.6278275112401038,118,19.036095437171305,11.9639045628287,12.0360954371713,7.963904562828701,5-2,0.4505196549383207,0.3919439747918774,0.542567152311303,0.4999230129959514,0.3919439747918774,0.5593114840081921,0.8615302771721292,0.9045160692145932,107.7956224407211,108.83060262782112,107.90686911067652,107.25523585209632,112.30977470291678,107.43010106239495,0.0,0.0,0.0,0.0,0.0118813919822389,569.0,545.0,514.475,1.1059818261334369,1.0593323290733272,0.5683276626142095,0.7142857142857143,-2.6781564137280327,132,147,68.69803583012546,4.899464715542194,0.5204385174516706,18.0,28.0,72.0,0.3
119,Richmond,A10,12-5,113.32319089105214,101,108.7848401669784,176,0.615389961122326,119,18.811900406539547,12.188099593460452,8.811900406539547,9.188099593460452,2-2,0.3957706973545586,0.3416349647143717,0.5717118284351663,0.4956491674527716,0.3416349647143717,0.6068816472082825,0.8535313355756321,0.9177802157300198,106.79761698246398,111.35997067053864,109.16561607569128,109.08062399359387,119.85337073080612,118.68512486080436,0.0,0.0,0.0,0.0,0.0115246565143453,322.0,321.0,267.9625,1.2016606801324814,1.1979288146662317,0.6169301668577443,0.5,-2.440457854720886,121,149,68.48919111666996,4.538350724073737,0.5266463817821043,18.0,28.0,72.0,0.3
120,Florida St.,ACC,7-9,111.87390570572738,120,107.77951098437146,154,0.605581214036678,120,11.243940966587097,19.7560590334129,4.243940966587099,13.756059033412903,0-3,0.5522507167581205,0.4702782433085657,0.9074647683728578,0.6678314453513523,0.470278243308566,0.810508757937809,0.6853139480634703,0.7813860736343519,110.1300232033837,106.72539675707694,112.84875639160212,104.24846581003372,115.8140749753186,114.8616585739831,108.34640635238564,110.2706832170775,0.4495591168041902,7.0,-0.0755243632534438,222.0,283.0,216.6625,1.0246350891363296,1.306178964980096,0.7911175558507992,0.0,-3.492381400717341,165,317,73.27378760180167,4.0943947213559255,0.5237478114114548,18.0,28.0,72.0,0.3
121,William & Mary,CAA,11-6,106.97967446719164,202,103.09907078310503,70,0.6046569777528097,121,19.82995211156885,10.17004788843115,10.829952111568852,7.170047888431148,2-3,0.4211264496148973,0.4280187357662514,0.4045849628516476,0.4146538542958785,0.4280187357662514,0.4057439333156296,0.8798728175219659,0.8294746214441681,108.29344823352422,108.51303429422232,108.4387410489607,110.44279503490657,103.37893721903352,105.35205740882245,103.74155824730452,103.83984231637432,0.4972775602581944,2.0,0.0189687539046172,367.0,360.0,355.5375,1.032239918433358,1.012551418626727,0.406189691186392,0.4,-2.4899865310580127,126,134,74.48254875233286,3.8806036840866085,0.5139593489343833,18.0,28.0,72.0,0.3
122,Troy,SB,11-6,113.23579848330547,103,109.3739881309671,190,0.5984573557802475,122,20.92200083954,10.07799916046,13.538058305050455,4.461941694949544,4-1,0.432096742315504,0.4569746370852667,0.3723897948680734,0.399623992922212,0.480538795164881,0.34118552463584,0.8887064836853176,0.826504887955162,107.68622531345147,108.29485285546768,106.62550207940828,109.92102249436095,115.6451929710738,107.59647430349678,124.08102700835636,105.18800048340172,0.8698500969004141,2.0,0.0340734280091009,393.0,348.0,335.225,1.1723469311656352,1.0381087329405625,0.3291838822388273,0.8,-2.454302553169548,123,110,67.30888585373383,3.8618103523383667,0.5264715969666109,18.0,28.0,72.0,0.3
123,Marist,MAAC,11-5,101.3689082568402,298,97.96053706679784,25,0.5970815707974045,123,21.19730760572924,7.802692394270762,15.197307605729234,4.802692394270763,5-2,0.3166136218284576,0.3253270859927047,0.3054105964744255,0.300545458660877,0.3253270859927046,0.2893937263615544,0.9362925422145656,0.915774761170834,103.54670174305348,110.99831486413724,103.30144662557004,111.9364070668726,96.64497681326358,93.49096674127902,0.0,0.0,0.0,0.0,-0.0470066460816881,491.0,416.0,484.9,1.012579913384203,0.8579088471849866,0.2807692578392392,0.7142857142857143,-3.079082290426432,150,266,67.07645077648928,3.4083711900423594,0.5027378165136804,18.0,28.0,72.0,0.3
124,Marquette,BE,6-11,107.65980548316332,185,104.06847952189996,86,0.5963217980208092,124,9.5648171049739,21.4351828950261,4.564817104973899,15.435182895026102,1-5,0.620790225261763,0.535808107746273,0.7765907740401611,0.7038214125616318,0.535808107746273,0.7962287302100792,0.672252851907548,0.7573284865668177,112.62649997835048,105.22729197193904,114.32267180791176,103.45787071443644,106.34808077647337,102.79234288565716,105.7194611265974,104.76798892140094,0.525968672137994,6.0,-0.1143235605419504,401.0,455.0,414.9375,0.9664106040066276,1.0965506853441784,0.8046449971400441,0.1666666666666666,-4.929676408965662,218,346,70.58175323642409,3.5913259612633652,0.5153196109663266,18.0,28.0,72.0,0.3
125,New Mexico St.,CUSA,9-6,109.7639055356974,152,106.16135704104462,115,0.5947828027555668,125,18.33067106016402,11.669328939835978,11.330671060164022,8.66932893983598,2-3,0.4168900009990038,0.3500230577574418,0.5506238874821282,0.4338453205815835,0.3500230577574419,0.4757564519936544,0.8927637300970075,0.9064099039033509,108.58298328990118,107.82379275660324,107.6963349525987,108.41373338979606,111.156990354008,105.90669812606916,0.0,0.0,0.0,0.0,-0.0539921982034152,378.0,379.0,347.5,1.087769784172662,1.0906474820143883,0.4508006401641631,0.4,-3.5613982614543342,168,278,67.05306365834836,3.6025484946527797,0.5195278110713948,18.0,28.0,72.0,0.3
126,Sam Houston St.,CUSA,9-7,112.20097545770818,116,108.70941286381978,175,0.5899002349109058,126,18.43009136256521,12.569908637434782,10.430091362565214,9.569908637434786,1-4,0.4809881180860549,0.4423579580620758,0.5659744701388092,0.4657654748280709,0.4423579580620759,0.4786396090493681,0.8607350831256902,0.8244654630813678,112.39798678292968,107.85101833065056,109.34011958861714,108.28199609239726,108.97797466677028,111.74269384104856,120.78069558725082,111.23586089643652,0.7204554586970431,2.0,0.0008186634170948,382.0,399.0,353.85,1.079553483114314,1.127596439169139,0.4495279886862212,0.2,-3.074207713894692,149,171,71.57695246452636,3.4915625938884034,0.5244019509154164,18.0,28.0,72.0,0.3
127,Quinnipiac,MAAC,12-5,107.38855238068224,194,104.0586201558124,85,0.5895827380448388,127,22.914426557650195,8.085573442349805,15.914426557650197,4.085573442349803,5-1,0.4094766647641873,0.4696888132688318,0.299087725839006,0.3436313308004943,0.4696888132688318,0.2742997154429087,0.8924683882975004,0.7971785480423373,106.70144830266511,109.51594324201452,104.54422202352168,111.31021106662982,106.1730604889529,101.24653721143946,113.54916665051984,112.34597240491628,0.5305884965222532,2.0,0.0713856938606742,454.0,393.0,417.0875,1.0885006143794769,0.9422483291875208,0.2636762824160098,0.8333333333333334,-1.460723465302388,94,62,70.46435173245567,3.329932224869836,0.5147771047613645,18.0,28.0,72.0,0.3
128,Maryland,B10,7-9,108.39132130013988,177,105.07517024918272,98,0.5883935282801461,128,10.569369469380549,20.430630530619453,3.569369469380549,16.43063053061945,0-5,0.6097084176635763,0.4865114621470794,0.8807417197998694,0.7083735024052897,0.4865114621470794,0.8303976245473054,0.6143549315871374,0.7595349116483466,113.166308444445,105.84730765560452,115.73933926143287,103.48195624068616,107.100426406072,103.77406494294628,111.30183912575455,108.22724181584644,0.5798471008022391,7.0,-0.0066116772670561,322.0,399.0,339.1875,0.949327436889626,1.1763405196241017,0.8136162594631176,0.0,-2.543669813236072,128,185,67.83268680960478,3.31615105095716,0.5167826426002797,18.0,28.0,72.0,0.3
129,Rhode Island,A10,10-7,105.4428651042995,226,102.22742921344516,62,0.5881071603898951,129,16.505096749447127,14.494903250552872,7.505096749447132,10.494903250552872,1-3,0.4289449235487104,0.4163367231071777,0.4699215749836913,0.5119915213824353,0.4163367231071778,0.58107554235901,0.8468620111620137,0.8823135098238968,108.39734472162807,111.87424864212451,110.09396985742148,109.71630553311076,98.07925419260654,99.06000370266705,0.0,0.0,0.0,0.0,-0.0497527317940422,249.0,246.0,252.225,0.9872137972048768,0.9753196550698782,0.6128338187519583,0.25,-3.851299526087352,182,272,66.22675378242654,3.2154358908543372,0.510885730208599,18.0,28.0,72.0,0.3
130,Arkansas St.,SB,12-5,111.5098204662402,126,108.11543335288891,161,0.5879510544836246,130,22.188113958247826,8.811886041752189,13.587345218434926,4.41265478156507,4-1,0.442798175780893,0.4645941785454741,0.3904877691458982,0.3930385690128539,0.4720219019205109,0.3359950508017681,0.8887889333639594,0.8259392925914528,109.05399424452376,108.1883764721003,106.57721781541744,109.69416356178203,114.28058195677596,107.9638486960922,103.85017257196752,107.02541139772438,0.4142686733150248,2.0,0.0956591758224442,425.0,390.0,368.1375,1.1544599504261317,1.0593867780380972,0.3150363129771026,0.8,-1.443709647892185,93,36,73.80893620464688,3.3943871133512857,0.5230196409324804,18.0,28.0,72.0,0.3
131,Georgia Tech,ACC,10-7,107.9772754818518,180,104.78380081842045,95,0.5854648705019944,131,13.518086551480993,17.48191344851901,4.518086551480995,13.481913448519007,1-3,0.4581058209313378,0.3642197408511056,0.7632355811920924,0.6176149616610055,0.3642197408511057,0.8006226211348222,0.7310734007133793,0.9045534310053536,105.9786346452873,107.3003397127834,110.84943682240932,104.51618080738504,109.5909933377819,101.49871023931136,118.96489080971936,103.88970306351524,0.8260998251250511,3.0,-0.0354787660391887,297.0,311.0,292.58750000000003,1.015080958687572,1.062929892767121,0.8113046325470306,0.25,-3.234063696168858,157,248,70.89838770311819,3.1934746634313598,0.5159545509637036,18.0,28.0,72.0,0.3
132,North Dakota St.,Sum,14-5,111.63061788702277,125,108.39491791559504,166,0.5837684870007368,132,22.314298203846803,8.685701796153195,12.314298203846803,3.6857017961531953,4-0,0.3332957818336425,0.3594610364490134,0.2351760770260017,0.3444934350699523,0.3594610364490133,0.3304613087770827,0.9231053421318868,0.9150259704993432,106.0759065611581,110.56591531724229,106.91381570164911,112.13815125805196,117.57450736214368,114.36219803214368,0.0,0.0,0.0,0.0,0.0297728360575471,338.0,287.0,269.0375,1.256330437206709,1.0667657854388328,0.3622230526941096,1.0,-2.697547114203891,134,117,66.90119019987904,3.235699971427721,0.5232612357740455,18.0,28.0,72.0,0.3
133,Montana St.,BSky,9-8,111.11078382727432,134,107.8930415509502,158,0.5836936390099635,133,17.98817372813401,13.011826271865989,11.98817372813401,6.011826271865989,3-1,0.4373330656994146,0.449214385733299,0.3987187755892905,0.4321994588739596,0.449214385733299,0.419910900586659,0.8721599987267087,0.8193856787251401,111.52936169524388,109.56189052706178,109.94920581476995,110.52855090054616,116.13919403960688,110.89049220856651,106.35119963599706,95.31936745755269,0.7789243127529138,2.0,-0.0668252963389836,323.0,299.0,267.63750000000005,1.2068562888235017,1.1171827565270187,0.4259657934430501,0.75,-4.237954034589107,198,303,65.89680289302902,3.217742276324117,0.5222215676545486,18.0,28.0,72.0,0.3
134,Cal Baptist,WAC,12-6,107.53336863012892,190,104.64264078909108,91,0.5777090730338104,134,20.101668655972738,10.898331344027266,10.101668655972738,7.898331344027263,2-3,0.4475349307851141,0.4318625244223955,0.4882831873281823,0.4487849515993384,0.4318625244223953,0.4610067045604639,0.8695841955234337,0.8525094543757081,107.04306827373406,109.44334787843098,106.73921102610856,108.96316879524024,103.9051385135746,103.56883060367124,99.912321464893,112.39816090281022,0.2051882520775143,1.0,0.0722981326059344,335.0,344.0,332.1375,1.0086184185766438,1.0357156298219865,0.450515749649803,0.4,-2.129666331152591,112,58,65.79085167967132,2.890727841037844,0.5150667372602579,18.0,28.0,72.0,0.3
135,East Tennessee St.,SC,12-5,109.6859772062615,153,106.81718863940756,135,0.5756107949546793,135,22.164679450203447,8.835320549796553,14.164679450203447,3.8353205497965503,4-0,0.3183638359942017,0.3497202478630935,0.2164554974203035,0.314521939859613,0.3497202478630934,0.2891009396348771,0.9175229653560274,0.8820533909983576,105.65189768435172,112.03957084059788,105.70769877016552,113.31060281702248,106.10719313650678,98.3345772018242,110.01707823912832,110.41194337377816,0.4897011935733858,1.0,-0.0268805585890548,318.0,247.0,268.3125,1.1851851851851851,0.9205683671092476,0.3098567802676124,1.0,-2.6908621904149603,133,228,67.24028969851726,2.8687885668539366,0.519371954412523,18.0,28.0,72.0,0.3
136,Davidson,A10,10-6,107.62709778874564,187,105.09752166007122,100,0.5679551887346461,136,16.48083589044596,13.519164109554042,8.48083589044596,9.51916410955404,2-2,0.4636717480162914,0.4723940222137416,0.437504925423941,0.522522365315726,0.4723940222137416,0.5559412607170491,0.8288347100816675,0.8250831030942485,109.20835117645788,109.22186844753712,110.39642512584112,108.47443327639142,99.47526920926812,105.84505205848332,98.82094477533737,105.9586674100802,0.3095969191838165,3.0,0.0256535343079006,269.0,279.0,265.75,1.0122295390404517,1.0498588899341486,0.589780213657937,0.5,-2.629112256054133,129,122,64.552641089667,2.529576128674421,0.5152541955774913,18.0,28.0,72.0,0.3
137,St. Bonaventure,A10,11-5,114.18038739901512,91,111.54462689841291,238,0.5667442885443789,137,18.03197048154677,12.968029518453225,7.031970481546774,10.968029518453225,0-3,0.4431393914436691,0.4099516570062208,0.5869529073392784,0.51044373704626,0.4099516570062207,0.5830213504085108,0.8451107809244403,0.8843754079632848,108.33148988645682,109.18330169856522,109.44806102940971,108.07468448666984,119.4741146131063,123.21133048146572,118.8504497286832,112.08625960240524,0.6623687543896666,2.0,0.0652853838861748,239.0,259.0,204.075,1.1711380619870144,1.2691412470905303,0.5822350390223571,0.0,-2.000852701335696,109,72,67.39367285090542,2.6357605006022027,0.5283607747980302,18.0,28.0,72.0,0.3
138,Pacific,WCC,12-7,109.91754377556389,147,107.42593274744505,145,0.5655411945369575,138,16.868549698905436,14.131450301094564,7.868549698905437,10.131450301094564,3-3,0.4135889244753732,0.4065002487837353,0.4289477218072552,0.5054767743437281,0.4065002487837353,0.5769598205815006,0.8131791773713207,0.8321700270871506,107.5668680262663,108.51425142681197,109.54044853908852,106.79075571825123,109.3757289113346,109.76908928044897,95.92032796105272,107.80402677480431,0.2069898202706988,1.0,0.0126017208349245,449.0,428.0,406.025,1.1058432362539252,1.054122283110646,0.6509658699686235,0.5,-3.149858330722836,152,144,65.56690896417058,2.4916110281188395,0.5198350875511277,18.0,28.0,72.0,0.3
139,Washington St.,WCC,8-10,110.164821306119,142,107.71675198793466,152,0.5642512473258487,139,13.70377060178794,17.29622939821206,8.70377060178794,9.29622939821206,3-2,0.5624367681939475,0.5502257031907031,0.5941855372023828,0.5827163392637195,0.5502257031907031,0.6061817986497868,0.7947678240976189,0.8315880548330475,110.8375467336596,106.61158006156208,110.899075175684,105.71572634576384,109.75854855039243,104.69493153091466,105.84033720003852,105.67066228270004,0.5046125417100494,3.0,-0.0507382673992695,363.0,362.0,342.5625,1.0596606458675424,1.056741470534574,0.6107957453603268,0.6,-5.229841325942995,229,273,67.8266385716125,2.448069318184338,0.520329642612238,18.0,28.0,72.0,0.3
140,UNC Wilmington,CAA,16-2,109.92955016834397,146,107.66321562749648,150,0.5596064119298049,140,23.71713878927181,7.282861210728194,12.71713878927181,5.282861210728194,5-0,0.2659094138764805,0.2533786537533242,0.2984893901966871,0.3477199594372309,0.2533786537533242,0.4158553468756081,0.9281738720857244,0.9510695886863076,102.54470804906288,111.36764376932972,105.15369273907795,110.78987054367798,102.94052239653048,102.83381771732586,0.0,0.0,0.0,0.0,0.1212185253858151,363.0,325.0,333.56250000000006,1.088251826869027,0.9743301480232338,0.4609960994444239,1.0,-0.5009050942857678,72,20,64.61237182987647,2.266334540847481,0.5198591003366879,18.0,28.0,72.0,0.3
141,Loyola Marymount,WCC,11-8,105.01349073811178,246,102.8863040938383,69,0.5585647849178136,141,17.168136491652575,13.831863508347425,8.168136491652573,9.831863508347425,2-4,0.4943335149544017,0.3789890146055534,0.7442465990435733,0.5105873985241268,0.3789890146055534,0.605630675798652,0.8403345178439647,0.9129696735637108,110.62131983875688,109.23272956320729,109.73876585392004,108.23655232985736,108.99023267856882,107.22499646866363,105.1255488042636,108.79277478358976,0.4026753220748909,4.0,0.016635318423866,432.0,494.0,424.6625,1.017278426986136,1.1632767197480351,0.5363227141761914,0.3333333333333333,-3.573538754785815,169,137,67.60181662293851,2.127186644273479,0.5100269814762236,18.0,28.0,72.0,0.3
142,Mercer,SC,10-7,113.36732137558404,99,111.08153102521824,229,0.5582938093868502,142,20.83975818759505,10.16024181240494,12.83975818759506,5.160241812404943,2-2,0.4320455056384451,0.441973791635422,0.3997785761482704,0.354302831639031,0.4419737916354223,0.2909849160860817,0.880988814586054,0.7962032678653348,110.70835725082736,109.08132974125787,107.6754276786388,112.3818298149163,120.17639636209496,115.61466218822828,102.99250110235788,97.98083527932717,0.6396093955842048,3.0,0.0029345575206424,353.0,311.0,276.5,1.2766726943942135,1.1247739602169982,0.2599010132111707,0.5,-2.892847744741684,142,167,69.92014598408187,2.285790350365801,0.5267346427511681,18.0,28.0,72.0,0.3
143,Elon,CAA,11-6,117.450058709078,65,115.10699860238152,301,0.5576765083881466,143,19.16661603217759,11.833383967822416,11.166616032177588,6.833383967822412,3-1,0.3747664689843509,0.3944570217920787,0.3107721723592357,0.4088270459962817,0.3944570217920785,0.4192053968104285,0.889374659545307,0.8718417379129512,108.25353542677392,111.63343756407872,107.32169857783192,110.09490611303067,112.21484257362474,117.66646637902534,120.50052565264262,112.56406957233132,0.6864367097583858,2.0,-0.0183922522606837,336.0,322.0,280.88750000000005,1.1962084464420808,1.1463664278403274,0.4501863180821979,0.75,-3.3407296890571456,160,216,67.48289255403381,2.34306010669647,0.534900117418156,18.0,28.0,72.0,0.3
144,Temple,Amer,11-5,116.26321770965173,71,114.00915374927276,282,0.5560501719704982,144,18.675938770159348,12.324061229840648,10.675938770159352,7.324061229840648,3-0,0.391274612121967,0.4177796733532312,0.2764193467864891,0.4611033950499028,0.4177796733532313,0.4923927496086102,0.8672545764009351,0.8810215628805553,103.99051980151066,107.9798403151737,106.47757529598104,107.61261528639392,112.58723233693178,106.1262532117338,110.4320800472217,108.98524257529382,0.5378435282858005,1.0,0.0310318181299008,227.0,197.0,198.225,1.1451633245049817,0.9938201538655568,0.5355874301730343,1.0,-2.4493195999628004,122,115,66.06599563827093,2.2540639603789714,0.5325264354193034,18.0,28.0,72.0,0.3
145,Southern Illinois,MVC,8-9,106.07159345191128,214,104.05674713863657,84,0.5549139992371959,145,15.424319093357305,15.575680906642695,9.424319093357306,10.575680906642695,2-4,0.5362054485958943,0.4686052415116791,0.660139161583622,0.5317365989935814,0.4686052415116791,0.5664588456086274,0.8324124255038767,0.8293321051331977,110.1170516434868,107.36125317711164,108.69902981579024,106.68862810560331,101.55672799105916,100.62195231952217,0.0,0.0,0.0,0.0,-0.0149790081203572,418.0,439.0,424.925,0.9837030064128964,1.0331234923810084,0.5263101387622013,0.3333333333333333,-4.283677686154411,199,207,70.46800129648024,2.0148463132747167,0.5121431869038225,18.0,28.0,72.0,0.3
146,UNLV,MWC,7-8,108.65716255900443,171,106.59948009491296,128,0.5547467351546921,146,12.737739292320438,18.26226070767956,7.737739292320436,12.262260707679562,2-2,0.4817030823096405,0.4637887056023512,0.5309676182546859,0.5879615040931709,0.4637887056023512,0.6562565432631216,0.7785196618476837,0.8312809527770344,109.08536058545792,107.54877740036726,110.79254170710624,105.44403103993886,104.9383806193724,101.52180095095272,110.22623916620046,105.48880272568957,0.6236798320666682,2.0,-0.0979488376319304,279.0,279.0,270.2875,1.0322341950700642,1.0322341950700642,0.6875787745152305,0.5,-4.336087550569226,201,337,72.16507591180707,2.057682464091471,0.5173143251180089,18.0,28.0,72.0,0.3
147,Northern Colorado,BSky,11-6,112.96791845985238,105,111.04631408959722,228,0.549165587096948,147,19.915282757404192,11.084717242595806,9.915282757404194,8.084717242595806,1-3,0.3953313053378248,0.3601775658188278,0.5095809587745648,0.3970425930548721,0.3601775658188278,0.4236673349475705,0.8926342761986034,0.8707379708091871,110.22509221892864,110.46149329274915,108.89727762971276,111.16407492816212,110.12610477538036,112.88350365955516,146.5265829144281,129.72875336274032,0.8022239905129178,1.0,0.0231560858546752,310.0,325.0,279.9875,1.1071922853698826,1.1607661056297156,0.399120585282715,0.25,-2.906136895187822,143,126,68.91839182859373,1.9216043702551673,0.5259358369197048,18.0,28.0,72.0,0.3
148,Oakland,Horz,9-9,118.7358579272793,53,116.744656205672,328,0.54846994237119,148,17.865660830286824,13.13433916971318,13.865660830286815,6.13433916971318,5-2,0.5818478860176539,0.6662716787144934,0.4491819260654774,0.4837024354109839,0.6662716787144928,0.3832893515940538,0.8020923823165447,0.590695247751623,112.4245866087332,104.31973777769156,110.54640653739018,108.80487970707692,118.34191570304267,118.67424749730591,117.40341057171656,110.75705975006544,0.661544195043165,5.0,0.0620524177340421,618.0,581.0,502.6375000000001,1.2295143120041778,1.1559026137126656,0.3478087345709796,0.7142857142857143,-2.4686012731859184,124,73,71.71734694915061,1.9912017216072968,0.5374717158545586,18.0,28.0,72.0,0.3
149,Kent St.,MAC,12-4,112.85455536520152,107,110.96871773040397,225,0.5482970902269227,149,20.400793782527984,10.599206217472014,10.943973807440871,7.0560261925591305,3-1,0.3762365894248204,0.373136107473934,0.3855380352774798,0.4228794500399268,0.384200657973715,0.4508141331988577,0.8786222699534708,0.8747887158031253,109.07570228074688,111.50544414395392,109.24131047813977,110.92756642358644,113.56200912294962,111.91337546415323,95.13607065557493,106.27115523021077,0.2187636808327467,1.0,0.0797369704006114,327.0,312.0,286.7375,1.1404158856096605,1.0881032303064648,0.4694644468906799,0.75,-1.5030083231461044,98,48,72.95807756024656,1.8858376347975536,0.525709110730403,18.0,28.0,72.0,0.3
150,Columbia,Ivy,12-4,109.13340134070972,160,107.76619973673044,153,0.5361815881834331,150,18.97225670320228,9.02774329679772,7.972256703202281,6.02774329679772,1-1,0.3394920503118683,0.3234771046315861,0.4515966700738438,0.3852817516702501,0.3234771046315862,0.447086398708914,0.8880344043875067,0.8787760091969163,108.39864952745988,112.39598260459096,108.3817350308866,111.40917555955684,102.05646266686114,120.14974955474835,113.8500048342182,116.55969414186126,0.4327844522424275,1.0,0.0750081797042361,158.0,178.0,142.8125,1.1063457330415756,1.2463894967177245,0.4463346868147591,0.5,-1.472724646738103,95,56,68.01236069083544,1.3672016039792823,0.5182668026814194,18.0,28.0,72.0,0.3
151,Furman,SC,12-5,107.512449626517,191,106.1934061867384,117,0.5354313344698968,151,21.918208159347486,9.081791840652524,12.918208159347476,5.081791840652521,3-1,0.3787982402351498,0.4131757561814174,0.2670713134097804,0.3436696035251927,0.4131757561814171,0.2934707154956973,0.9179710504395592,0.8859644646446069,109.4134857590325,111.45566125536008,107.71795594959109,113.5918366776768,102.10388868139968,102.0264151856878,0.0,0.0,0.0,0.0,0.0521091271744746,298.0,267.0,273.21250000000003,1.090726083177014,0.9772612892894724,0.3010134018059593,0.75,-2.479852356053033,125,85,67.03900280699808,1.3190434397785964,0.515024899253034,18.0,28.0,72.0,0.3
152,Duquesne,A10,9-7,112.28404018427838,114,110.9522866442076,224,0.5342492732005386,152,15.3077695963209,15.6922304036791,7.307769596320898,10.6922304036791,1-2,0.3918776382291862,0.3366961068478012,0.6309976075485215,0.500852033726088,0.3366961068478011,0.619409092027073,0.8327764502775631,0.8750262696675789,108.04833982402872,111.20090207517912,109.82245212481622,108.55916250500478,116.27750037221416,116.67005649275866,120.38199685339632,110.51028682616816,0.7278924505483123,1.0,-0.0697653436256438,259.0,273.0,229.8,1.1270670147954742,1.1879895561357705,0.6170913889227833,0.3333333333333333,-3.961426490643535,188,308,72.19080700232595,1.3317535400707783,0.5245680803685567,18.0,28.0,72.0,0.3
153,FIU,CUSA,9-7,110.62677795847006,139,109.42810313217912,192,0.5312805917383358,153,16.913873909855198,14.086126090144804,9.913873909855193,10.086126090144804,2-3,0.4036225841348649,0.3700882750618857,0.4773980640954193,0.4471590074828183,0.3700882750618856,0.4895479103143313,0.8570267043573969,0.8213415711384029,110.18298173122515,109.33099015988056,108.79575341074988,108.50373766945802,111.64457580196851,110.49034757331022,110.0089689655119,112.26391341602702,0.4419278645157736,3.0,-0.0656962432924712,394.0,385.0,350.6875,1.123507396186063,1.0978435216538942,0.4935978590539686,0.4,-3.731472959778092,179,301,72.12166007565963,1.1986748262909401,0.5212535559169401,18.0,28.0,72.0,0.3
154,Massachusetts,MAC,10-7,106.70413168240326,204,106.0606667151642,113,0.5173827802071046,154,17.658178098678647,13.341821901321351,8.029947933397223,9.97005206660278,1-4,0.3659727676150097,0.3364560628866659,0.4368128589630351,0.4086915749834857,0.3351848968027501,0.4617797314473503,0.9038554312267598,0.94311296562839,106.43907511755968,111.33293567498956,107.8087498775282,111.05745810922116,104.94880487557604,111.2970659678846,0.0,0.0,0.0,0.0,-0.0794608775902572,395.0,407.0,373.4625,1.0576697794289922,1.089801519563544,0.4713823747105486,0.2,-5.149905054264482,225,322,72.8177607933587,0.6434649672390549,0.5134082633648065,18.0,28.0,72.0,0.3
155,UT Arlington,WAC,11-5,102.96781671070946,277,102.36137841518855,64,0.5169761052724542,155,17.97508508374254,12.024914916257456,9.975085083742544,8.024914916257455,3-1,0.442834496210114,0.4648376476634817,0.376825041850011,0.4705024598251202,0.4648376476634817,0.4742790012662127,0.8640847142176724,0.8455380435148722,107.92218947352772,107.34561303352515,107.8667128636894,107.69306821445105,106.2936264482164,105.55728895945978,91.1996204253778,101.60533176419229,0.2239975293391225,2.0,0.1249436520205454,294.0,269.0,268.5,1.094972067039106,1.0018621973929236,0.5021229896708417,0.75,-1.933595904731644,107,14,65.7317626223413,0.6064382955209027,0.5059356334214189,18.0,28.0,72.0,0.3
156,Austin Peay,ASun,10-5,104.29139995684632,261,103.6899384160779,79,0.5166223520836346,156,19.966307892412,9.033692107588,13.966307892412,4.033692107587998,4-0,0.3754861761690166,0.4224515313230679,0.2463314494953753,0.3363211792060868,0.4224515313230678,0.2836859640234871,0.9108311558590644,0.8495468075988756,108.51123484421728,111.75510609718197,107.70078139246088,114.00135105921574,107.23250314882378,106.52624059031064,0.0,0.0,0.0,0.0,0.055397154965756,336.0,291.0,286.0375,1.1746711532578769,1.017349123803697,0.2943586824600906,1.0,-2.2717672360729004,117,80,69.88165385663545,0.6014615407684261,0.5085827999136926,18.0,28.0,72.0,0.3
157,Tarleton St.,WAC,11-6,108.70490979554022,170,108.3364708387772,164,0.50975969165675,157,18.581466251608727,12.418533748391276,9.581466251608726,8.418533748391274,2-2,0.4038198432148541,0.3634022522075631,0.5351770139885498,0.4276073922700157,0.363402252207563,0.4739777712040095,0.8608338173285547,0.8313335235001171,107.91909292017324,106.45012055189716,106.9305743696749,107.26877573379804,112.04104435834373,110.65725175725947,108.38068060839196,115.61146787131425,0.3224072380116112,3.0,0.0416341803270015,315.0,314.0,289.04999999999995,1.0897768552153608,1.0863172461511852,0.4564922732655694,0.5,-2.392734890910152,120,101,71.29427900769839,0.36843895676301486,0.5174098195910805,18.0,28.0,72.0,0.3
158,Portland St.,BSky,9-5,105.43537992968282,227,105.09045274956593,99,0.5094197389814491,158,17.767360247158106,11.23263975284189,11.76736024715811,6.232639752841891,3-0,0.3902102504470509,0.3778884785572757,0.4353900807095597,0.4089843660652098,0.3778884785572758,0.4279874084311695,0.8905212753487499,0.8642490282177883,110.3412775778514,110.54502134651102,109.57954532239836,111.44440281583394,115.88673848414398,108.9377341517145,106.3921278566642,104.32321920345788,0.556219457901133,1.0,0.0540579893680671,284.0,246.0,230.56250000000003,1.2317701274058008,1.066955814583898,0.4265068739754915,1.0,-2.295253491941895,118,81,69.31378854105387,0.3449271801168976,0.5108707598593657,18.0,28.0,72.0,0.3
159,Buffalo,MAC,13-3,115.53360806542932,78,115.20748690623358,304,0.5081261328853944,159,20.599716529600304,10.4002834703997,10.141204846661418,7.858795153338581,3-1,0.2864608941320846,0.2795394166695152,0.3072253265197927,0.3915053665971697,0.2945731144374977,0.4615119931569328,0.8991962820830366,0.9395579122964584,104.1246456753102,111.6111287053263,106.99963705351574,110.49075559336968,120.30201441037327,114.21302373793804,0.0,0.0,0.0,0.0,0.1018386665790569,334.0,301.0,272.025,1.2278283246025183,1.1065159452256228,0.5055938979104014,0.75,-1.4845008294259798,96,30,66.7551126911599,0.32612115919573625,0.5310672161308586,18.0,28.0,72.0,0.3
160,Missouri St.,CUSA,10-6,107.76279381643006,184,107.51325111965436,148,0.5066648667855147,160,17.587003771481566,13.412996228518436,11.587003771481568,8.412996228518432,4-1,0.367979659411851,0.3461738876398202,0.4159523573103187,0.4295358485558071,0.3461738876398202,0.4753849270595999,0.8879447794086807,0.9006892166587884,107.42424435478884,109.22792757026946,107.6178358513927,108.52494310367392,115.40139194226168,101.91992632581837,0.0,0.0,0.0,0.0,-0.022867444114191,388.0,341.0,335.29999999999995,1.157172681181032,1.0169997017596184,0.4951957836426937,0.8,-3.729495896912792,178,221,64.94478914288412,0.2495426967757055,0.5155255876328602,18.0,28.0,72.0,0.3
161,Weber St.,BSky,9-8,111.19028153278109,132,111.12273384959228,231,0.5017470754420188,161,16.78218672048988,14.21781327951012,10.78218672048988,7.217813279510127,3-1,0.4104339236999311,0.4198847147703414,0.3797188527210977,0.4250736177649865,0.4198847147703416,0.4288211588166744,0.8786207651161478,0.8403784932432672,107.50891790816726,108.78354533417392,108.36171600383584,110.20889157865189,114.5039269989503,110.66739998860182,113.02974949131853,99.9542263183468,0.8043638499038859,1.0,-0.0592843039156305,339.0,313.0,290.92500000000007,1.165248775457592,1.0758786628856232,0.4428503891296965,0.75,-4.61133879210693,208,290,68.96882640785306,0.06754768318880622,0.5223805630655621,18.0,28.0,72.0,0.3
162,Boston College,ACC,7-9,101.71607113841095,294,101.66005935385948,54,0.5015836012398601,162,10.20669890785059,20.7933010921494,3.2066989078505896,14.793301092149411,0-3,0.4681129972962258,0.385111441165933,0.8277864071941613,0.6302963389810828,0.3851114411659332,0.8073743207364686,0.7391701486745038,0.9040951914403998,108.49889976043094,110.15537215746296,112.33261061054688,105.96291702363422,103.89252990119137,98.32630411288676,114.55505653753504,103.44942949605598,0.7636301080304728,2.0,-0.1053725655053169,186.0,219.0,200.95,0.92560338392635,1.0898233391390897,0.80329190344493,0.0,-5.398391887467222,238,340,65.77878308654853,0.05601178455147249,0.5034321422768219,18.0,28.0,72.0,0.3
163,Fresno St.,MWC,7-9,102.00378743964966,290,102.0952043188469,61,0.4974245711001934,163,12.515592200216398,18.484407799783604,6.515592200216398,13.484407799783602,1-4,0.5061712157949473,0.41378177944067,0.7094279757743576,0.5734591901603032,0.41378177944067,0.6612817660561018,0.7927139395529743,0.8813216864514817,110.57605259781096,108.2709692007272,111.2118542532998,106.699768767778,96.58105329935808,94.7334966791822,82.71825954857609,90.94740661524833,0.2514918085945272,3.0,-0.0690269517968859,322.0,348.0,347.15,0.92755293100965,1.0024485092899325,0.6452330294833499,0.2,-5.222910725921681,228,307,68.67636040177744,-0.09141687919724006,0.5040075748792993,18.0,28.0,72.0,0.3
164,Illinois Chicago,MVC,7-10,106.07913045822283,213,106.42847449862028,124,0.490548616978241,164,13.45519863161712,17.54480136838288,8.455198631617117,11.54480136838288,2-4,0.4608447390137725,0.3481976924670772,0.6673643243493806,0.4930734140333377,0.3481976924670772,0.572755060894781,0.8557190247515644,0.8998840670459856,109.96434899611349,109.2697820186288,108.84928435015637,107.7952525776858,109.6260765959343,100.69651847997488,0.0,0.0,0.0,0.0,-0.1123917615614078,407.0,410.0,394.48750000000007,1.031718368769606,1.0393231724706105,0.5322082336999526,0.3333333333333333,-6.420370063339459,274,344,66.42640419086635,-0.3493440403974404,0.5121582609164457,18.0,28.0,72.0,0.3
165,Charlotte,Amer,9-8,112.50061611873988,112,112.9672479926105,262,0.4881019381955267,165,15.396323364253307,15.603676635746693,9.396323364253307,8.603676635746693,3-1,0.4340889476087465,0.4379566126600274,0.4215190361920834,0.4811265069972632,0.4379566126600274,0.5123047640186001,0.8535289481359641,0.8712626546957372,107.55255067692748,109.28320084824205,108.3445908683664,108.44408361613635,116.52712959594844,114.3800356375752,106.75937839366073,112.04212890253824,0.3646076893251067,2.0,-0.0383756533201966,325.0,307.0,271.54999999999995,1.1968329957650528,1.1305468606149882,0.5382435433976049,0.75,-5.003928891866206,220,254,63.427376349129375,-0.466631873870611,0.5250012322374797,18.0,28.0,72.0,0.3
166,North Texas,Amer,10-7,98.93693253651752,328,99.4717695620757,36,0.4845050364547814,166,17.210974683934044,13.78902531606596,8.210974683934042,9.789025316065958,1-3,0.4637424554771918,0.3765592079556739,0.7470880099221251,0.4694436650459984,0.3765592079556738,0.5365268840556773,0.8552573827867804,0.8725900253225078,110.91004299589162,109.64012307618162,109.42446828661414,109.43603139722028,98.27113476362848,97.70397565610672,86.99347774198534,94.1172423287976,0.2879946872361931,2.0,0.0525669458550418,257.0,276.0,268.08750000000003,0.9586422343451296,1.0295146174290108,0.4763665623795493,0.25,-3.182864202566848,153,84,64.85048559004,-0.5348370255581898,0.49787386507303505,18.0,28.0,72.0,0.3
167,Western Kentucky,CUSA,10-6,107.61655854058996,188,108.21421221343807,162,0.4840831025535749,167,17.030297179999536,13.969702820000458,10.030297179999543,9.969702820000457,3-2,0.4246103642080694,0.4183391570693734,0.4384070199132004,0.4726641237764276,0.4183391570693737,0.5025428554653072,0.863373576405029,0.8448537041992992,109.01382820826664,108.71401460710568,109.09676871932818,108.44510943038836,102.94907394725378,110.8690182400893,109.5117453353051,89.45935313577985,0.9109950563417928,1.0,0.0619611276127166,367.0,366.0,345.1125,1.0634213481111232,1.0605237422579594,0.5239214673160094,0.6,-2.8780422849914,140,74,70.75537207774995,-0.5976536728481108,0.5152331170811799,18.0,28.0,72.0,0.3
168,Kennesaw St.,CUSA,10-6,108.50593619945568,174,109.19043897836836,186,0.4819280894053329,168,17.584759678566236,13.415240321433762,9.584759678566236,10.415240321433764,2-3,0.3709204037626158,0.3036101507675229,0.5190029603518204,0.4243988324652998,0.3036101507675229,0.4908326073990771,0.88445505411289,0.8945874358467383,108.23739124524968,109.26474543358268,107.79201755775748,108.68103630322864,104.81175295131918,107.39084498773556,101.66321545263877,100.68000035767506,0.5279112593800316,1.0,0.0089397556597825,370.0,378.0,353.45,1.046824161833357,1.069458197764889,0.4814424897481628,0.4,-3.226126283639941,155,154,74.2998152184392,-0.6845027789126874,0.5170118723989113,18.0,28.0,72.0,0.3
169,Idaho St.,BSky,9-8,113.83923847090132,96,114.70067105612182,294,0.4783400595920326,169,16.453255893431336,14.546744106568664,9.453255893431336,8.546744106568665,2-2,0.4219590889630504,0.434956084729805,0.3797188527210977,0.4328707973808955,0.434956084729805,0.4313647565177942,0.8747836216647266,0.8325870428679683,109.46382732376844,108.6362838123254,109.18041657641317,109.93059909762056,117.29898916006276,123.41711036561958,96.98585004189188,100.2716877591162,0.4053648962301085,2.0,-0.0255413473489809,337.0,341.0,283.6875,1.1879268561357128,1.2020268781669972,0.4461207290311361,0.5,-4.4475062798021625,202,225,63.83876631836863,-0.8614325852204985,0.5276784769418026,18.0,28.0,72.0,0.3
170,Montana,BSky,9-8,107.49877211489314,192,108.3459246065224,165,0.4774474577459611,170,17.532249804839125,13.467750195160878,10.532249804839122,7.467750195160879,3-1,0.3941786667673903,0.3927817102068057,0.3987187755892904,0.4152410955708461,0.3927817102068056,0.4314617627782089,0.8750826124460933,0.8333500646973677,111.06435009265974,109.31778099428328,109.93434347117773,110.41327202388686,108.51979761408698,101.61154638917446,104.08252530686843,109.95801474164628,0.347166668387341,3.0,-0.0654047077137233,310.0,282.0,275.45,1.1254311127246324,1.0237792702849882,0.4408169019750429,0.75,-4.626775346871737,209,298,70.1641032415596,-0.8471524916292594,0.5149975442297863,18.0,28.0,72.0,0.3
171,Idaho,BSky,10-6,111.74877456484604,123,112.68421572663844,259,0.4760520844986108,171,17.842776670595075,13.157223329404925,9.842776670595075,8.157223329404925,2-1,0.3927355763763477,0.3930801404300509,0.3912424654769677,0.4154542977069648,0.3930801404300509,0.4316134112958472,0.8943015676058564,0.8792578619513365,108.81521621209936,109.56852724030584,108.6788993786904,110.44071576291792,113.82525913730456,123.413438046735,0.0,0.0,0.0,0.0,0.0469153706125747,249.0,249.0,207.75,1.1985559566787003,1.1985559566787003,0.4396876004596232,0.6666666666666666,-3.3536667144496626,162,92,66.15132385526037,-0.9354411617923972,0.523497549129692,18.0,28.0,72.0,0.3
172,Valparaiso,MVC,8-9,105.410294190804,229,106.42102064629374,123,0.4725918922727495,172,14.216594351733823,16.78340564826618,8.216594351733823,11.783405648266177,2-4,0.4744970665275363,0.3694786884202206,0.6670307597242817,0.5017578287203628,0.3694786884202206,0.5745113558854411,0.8439223621914952,0.867841291397444,107.94442033989743,108.03527530328462,107.81379885457206,107.11790314201065,108.32641481313158,105.20979709027648,96.93697480662009,121.38850364722006,0.0699957741653687,2.0,-0.0465342379705522,419.0,440.0,405.67500000000007,1.0328464904172057,1.0846120663092376,0.5348601828116523,0.3333333333333333,-5.099210555138639,224,264,66.25078149085391,-1.0107264554897455,0.510820588381608,18.0,28.0,72.0,0.3
173,Rutgers,B10,9-8,107.36929955325266,195,108.45137984310564,167,0.4712023528088638,173,11.450741221309377,19.54925877869061,4.450741221309378,15.549258778690623,2-4,0.5592946523511041,0.3960656286775904,0.8585478624192127,0.6732634298286512,0.3960656286775906,0.8257222204617343,0.66397647316462,0.8486848181920622,110.37684855073329,105.5563229835936,113.09905317226728,103.29797170284854,112.13938550346532,108.45666629316636,104.60699033117976,111.13760822465946,0.3326051409812701,5.0,0.0785082515582992,418.0,503.0,408.625,1.0229427959620678,1.2309574793514837,0.8116540881942436,0.3333333333333333,-2.239215014482524,116,51,65.28924684184022,-1.082080289852982,0.5147385991065053,18.0,28.0,72.0,0.3
174,Tulane,Amer,12-4,108.77463328779334,169,109.94239685039108,199,0.4693381045550983,174,17.40649406560538,13.59350593439462,8.40649406560538,9.59350593439462,3-0,0.3912586944928109,0.3970487089756884,0.3661686317336746,0.5040900163285372,0.3970487089756884,0.5813976271944834,0.8594732089721803,0.8981730730495016,106.34379072641458,109.35198416195782,108.85957249138406,107.73788638579964,112.16265917862604,101.25957952434484,122.85746187229176,117.42167244121224,0.6272444385148076,1.0,0.1406987257627006,233.0,188.0,204.225,1.1408985187905496,0.9205533112988123,0.6244434262866453,1.0,-1.6852287241148218,102,9,66.01126110969906,-1.1677635625977416,0.5175492665755866,18.0,28.0,72.0,0.3
175,Lipscomb,ASun,10-7,107.4383067762551,193,108.6006195484878,172,0.4691034952402719,175,19.369396877985604,11.6306031220144,12.369396877985595,5.630603122014399,3-1,0.4149064607101608,0.4667756949300947,0.2463314494953753,0.3634639315724278,0.4667756949300943,0.2888498802585573,0.871212204022843,0.7672823147607338,109.22489927753882,109.37202903341844,107.9087834534401,112.27514388166522,106.89584752696132,113.44653734313025,102.92263820959556,106.6302100656754,0.3996373580194285,2.0,0.0390380444440017,325.0,299.0,277.725,1.1702223422450264,1.0766045548654244,0.3009980033337522,0.75,-2.848148522356321,138,103,70.81227367415677,-1.1623127722326956,0.5148766135525102,18.0,28.0,72.0,0.3
176,Youngstown St.,Horz,8-9,105.17550432589678,239,106.31674419285312,122,0.4690117139146339,176,16.562572411295008,14.437427588704992,9.562572411295005,10.437427588704995,2-5,0.3795601682664086,0.3596066735591382,0.4080651607053661,0.3682998395819788,0.3269151577810347,0.391061414572498,0.90676183781898,0.8914457048429442,108.8674766886162,112.32716456112442,105.33708241758092,109.5403604488215,103.35949099920386,107.9400934479635,0.0,0.0,0.0,0.0,-0.1221601470401307,523.0,526.0,483.525,1.0816400392947625,1.0878444754666254,0.3819055512701843,0.2857142857142857,-6.336394941930082,267,353,67.2330687530023,-1.1412398669563402,0.5103510086517936,18.0,28.0,72.0,0.3
177,Central Arkansas,ASun,7-10,106.43874815951816,208,107.68927549643908,151,0.4664694900989757,177,16.340718474930377,14.659281525069629,11.340718474930377,6.659281525069626,2-2,0.4144705721849651,0.4571639010842314,0.2757172532623494,0.360905682614191,0.4571639010842312,0.2913858581636063,0.8614868115920796,0.7496113215419726,110.28597283193974,109.82695469033594,108.40481362190638,112.7299809355877,110.74176516459268,116.1937350215768,99.49217752015826,108.16567829690456,0.2766322965541452,4.0,-0.1484306165788321,331.0,319.0,276.9,1.1953773925604914,1.1520404478150958,0.2958626024211083,0.5,-5.716108274330145,247,361,68.42990381021247,-1.2505273369209249,0.5128774963190363,18.0,28.0,72.0,0.3
178,Marshall,SB,11-6,109.23829811956575,157,110.57457684099724,212,0.4651012094232766,178,19.525757686677856,11.474242313322138,11.175820624180824,6.824179375819177,3-2,0.430269026873932,0.458495223926272,0.362526153948316,0.3999275163949625,0.4759462788979804,0.3450250768094496,0.8968861384447953,0.8535165050974809,108.09017944536714,109.31423413759887,106.91138338723394,110.31155499436504,106.98584693507928,110.09679155887268,113.86921336649212,121.05501098519966,0.3309841619784108,1.0,0.1044316261627545,374.0,376.0,350.15,1.068113665571898,1.0738255033557047,0.3382938932945009,0.6,-2.8775812962060985,139,28,69.87879299272153,-1.3362787214314835,0.5184765962391316,18.0,28.0,72.0,0.3
179,Northern Kentucky,Horz,13-6,109.18701060464376,159,110.56821711800784,211,0.4639224065129065,179,19.745322589083376,11.254677410916615,11.74532258908338,8.254677410916619,5-3,0.3245873340393133,0.2933015794239775,0.3676052466353997,0.3566936474880328,0.2933015794239778,0.3915592849232631,0.90691834051271,0.8922134138593473,109.4980735110342,114.23168344007112,109.40710386874672,113.82717737806296,111.65452069725212,110.67061309039158,99.64578532552504,116.26946850614998,0.1450058388258596,1.0,0.0358416019583395,666.0,616.0,563.7375,1.1814009179804432,1.0927071553692986,0.4075286437818387,0.625,-3.4645696878991328,163,108,69.50434000024522,-1.3812065133640772,0.5183740212092875,18.0,28.0,72.0,0.3
180,Monmouth,CAA,8-9,105.1161137477774,244,106.4515610629848,125,0.4637682617627329,180,16.704090916234087,15.29590908376591,10.704090916234092,8.29590908376591,2-2,0.4242814452404638,0.3945387685459878,0.5209451444975112,0.4064457847613161,0.3945387685459879,0.4145926905928566,0.8930471205611208,0.8703736632519335,106.49736939061036,108.4196221123369,106.66352431216616,109.94357091459558,101.4802936189128,93.63945760707573,109.85525692703244,101.97200644336272,0.7018977580926006,2.0,-0.0750488767647635,272.0,253.0,271.6375,1.0013344991026645,0.9313883392388754,0.386232036218282,0.5,-5.751378221080619,248,315,66.25274838337494,-1.3354473152073894,0.5102322274955549,18.0,28.0,72.0,0.3
181,Fordham,A10,10-7,104.74475463320766,250,106.1208512595131,114,0.4625455963290566,181,15.649602341991288,15.350397658008712,6.649602341991287,11.350397658008712,1-3,0.2874524383524182,0.1728273839759566,0.6599838650759181,0.4167624723159542,0.1728273839759566,0.5929378138948413,0.874816040871501,0.972269615458531,105.17621507800996,112.82821643912813,108.03656767513051,110.08476424920376,108.89476069017223,108.4270077211456,0.0,0.0,0.0,0.0,-0.1165051820620873,270.0,290.0,254.85,1.059446733372572,1.137924269177948,0.5737817992716765,0.25,-5.17174561804209,226,350,63.92156888722788,-1.37609662630544,0.5094895092664153,18.0,28.0,72.0,0.3
182,Harvard,Ivy,8-8,107.56050819764492,189,109.09167792350613,183,0.4594509666120266,182,14.079118010350989,13.920881989649017,7.079118010350985,6.920881989649014,1-1,0.420289833794968,0.4126901834499904,0.4734873862098105,0.4352490442770613,0.4126901834499904,0.4578079051041321,0.8728004751589904,0.8525494370258567,107.14907895536732,109.3987894272598,108.2008131249628,110.13264919664212,117.52115009904172,106.24568528228085,104.18784252068896,105.4682466078147,0.4649409976625018,1.0,-0.0332121171814099,147.0,130.0,124.175,1.1838131669015504,1.0469096033823233,0.4551946582531856,0.5,-4.735411955034582,212,243,64.38653785451464,-1.5311697258612043,0.5151210163952898,18.0,28.0,72.0,0.3
183,Winthrop,BSth,11-8,112.93394533585445,106,114.57593222129398,289,0.4585953476127667,183,18.50163554291557,12.49836445708442,10.50163554291558,5.498364457084425,3-1,0.3611707034475493,0.3934463748936463,0.2401369355246853,0.3529998451012944,0.3934463748936466,0.3150812234209643,0.8727242206989517,0.8138807674814427,107.86671901218118,110.31249426983892,106.96045502585972,111.43124658739374,104.1994895681484,111.8476044314291,111.43310076694968,104.97084460084444,0.6653060060162278,3.0,-0.026689055645474,310.0,286.0,279.3625,1.1096693364356347,1.0237594523244888,0.3400626527197239,0.75,-4.197384082294082,196,227,68.57199261500462,-1.641986885439536,0.5258678906717089,18.0,28.0,72.0,0.3
184,Charleston,CAA,11-6,109.01832433234782,161,110.62015810885126,213,0.4581622917566536,184,18.17622181301804,12.82377818698196,11.17622181301804,6.823778186981957,4-0,0.4455893672789925,0.4578969729139741,0.4055896489653031,0.4429929763323973,0.4578969729139738,0.4322289788012587,0.8861322123188485,0.864578993752149,108.69877685387593,110.76005869929888,108.33587505327752,110.60206270690156,112.07378564968886,106.95863704922024,118.34534690467454,108.57462101399996,0.7292749923345698,1.0,0.110720283011233,319.0,293.0,281.5125,1.1331646019270902,1.0408063585098353,0.439840215897246,1.0,-2.8320230770977703,136,24,67.61150131789265,-1.6018337765034403,0.5180366486646957,18.0,28.0,72.0,0.3
185,Toledo,MAC,9-7,110.33956573229484,140,111.97133373661175,250,0.4578940459521949,185,16.123847028850893,14.876152971149104,9.646731804468164,8.353268195531838,3-1,0.4355639915770632,0.4639013541495693,0.350551903859545,0.4604343475069329,0.4595269969963812,0.461089656208998,0.859916262944472,0.8422365852344845,110.21158442012027,109.6456200745499,109.84357736831814,109.84541458779242,103.61140297700427,111.47726397184222,113.01926009841446,121.88589055198544,0.295553833676707,1.0,0.0234258016143842,310.0,302.0,281.6,1.1008522727272727,1.0724431818181817,0.4926718711659847,0.75,-3.8616675740809328,183,124,69.57422271529647,-1.6317680043169105,0.5206791314645897,18.0,28.0,72.0,0.3
186,Florida Gulf Coast,ASun,7-10,112.56111283027182,111,114.3875902563899,285,0.4538548337528776,186,16.62267458089433,14.377325419105674,10.622674580894328,7.377325419105671,1-3,0.4291518559422672,0.4330668389377911,0.4164281612068148,0.3571895273112956,0.4330668389377909,0.3023892466921603,0.8895480974537467,0.8164658000339469,109.47809493509978,108.72053638985388,107.37650970781264,112.11822837029348,112.98149777101588,114.8151662555212,110.32497753721051,114.55910878345026,0.393387139832565,3.0,-0.1385530119325092,303.0,306.0,273.125,1.1093821510297484,1.120366132723112,0.2698066996879732,0.25,-6.404124461303248,272,358,68.70444615922614,-1.8264774261180747,0.5251222256605437,18.0,28.0,72.0,0.3
187,Iona,MAAC,12-6,104.77066271697872,249,106.51197397090748,126,0.4527510114365383,187,21.34819755014852,9.651802449851486,13.348197550148514,6.651802449851486,4-3,0.4036275895606277,0.4552753891179245,0.3224667616848756,0.3340308980026168,0.4552753891179241,0.2673464278891978,0.9137970915672688,0.8505251376261959,105.546620644214,109.76502812183672,103.78780178865216,111.30271644686006,96.60143326426878,104.6383099653244,101.69742878662674,99.98441381870228,0.548684921635415,1.0,0.1046667619965326,466.0,480.0,482.43750000000006,0.965928229045213,0.9949475320637388,0.2376662481530636,0.5714285714285714,-2.957638250475803,145,27,71.80915616301677,-1.7413112539287567,0.5095413254339575,18.0,28.0,72.0,0.3
188,South Dakota St.,Sum,9-9,108.40636651470984,175,110.22311922243482,204,0.4523628611938502,188,16.602708860585533,14.397291139414463,9.602708860585537,6.397291139414462,2-1,0.4030656240266086,0.4323286933283876,0.2567502775177135,0.3880469180440538,0.4323286933283876,0.3465327537149907,0.8775836870772046,0.8281912773645139,108.86300388315458,108.50933051930656,108.04517187833508,110.66942644609632,111.69123586352168,116.13861285188098,112.24242453425978,108.16198069102585,0.6048841143677621,1.0,-0.0652726379997903,258.0,238.0,209.2375,1.2330485692096302,1.137463408805783,0.3672517866835933,0.6666666666666666,-5.372625030408721,236,296,68.5441553527356,-1.816752707724973,0.5168127330294197,18.0,28.0,72.0,0.3
189,Saint Joseph's,A10,10-7,105.44741736498352,224,107.2148499434048,141,0.4523557374822056,189,15.80197681802554,15.19802318197446,7.8019768180255396,10.19802318197446,2-2,0.4093238179737812,0.3388694577247331,0.6383004887831875,0.4724598176680876,0.3388694577247331,0.5689417442938436,0.8484239102395678,0.8858853610786741,106.79654569122388,109.21430800731346,108.48731900011704,108.80087057523004,112.31544224841473,107.35406873157147,108.66028099589394,114.81740885820784,0.3466396404456519,3.0,0.0234131124597412,299.0,319.0,276.275,1.0822549995475523,1.154646638313275,0.5491249601540311,0.5,-3.529189490508359,166,125,67.65326688971301,-1.7674325784212783,0.510894834729967,18.0,28.0,72.0,0.3
190,UC Davis,BW,9-7,110.68690786669544,137,112.57956011599867,255,0.4514093448860988,190,16.64743413091768,14.352565869082316,9.64743413091768,10.35256586908232,2-3,0.4450918034276862,0.4446328078129055,0.4461015937802035,0.448107932295328,0.4446328078129055,0.4500192507606602,0.8750055319823414,0.8495232591877656,108.93385876088738,108.61200158579392,108.0265802104641,108.94511466806374,111.53258543130312,113.61236734114892,0.0,0.0,0.0,0.0,0.047280577082573,408.0,406.0,364.5625,1.1191496656951825,1.113663637922167,0.4513251364208124,0.4,-3.632349340706444,172,91,69.31304756103175,-1.8926522493032394,0.5213738157333909,18.0,28.0,72.0,0.3
191,Siena,MAAC,11-6,104.47760171280932,254,106.30343194286412,120,0.4503551411422599,191,19.982227462786025,11.017772537213974,12.982227462786026,7.017772537213975,4-2,0.3165608887988279,0.3663204270655701,0.2253350686431339,0.3168869959994627,0.3663204270655701,0.2896986089131036,0.918989962967848,0.873233152356171,103.49853401564788,111.8114478724884,103.10569118772064,111.49161762790374,108.02755041065396,106.86815889308264,93.99263714376936,104.23898284430273,0.2332764945743412,1.0,0.0143646243618157,429.0,359.0,376.9625,1.1380442351692808,0.9523493716218456,0.3172829833145191,0.6666666666666666,-3.656689556412283,174,141,65.02294954157603,-1.8258302300548053,0.5089552034256186,18.0,28.0,72.0,0.3
192,Incarnate Word,Slnd,8-8,109.25759914939404,156,111.1703899900914,232,0.4502674064842145,192,16.475091726125658,14.524908273874344,11.475091726125656,10.524908273874344,3-4,0.4175891143432876,0.4067386524841961,0.4315397081621194,0.4082148481471266,0.4067386524841961,0.4088187463728708,0.8691549779096671,0.7896410036543453,110.07861172323268,108.77164383324757,107.7674900805318,109.39748222610328,103.50486953508972,108.14341039510256,109.1695632595353,96.69910532366424,0.8013779193146264,2.0,-0.0440105065998118,491.0,494.0,465.2625000000001,1.0553182343300824,1.061766207248596,0.3982156308712215,0.4285714285714285,-4.470308534148218,203,258,66.436417354882,-1.9127908406973546,0.5185151982987881,18.0,28.0,72.0,0.3
193,Green Bay,Horz,10-8,111.11331736147628,133,113.07853156121728,264,0.4497655839883491,193,16.925574696204727,14.07442530379527,11.92557469620473,8.074425303795271,5-2,0.4490293985016866,0.5092125138409226,0.3544559315400302,0.434200876650296,0.5092125138409227,0.3929444761954513,0.8745543586741293,0.8018908912471077,110.90374124729,110.29496486657688,110.26756723464752,111.68198199857238,110.27117295604891,108.1266503039366,98.05005958559256,125.37106924005384,0.055898457837228,1.0,0.0464691867887777,527.0,508.0,466.0125,1.1308709530323755,1.0900995144980017,0.413669077163755,0.7142857142857143,-4.1370432160007935,195,95,63.39275713468665,-1.9652141997409984,0.5222266347229525,18.0,28.0,72.0,0.3
194,Nicholls St.,Slnd,8-8,108.99744503446917,163,110.99704207052696,226,0.4479245850413579,194,15.647456097383976,15.352543902616024,14.647456097383976,7.352543902616027,7-0,0.48583658198448,0.601401533984724,0.3372530722698806,0.4648778004199556,0.601401533984724,0.4090271821434594,0.850684032173603,0.7261941423570122,109.47413354529736,108.3224108106455,108.06204933477316,108.55313888893969,111.70151822583117,105.09546816034452,102.82034887348294,111.7455988260246,0.2774235069030027,3.0,0.0474371720950316,544.0,478.0,472.5875,1.1511095828814768,1.0114529055465915,0.4425217667511295,1.0,-3.871112258118864,184,90,68.46957976294314,-1.9995970360577928,0.5179948900689383,18.0,28.0,72.0,0.3
195,Southern Miss,SB,11-7,105.1897579529948,238,107.32490111893688,142,0.4424833125705338,195,17.79920928025472,13.20079071974528,11.256029255341836,6.743970744658164,5-1,0.3788513688851712,0.4531689157516957,0.2302162751521223,0.3957747302749533,0.4547496285072445,0.3531817482182987,0.8852559736069988,0.8291247222936623,107.68095636766778,110.77136516248254,107.30368839124664,110.4506667305005,100.4682606653367,105.52750860267533,99.58768692538877,105.96992352205282,0.3286399091933582,2.0,0.0340765800500214,459.0,417.0,429.2375,1.0693380704155624,0.9714901424036808,0.4146644847513868,0.8333333333333334,-3.693181044346439,175,109,67.60641392245293,-2.1351431659420825,0.5103795159059896,18.0,28.0,72.0,0.3
196,Cornell,Ivy,7-8,119.33820226629643,48,121.7772953710325,356,0.4420927683166047,196,12.58143264384966,14.41856735615034,5.581432643849659,8.41856735615034,0-2,0.3912852076408752,0.3899959675846725,0.3996652680061931,0.4264160013568034,0.3899959675846725,0.4602346041452107,0.8694178392925103,0.8448694896999609,107.5714943228349,109.0542219792589,107.6758910613122,108.88525666189342,118.90066455895176,132.81265365449644,145.96702848080398,123.19401719080848,0.8755156662337427,1.0,-0.0881638101761832,190.0,206.0,157.8,1.2040557667934093,1.3054499366286438,0.4703294935017136,0.0,-5.0829798970196345,223,329,74.27049472527591,-2.4390931047360596,0.5386764045325929,18.0,28.0,72.0,0.3
197,Drake,MVC,8-9,109.81110218683123,150,112.15675233186003,252,0.4395318952295574,197,13.345889563343864,17.65411043665613,7.345889563343867,12.654110436656133,2-4,0.4329092556832021,0.34798555712229,0.5886027030448743,0.4962182769292617,0.3479855571222903,0.577746272823096,0.8605890168460064,0.9168742844848148,107.86370057150552,108.6434953730483,107.6702222322552,106.58979309270468,104.40321634774412,110.90044380823706,92.1256587897312,95.72152828084668,0.3916618948820874,1.0,-0.0680808505590145,410.0,462.0,408.5,1.003671970624235,1.130966952264382,0.5730935170137623,0.3333333333333333,-6.014476991909705,257,306,66.192957019681,-2.3456501450287988,0.5196222043736625,18.0,28.0,72.0,0.3
198,San Diego,WCC,7-11,107.16459232633424,201,109.470018664663,193,0.4391098842840733,198,11.703221956447464,18.29677804355253,6.703221956447464,11.29677804355254,2-4,0.5108426360587728,0.4388205878379337,0.6548867325004509,0.5307914860752401,0.4388205878379341,0.5921054182334438,0.8245662624717768,0.8772126120959669,110.5679498694392,108.05344636602686,109.95032047416846,107.20294410980114,110.20058962522486,102.43504956282312,105.3966947577412,110.50177901329089,0.3672682718768694,3.0,-0.0656789068991108,446.0,465.0,426.725,1.0451696057179682,1.0896947682933973,0.5607147610999403,0.3333333333333333,-6.48068816766923,276,300,69.79481821959071,-2.3054263383287577,0.5143291846526685,18.0,28.0,72.0,0.3
199,Navy,Pat,12-5,103.4546509916373,269,105.69655877504482,110,0.4386732865957468,199,21.72563597338396,9.27436402661604,13.72563597338396,4.27436402661604,4-0,0.2704067562772845,0.2991611868364842,0.1769548569598853,0.2585277528502179,0.2991611868364842,0.2291813838601366,0.9316333967300828,0.8908096855399334,102.9636978339772,112.94781183725856,103.45940245005764,114.37145679387874,105.8961063086782,98.53763430659978,95.45107564437834,94.53932784697317,0.5275659927640338,1.0,0.0091442306137566,299.0,240.0,261.125,1.145045476304452,0.9191000478697942,0.2441032486887797,1.0,-2.8817007617238777,141,153,67.20183123065254,-2.2419077834075267,0.5069093019832746,18.0,28.0,72.0,0.3
200,UT Rio Grande Valley,Slnd,6-10,105.5412493070173,223,107.88951679610112,157,0.4370686949369687,200,13.968351399198111,17.031648600801887,9.968351399198111,12.03164860080189,2-5,0.4508319881288728,0.4777057379312209,0.4162800240972824,0.4296516732926795,0.477705737931221,0.4099931923041852,0.8650390291421204,0.7764371447494136,108.7017541804237,106.60562273632964,107.6784537906551,108.75396138298372,103.70828258762194,110.13365369662634,114.47125788056668,105.29727555119452,0.7232552426113142,2.0,-0.1333800893072873,489.0,508.0,471.3,1.0375556970082749,1.0778697220454063,0.4070593374674063,0.2857142857142857,-6.386179984367908,271,355,67.65112543183946,-2.348267489083824,0.5110824986140345,18.0,28.0,72.0,0.3
201,Cal St. Northridge,BW,10-8,108.24922552647224,178,110.71596689820367,217,0.4355809521307018,201,16.7177523190257,15.282247680974296,9.7177523190257,10.282247680974296,3-3,0.4153071474228686,0.4124024150648755,0.4211166121388547,0.4368812464131562,0.4124024150648757,0.4515685452221244,0.8843987156745319,0.8775703093143781,107.7333989356868,109.16831973035411,107.60532927661764,109.0658811129058,106.30850815265894,107.94863952434316,117.7358262406728,108.07253450087666,0.7280731585287947,1.0,0.0241878909251905,486.0,481.0,452.2374999999999,1.0746565687277152,1.0636004311893643,0.4646193736863827,0.5,-4.832517545981039,216,123,73.66657412369165,-2.4667413717314304,0.5164984510529445,18.0,28.0,72.0,0.3
202,Ohio,MAC,10-7,106.64178934839067,205,109.19578232610482,187,0.4323743630864558,202,16.809774416780247,14.190225583219751,10.296189948403732,7.703810051596267,4-1,0.4597362992665669,0.4679479121365353,0.4400284283786427,0.4540813267159344,0.4587613709149831,0.4507012947943992,0.8648799145736529,0.8322319531907669,109.43912757095332,108.00556328154852,109.20949091866652,109.63521221515452,103.19980101083809,104.20673452517386,108.10407895241276,114.342147593104,0.3440812512461135,2.0,0.0750502290720968,383.0,362.0,358.6,1.0680423870607918,1.0094813162297824,0.454806243415844,0.8,-3.532239669495276,167,55,69.80463294773558,-2.5539929777141452,0.5132835786967813,18.0,28.0,72.0,0.3
203,Texas A&M Corpus Chris,Slnd,8-8,102.21146576345626,286,104.67329074872065,93,0.4319986334763383,203,16.17806093177782,14.821939068222184,12.17806093177782,9.82193906822218,4-3,0.434116583819717,0.4467212814077502,0.4179105440636744,0.4209764454004678,0.4467212814077498,0.4104444670338524,0.8570876764940478,0.7494140423731064,111.96951999188344,107.31976556671528,108.90114002399896,109.01644996409968,105.14116478726476,103.15730003324678,88.98117398676565,92.10543786134988,0.4020680972062405,3.0,-0.0066492755541107,493.0,466.0,455.9125,1.081347846352096,1.0221259561867682,0.4069602977532688,0.5714285714285714,-3.967522817740994,189,187,66.56415829281143,-2.4618249852643856,0.5044229315269125,18.0,28.0,72.0,0.3
204,Eastern Michigan,MAC,8-9,104.26400915825138,262,106.78307764775442,132,0.4317923384653492,204,14.390734403039325,16.609265596960675,7.985635041325691,10.014364958674308,2-3,0.4719787480631585,0.4813047585375664,0.4495963229245796,0.4766601416531476,0.4791133586863839,0.4748883737958105,0.8414083724698322,0.7968480941443136,109.6096620912593,109.0474260006218,109.63478686589632,109.83066984378024,106.51682234048003,107.40239053034574,101.69615036170778,111.9613626892979,0.2486378306239882,3.0,-0.0044125196983457,355.0,366.0,334.2875,1.061960139101821,1.0948659462289196,0.4846160856693609,0.4,-4.633240771810386,210,179,65.44153669892849,-2.5190684895030415,0.5085280183165027,18.0,28.0,72.0,0.3
205,Portland,WCC,9-10,106.36334928670531,209,108.95023131932182,179,0.4313497121346055,205,12.89517032093038,18.104829679069624,5.895170320930379,12.10482967906962,2-4,0.5005267904663653,0.437405045659346,0.6372905708815736,0.5446016503698655,0.4374050456593459,0.6220214204385742,0.8052734973564939,0.8687527546752236,112.16520904464134,109.0889342240432,111.32306018001906,106.84370999997236,111.20485805871964,109.91377079571376,104.81006311692734,117.81457276768124,0.2066783400431345,2.0,-0.003168622742914,444.0,475.0,410.6875,1.0811139856947192,1.156597169380612,0.6143868452170748,0.3333333333333333,-5.61222562489495,243,177,69.52435160786156,-2.5868820326165007,0.5127266985734106,18.0,28.0,72.0,0.3
206,Penn,Ivy,8-7,110.02666263560975,144,112.71264805347488,260,0.4310992713286478,206,13.465484291198573,13.534515708801427,6.46548429119857,7.53451570880143,1-1,0.4211473447832218,0.434400333599952,0.3350029174744754,0.4485931284284565,0.434400333599952,0.4617721521977822,0.8782710112832662,0.8638076158226947,106.77556344000782,108.78127922007074,108.53726936734624,109.84034976065269,119.70821416163211,124.35006776792702,106.39777326360333,119.1254260213338,0.2142641059358881,1.0,0.0028695290565806,157.0,151.0,134.2125,1.1697867188227624,1.1250814938995994,0.482900357985,0.5,-4.208520883952163,197,168,69.97107724611985,-2.685985417865126,0.5200533252712195,18.0,28.0,72.0,0.3
207,Colgate,Pat,9-8,109.9619348088832,145,112.65401510576656,258,0.4309071232824459,207,18.88411611562392,12.115883884376082,12.884116115623918,5.1158838843760766,3-1,0.4143150477406112,0.4759037410398478,0.2141517945180927,0.3331361577642045,0.4759037410398475,0.2300262365095733,0.8772459291651814,0.761503711396171,109.8755077241406,109.05317658389454,106.50618161395327,112.11290108182769,108.5908935884839,119.2069917679743,116.21790065690423,109.78728352522867,0.6580474413472837,3.0,-0.0110457948178493,302.0,286.0,259.0875,1.1656293723163025,1.1038741737829885,0.234561791364282,0.75,-4.0110370737178975,190,196,66.22986304750805,-2.6920802968833613,0.5199238696177664,18.0,28.0,72.0,0.3
208,Abilene Christian,WAC,10-7,107.2043946894262,199,109.84253327981598,197,0.4305587856981993,208,16.661489567687433,14.338510432312567,8.661489567687426,9.338510432312573,2-2,0.4310589425620401,0.3943174235500611,0.5504688793509718,0.449012260407815,0.394317423550061,0.4885140870273042,0.844699939138415,0.8132155731409789,108.47961976598096,105.82021097354844,107.23936974563416,106.66123997945324,113.0697166250286,114.66870782799704,107.11834623380103,104.37938973513845,0.573922537048441,2.0,0.0694336931631051,305.0,309.0,274.8,1.1098981077147017,1.1244541484716155,0.4708127177919705,0.5,-3.1203650278483006,151,66,65.72064752330108,-2.6381385903897865,0.5144087893788524,18.0,28.0,72.0,0.3
209,Charleston Southern,BSth,11-8,105.65265706081487,218,108.48078710115428,169,0.4246321905533656,209,18.739382160599668,12.260617839400336,9.739382160599666,6.260617839400332,2-2,0.3271150157695975,0.3065510558459368,0.404229865483325,0.3130986226011333,0.3065510558459367,0.3192369664341301,0.9121924438061576,0.896943575814956,106.42595026156576,112.36546261097376,105.6738362946215,113.14696767597523,106.1365590192234,108.5722240313962,99.48704288107136,111.48428149362786,0.2125962630742072,1.0,-0.033259670544713,334.0,327.0,304.23749999999995,1.0978265335469823,1.0748181930235423,0.2909060000843984,0.5,-5.173708927612264,227,244,71.74730917181904,-2.8281300403394027,0.5113053141216297,18.0,28.0,72.0,0.3
210,Oregon St.,WCC,9-10,108.13942548863268,179,111.17223028213296,233,0.4211433978041639,210,13.005652811683523,17.994347188316475,6.005652811683524,11.994347188316471,2-4,0.5241098977185213,0.4713198613102967,0.6384883099363414,0.560205400723241,0.4713198613102966,0.6244005125214787,0.8253616402497012,0.8915901699245835,108.18359328207984,107.14987455823837,109.17813210499936,106.1172423802944,105.0722256084235,115.2805113599356,0.0,0.0,0.0,0.0,0.0425552625131606,398.0,466.0,393.1875,1.0122397075186775,1.1851851851851851,0.6173566138140474,0.3333333333333333,-6.193994662926589,261,99,65.3341474257968,-3.0328047935002758,0.5162788509772653,18.0,28.0,72.0,0.3
211,UC Santa Barbara,BW,9-7,111.78820962070358,121,115.193754185706,303,0.4145690995277561,211,15.583315569369375,15.416684430630625,8.583315569369375,11.416684430630625,2-3,0.3863085941976102,0.3983953246075756,0.3597177872956861,0.4340283575398059,0.3983953246075756,0.4536265256525326,0.8885815485109684,0.8899447013472142,107.47940889090204,109.90759349209078,107.24978333574232,108.76879676900616,111.55297146959,118.56708187579186,0.0,0.0,0.0,0.0,0.00724755674162,428.0,423.0,366.925,1.1664509095864275,1.1528241466239697,0.484929438438148,0.4,-4.596297135302605,207,161,64.98287993807254,-3.4055445650024154,0.5235764192414072,18.0,28.0,72.0,0.3
212,Robert Morris,Horz,11-7,109.88932574018938,148,113.24690200063527,266,0.4143256140911007,212,18.2028714834126,12.797128516587405,10.202871483412594,9.797128516587405,3-4,0.3790764674025571,0.3458622918915075,0.4312701717770635,0.3784767808677384,0.3458622918915076,0.3964147498046653,0.9003538285220781,0.8766728264996999,108.35043837455716,111.31347789180232,108.4265501386344,112.63565544197422,109.00643998393268,116.79358460646782,115.12563832964022,129.6814131054416,0.2027568149810736,1.0,0.0582310680664894,541.0,560.0,477.76249999999993,1.1323617906386545,1.1721305041730987,0.3776464456656817,0.4285714285714285,-4.079604323167121,193,78,65.2713039860436,-3.357576260445896,0.5197786514803787,18.0,28.0,72.0,0.3
213,Cal St. Fullerton,BW,8-10,108.51631418133364,173,111.84385940374187,245,0.414028212017568,213,14.779407238971585,17.220592761028414,9.779407238971585,10.220592761028415,3-3,0.5176055238643891,0.5174180977607546,0.5179803760716578,0.4775814903790779,0.5174180977607546,0.4536795259500717,0.8531822599720444,0.7954606997651705,111.53352395397788,107.50264121954014,109.41423946174018,108.76169681909026,107.40792457688369,108.92382869414467,104.38988892114716,115.77551372176498,0.2331725475478819,2.0,0.0174968562919033,483.0,483.0,451.25,1.070360110803324,1.070360110803324,0.4261220187551062,0.5,-5.296974913026704,233,136,74.41356696735377,-3.327545222408233,0.5170326283626673,18.0,28.0,72.0,0.3
214,Utah Tech,WAC,9-9,108.40380355931772,176,111.87979922088228,248,0.4102427830296807,214,15.21972058792086,16.780279412079143,8.219720587920857,9.780279412079144,2-2,0.4548484259053084,0.4362317085839263,0.5200069365301458,0.4685076262088571,0.4362317085839263,0.4936111176949144,0.8357640290339073,0.7867013295789835,109.69907143918596,107.1020251386395,107.90214155700504,106.96833880658004,113.11911238820436,111.86305786505706,110.49259331663458,110.40804775095616,0.5022006902508249,3.0,0.0161960904737228,307.0,306.0,278.04999999999995,1.1041179643948933,1.100521488940838,0.4860694551705625,0.5,-4.107904727913869,194,139,66.91077231465512,-3.4759956615645535,0.5168076071186355,18.0,28.0,72.0,0.3
215,LIU,NEC,10-7,107.80367761006318,182,111.35771741427574,237,0.4078131396672108,215,20.39206212649535,10.607937873504648,14.392062126495352,3.607937873504648,4-0,0.435651305985466,0.524184796095408,0.1479174631281546,0.3202257706772832,0.524184796095408,0.1729220300975264,0.8900841278192039,0.7749287419856281,107.63990185101976,109.71619788424644,104.16781758261092,112.1332054475404,105.39543368208058,110.65237113316364,105.25567134599213,106.39972838208033,0.4689592986116888,2.0,0.0976274807569195,285.0,254.0,254.6375,1.1192381326395366,0.9974964410190958,0.1800661920887755,1.0,-3.0265182011495497,147,33,68.7908713847066,-3.5540398042125645,0.5156073552201264,18.0,28.0,72.0,0.3
216,Dartmouth,Ivy,8-7,107.19728327282388,200,110.7433227419526,218,0.4075124401743685,216,13.6867809315667,13.313219068433302,7.686780931566697,6.313219068433302,2-0,0.3902651722828082,0.3694872775576482,0.5253214879963481,0.4190503516276428,0.3694872775576482,0.4650732061212093,0.8732358173904688,0.8544795503210803,108.69954916947007,110.00811756796664,108.5805527816151,110.00329896352548,121.06622914776436,107.86702875920936,109.0835123331794,115.78278175006083,0.3350517465925744,1.0,-0.0009185594559646,178.0,159.0,139.16250000000002,1.2790802119823943,1.1425491781191053,0.4550318258086861,1.0,-4.032159237477535,191,174,70.66412303145877,-3.546039469128715,0.5143945665456477,18.0,28.0,72.0,0.3
217,Campbell,CAA,9-9,108.88812238398124,167,112.62434968262605,256,0.4042047893920141,217,15.56671213006209,15.43328786993791,9.56671213006209,8.433287869937912,3-2,0.5229228839290675,0.5384087611099642,0.4826596032587359,0.4772120216986494,0.5384087611099642,0.4330143765682556,0.8285742325326058,0.7367966995465216,111.77415013587589,106.9067684166545,108.9072633602779,107.85874372455687,114.6832803461036,111.42982419376187,98.92395392437416,110.12956074518652,0.2254786104694456,4.0,0.0847036691156913,405.0,388.0,344.86250000000007,1.174381093914241,1.1250860850338902,0.4139200586103785,0.6,-3.4805009606203807,164,45,70.56786271493344,-3.736227298644806,0.5177762447679625,18.0,28.0,72.0,0.3
218,South Alabama,SB,12-5,105.444584649058,225,109.16906932585852,185,0.4015068273142271,218,19.74948120256521,11.250518797434788,10.207992885504096,7.792007114495904,3-2,0.3281665451256765,0.320684648417988,0.3461230972241291,0.350011403537156,0.3293830769363371,0.364909639415525,0.9197267094334164,0.9185156436096672,104.47531466631564,111.09491326568516,105.00573006699052,111.13885615217276,101.31146687595565,105.63290018884854,0.0,0.0,0.0,0.0,0.1231410240260835,360.0,347.0,340.17499999999995,1.0582788270743002,1.0200632027632837,0.3721352325660619,0.6,-2.7612729552918385,135,19,64.46922944075367,-3.7244846768005146,0.510889169298116,18.0,28.0,72.0,0.3
219,Vermont,AE,10-7,111.36802816279648,129,115.5745123259926,313,0.3949948149884836,219,20.590230318781405,10.409769681218595,12.590230318781405,3.4097696812185974,2-0,0.3658943658235181,0.3945631981953728,0.1508781230346075,0.2779518902679663,0.3945631981953729,0.1686287890860224,0.9446400267468996,0.9135505057787658,105.62614081647702,109.61271340278432,102.51128107942172,112.14208096423752,103.4395572409782,108.75566487273886,0.0,0.0,0.0,0.0,0.048706969194774,140.0,120.0,125.5375,1.1152046201334262,0.9558896744000795,0.1711645985219388,1.0,-4.803366004707674,214,89,64.86434683806417,-4.206484163196123,0.522736056325593,18.0,28.0,72.0,0.3
220,Queens,ASun,9-8,115.65995177324122,76,120.03723117103569,349,0.3947959882660699,220,17.49676105769121,13.503238942308784,12.496761057691211,5.503238942308792,4-0,0.4445915026173023,0.5197583895830948,0.2002991199784768,0.3794362222863179,0.5197583895830952,0.2780924347942011,0.8543417801477473,0.7207583993798126,111.10026871713448,111.90658814392262,108.29239841317086,112.894419690954,113.8096592763003,110.60696931353984,110.66796219211362,125.84854758922955,0.1856896040749113,5.0,0.0376524605720171,355.0,298.0,279.2125,1.271433048305502,1.0672874602677174,0.3003190961701223,1.0,-3.236859576696606,158,105,69.23188125695799,-4.377279397794467,0.5313199035464824,18.0,28.0,72.0,0.3
221,La Salle,A10,5-12,105.3432542163688,231,109.4095105735477,191,0.3928023702425957,221,9.69396075227764,21.30603924772236,5.693960752277639,12.30603924772236,1-3,0.5705020205654387,0.5163548516268616,0.7464803196158145,0.5745067454689955,0.5163548516268616,0.6165053354660922,0.8020942403497022,0.7972910095519369,112.6209833793116,107.33787242091428,111.70910203435292,107.18454316916706,114.9094434967607,112.9307827696157,98.8678248680519,108.00095486600227,0.2657884626490712,4.0,-0.0591966407469499,281.0,313.0,259.575,1.0825387652894154,1.2058172011942598,0.5793696257090287,0.25,-6.884369986474607,284,289,64.9056568202299,-4.066256357178901,0.5106865084327377,18.0,28.0,72.0,0.3
222,Appalachian St.,SB,10-8,104.3029843525464,260,108.82728110073256,178,0.3802908625995327,222,17.270694554981983,13.72930544501802,9.67579391669561,8.32420608330439,3-3,0.3623427456553136,0.3902817167148933,0.3064648035361542,0.3563549591072361,0.3879843542537405,0.3335115070569828,0.9125518896218896,0.8858448411513304,106.7271378068573,110.4981856945668,106.27403424545707,111.35217435358136,103.52806685440146,108.58832918867874,100.5688929558032,102.8315845042337,0.4363792567659028,1.0,0.0258899634280274,406.0,397.0,388.7375,1.0444065725586034,1.0212547027235603,0.3470348588173972,0.5,-5.257877448823069,231,121,62.64795724429775,-4.52429674818616,0.5086059687050928,18.0,28.0,72.0,0.3
223,New Orleans,Slnd,5-11,111.34348041377262,130,116.23542022836848,319,0.3788400712476887,223,11.634595213440225,19.36540478655977,9.634595213440225,12.365404786559775,3-4,0.5658387383748247,0.7414787270701654,0.3400158957665294,0.5099133901002879,0.7414787270701654,0.4151821158853379,0.8110604359658531,0.5944279886967229,109.95500730747156,105.65535323805484,108.28390640548449,107.0049563074204,113.5892234247658,120.65492911745092,101.42459420376994,102.95538377683468,0.4570383545083226,4.0,-0.0195575119935373,542.0,557.0,472.3625,1.147423853502342,1.1791791262007465,0.4502596852741151,0.4285714285714285,-5.647394355999878,245,218,69.18382115218105,-4.891939814595858,0.5226869608275453,18.0,28.0,72.0,0.3
224,San Jose St.,MWC,5-11,108.9213260351465,165,113.71720766003986,274,0.3785935362162235,224,9.377285908441223,21.622714091558773,4.377285908441225,15.622714091558777,0-5,0.5696321246106031,0.4803844500498615,0.7659770086442341,0.5991981743982103,0.4803844500498615,0.664545722789802,0.7819990797847117,0.8333158806753531,111.14879125584184,105.41866171997869,111.00169204610296,105.43724970374376,107.50137834186528,115.19377820072488,121.04942646165702,118.08875238745048,0.5707148573007763,3.0,-0.055690785790793,324.0,411.0,338.9125,0.9559989672850662,1.2127023936856858,0.6307352941716581,0.0,-6.0670351124195205,259,284,65.09805833225126,-4.7958816248933545,0.517842652070293,18.0,28.0,72.0,0.3
225,Jacksonville St.,CUSA,8-8,105.14477815787455,242,109.80153361309812,196,0.3779245189406882,225,14.317339638756724,16.68266036124328,9.317339638756724,10.68266036124328,3-2,0.3490661788360669,0.2794955178345688,0.5021216330393629,0.4100687706628572,0.2794955178345689,0.4818840597184158,0.9021492405960144,0.9342609965954748,106.90368333130522,109.89338212334698,107.11085279970568,109.0846174306678,111.84174517332266,108.33577369254068,0.0,0.0,0.0,0.0,-0.067404381121027,367.0,361.0,329.7625,1.1129221788408326,1.0947272658352605,0.4751382019447669,0.6,-5.838912072025134,250,304,64.19840204882692,-4.656755455223561,0.5102895563157491,18.0,28.0,72.0,0.3
226,Towson,CAA,9-9,102.78695162505672,280,107.430124878417,146,0.3756400841777723,226,15.296476781232528,15.703523218767472,7.2964767812325295,10.703523218767472,1-4,0.4647820533911695,0.4564094641247608,0.4865507854838323,0.4424104643195182,0.4564094641247608,0.4323000755712873,0.8533538402027026,0.7876952777153575,110.74019295498066,108.86922147696376,109.13554149971267,109.6889295857982,101.77782454852056,110.93035995602084,93.86645023428048,102.87630099797651,0.2584530992335984,3.0,0.0437085094610441,334.0,365.0,329.45,1.0138108969494612,1.1079071179238125,0.4114344179126161,0.2,-4.591581634893789,206,98,63.418553741312806,-4.643173253360288,0.5055739032501134,18.0,28.0,72.0,0.3
227,Indiana St.,MVC,8-9,103.6762659397414,266,108.47311816777344,168,0.3728205690698714,227,12.482097245530808,18.5179027544692,5.482097245530806,14.517902754469192,1-5,0.3973227910891479,0.2874161808501453,0.598818243193986,0.4789453055215147,0.2874161808501453,0.5842863240907679,0.8498167754449694,0.8901729423745852,106.093837982581,107.9403713494864,107.41990638086524,106.76177155277487,108.74826749793768,112.1985201500208,99.17434112514596,108.922843604002,0.2538382404505311,1.0,-0.0442989176811735,452.0,494.0,437.9625,1.0320518309215971,1.1279504523789137,0.5780583587608176,0.1666666666666666,-5.703210917347461,246,259,69.24209667218841,-4.796852228032037,0.5073525318794828,18.0,28.0,72.0,0.3
228,Georgia Southern,SB,12-6,109.50950181273274,155,114.94829746052856,297,0.364145122891616,228,18.995487713775084,12.00451228622492,10.99548771377508,7.004512286224919,4-1,0.2968100594615014,0.2893757260009014,0.3161393264590614,0.3166796055748145,0.2893757260009013,0.3363990741559741,0.9356386319165386,0.9311163651680956,103.53478054871262,110.82613379848604,104.05063269329536,110.97723315957364,113.06451176334896,115.76001280856129,0.0,0.0,0.0,0.0,0.0786829438796885,432.0,413.0,375.6625,1.1499683891791168,1.0993910757661465,0.3441912848086328,0.8,-4.065769813220369,192,50,71.96518878808412,-5.438795647795828,0.5190190036254655,18.0,28.0,72.0,0.3
229,Grambling St.,SWAC,8-8,103.8264073498543,265,109.01981453240232,181,0.3632450948028751,229,18.7673218662447,13.232678133755298,12.767321866244703,6.232678133755296,2-1,0.3894104661777695,0.4241889433281821,0.2387037318593145,0.3012878237063529,0.4241889433281821,0.217197583965101,0.9092404875255566,0.8269320773693075,106.83956539042931,108.00118033846891,103.80044033511282,111.2967212358267,96.84659337924133,104.10063300945173,105.8305966092978,113.35264825835618,0.3122466604627743,2.0,0.0031355388023965,225.0,213.0,219.4375,1.0253489034463117,0.9706636285958417,0.2131651812349361,0.6666666666666666,-4.809026671162418,215,166,68.08756807428135,-5.193407182548015,0.5076528146997086,18.0,28.0,72.0,0.3
230,Rice,Amer,7-10,105.62433394552448,221,111.029061664956,227,0.360340439937877,230,12.664893782643007,18.335106217357,6.664893782643005,11.335106217356994,1-3,0.4724459754829058,0.413216700298645,0.6649411198317531,0.4756352935807139,0.4132167002986448,0.5207153887288748,0.8589109611561097,0.8628764071739714,109.94787494743944,107.69007079674772,108.5886218681356,107.96859321354788,104.73313653294136,110.5322263465807,114.47412473287994,115.22876795157808,0.4811184324607887,1.0,-0.0306514448700782,257.0,311.0,259.3375,0.9909866486720972,1.199209524268569,0.479508036985195,0.25,-6.229011075728465,263,235,66.02936605330252,-5.40472771943152,0.511248667891049,18.0,28.0,72.0,0.3
231,American,Pat,9-8,106.34070416963958,210,111.8770865504038,247,0.3580917785291196,231,18.155595351520216,12.844404648479784,11.155595351520216,6.844404648479784,2-2,0.3771856218714693,0.4130434395904772,0.2606477142846936,0.3113837660915041,0.4130434395904772,0.2379628907866902,0.8991631090611601,0.8170480531190432,107.88364900653012,111.0425763722869,105.1814687292276,112.66741109300324,102.647512052685,109.58980148857178,107.52014684616428,121.24094370421598,0.2008214273279335,4.0,-0.0193767425039854,283.0,279.0,256.4125,1.1036903427095013,1.0880904792083068,0.2314815126444035,0.5,-4.538875301324607,204,217,68.48397915259362,-5.536382380764223,0.5126814083392791,18.0,28.0,72.0,0.3
232,UNC Asheville,BSth,8-10,104.4698211914374,255,109.95610257808906,200,0.3569551599190154,232,15.134708863367292,14.865291136632708,9.134708863367294,6.865291136632705,2-2,0.404150054852458,0.3988154927938726,0.4228210220575068,0.3608004285906627,0.3988154927938726,0.3275372474128539,0.8994044565551211,0.8712556743006774,109.94777027131492,110.17193578878108,107.6065277550452,111.97742443587286,108.89519426648695,111.46621427128976,105.9033052672494,95.24799860854452,0.7719734885306062,1.0,-0.0561948182254158,315.0,306.0,276.25,1.1402714932126696,1.1076923076923078,0.2957759891979696,0.5,-6.847321101645158,281,286,65.56783944305684,-5.486281386651655,0.5089396423828748,18.0,28.0,72.0,0.3
233,Wofford,SC,11-6,109.01297542206623,162,114.79565100886887,295,0.3556266455574884,233,19.022831387375017,11.97716861262498,11.02283138737502,6.97716861262498,3-1,0.3474340101560529,0.3612671395335528,0.3024763396791781,0.333263297998083,0.3612671395335528,0.3130383013335771,0.9086774818065916,0.8731654973565418,109.44703264088857,114.50240641741917,107.4092307737894,114.3663866659335,122.19303027060155,125.94130623388116,93.28402431669473,109.53125937403698,0.1362899100670216,1.0,0.100711852768912,368.0,354.0,283.65,1.2973735237087962,1.2480169222633528,0.3160560046634053,0.75,-3.206622273642215,154,31,68.65365224291075,-5.78267558680264,0.5180259508441325,18.0,28.0,72.0,0.3
234,Cal Poly,BW,7-11,104.78188525389842,248,110.56178094146036,210,0.3503557218148539,234,12.663090261759688,19.33690973824032,8.663090261759683,11.336909738240314,3-3,0.4789964121035696,0.5019667382823952,0.4330557597459179,0.4756937728634925,0.5019667382823948,0.4599299936121509,0.8577946186054283,0.8107726521456015,110.96680281756088,108.9528943940744,109.18855229744432,108.73762237253568,103.82434427912231,110.68574482048564,106.65141318467514,110.39858372878876,0.4020060468535033,2.0,-0.0125607225973327,485.0,491.0,449.07499999999993,1.0799977732004675,1.0933585703947004,0.4714475224119652,0.5,-6.921229641594447,287,199,74.85087468758715,-5.7798956875619325,0.5095637705077969,18.0,28.0,72.0,0.3
235,Lamar,Slnd,8-8,101.34726969023804,299,106.96586119447412,137,0.3496670250940756,235,14.727907829537438,16.272092170462564,9.72790782953744,12.27209217046256,3-4,0.3870200412896765,0.3747691422349533,0.4027711972171777,0.4052990208489473,0.3747691422349533,0.4177885166455811,0.8846405241136999,0.8496299212148695,107.42335163860469,109.5486133853978,107.45937793090414,110.24161930345268,100.2651128789624,106.04760649109744,110.9337281028228,109.45424009041484,0.5385244386114482,2.0,-0.0039707966329929,451.0,456.0,443.9,1.0159945933768868,1.0272583915296238,0.4247965990455026,0.4285714285714285,-5.07653102814324,222,178,64.99904440809885,-5.618591504236079,0.502694539380476,18.0,28.0,72.0,0.3
236,Detroit Mercy,Horz,7-9,108.97594899726953,164,115.0831083344006,300,0.3481764662201919,236,12.443698077010378,16.556301922989622,9.443698077010378,10.556301922989622,4-3,0.3991992343890834,0.4490728136146356,0.3350760610990876,0.4172355417746981,0.4490728136146356,0.4029087694467264,0.8769808660378149,0.8002610164134469,107.5497082934339,109.5778991698303,108.91608895581996,111.18082922572825,110.77746627109836,112.15680885637576,101.13380909173767,111.66456677157548,0.2424797647577235,1.0,-0.0537117874421204,566.0,539.0,486.5875,1.1632029182829398,1.107714439848948,0.4394340739416087,0.5714285714285714,-5.873014534804434,252,276,70.0900414786569,-6.10715933713108,0.517951897994539,18.0,28.0,72.0,0.3
237,Milwaukee,Horz,8-10,108.90327435354112,166,115.074737978572,299,0.3466268123203487,237,13.61410227964832,17.38589772035168,9.614102279648325,10.385897720351675,4-3,0.4707195588179034,0.534735165480182,0.3701236054914658,0.4497842572911027,0.534735165480182,0.4030612577871092,0.845270961385133,0.7249192378626992,111.0365779618508,110.00978623726824,110.42962108830358,111.39414374734828,108.52679096569656,115.33174584658546,106.02480297318846,108.73650191980964,0.4278994372285667,4.0,0.0109167401910068,540.0,521.0,464.75,1.1619150080688545,1.1210328133405056,0.4207969167155326,0.5714285714285714,-5.251003169575649,230,150,67.83034503039784,-6.171463625030881,0.5178065487070822,18.0,28.0,72.0,0.3
238,Denver,Sum,8-11,115.34732296618216,81,121.91203668230854,357,0.346027291650309,238,14.472489418647768,16.52751058135223,7.472489418647767,8.52751058135223,1-3,0.4854835843124155,0.5006938903772475,0.4284449365692954,0.4278558513608156,0.5006938903772474,0.3595701897829106,0.8476190482693389,0.7704754947819562,112.30984121025747,108.18639967731929,109.6341697152808,110.32889928331136,115.22554324961148,118.24877020052232,111.26911727394732,113.47516695063048,0.4437957533045895,2.0,0.007931658094092,326.0,335.0,281.4625,1.1582359994670697,1.190211839943154,0.3366119408541158,0.25,-5.64296336819432,244,159,68.57431354396553,-6.564713716126377,0.5306946459323644,18.0,28.0,72.0,0.3
239,Princeton,Ivy,6-11,100.9415461432688,304,106.76257020669448,131,0.3441720721922694,239,10.558151083343605,18.4418489166564,6.558151083343602,7.441848916656398,2-0,0.459580001547047,0.4531027091936603,0.5081596941974468,0.4631714909277296,0.4531027091936604,0.4739594713570895,0.8674259970169644,0.8481082253076171,110.67800612881774,110.54137822971776,110.23158092264964,110.617604359134,108.90968153624311,102.38763585150429,95.88417042081085,103.0776398089971,0.30323751358233,2.0,-0.0715080932227981,154.0,136.0,131.5,1.1711026615969582,1.0342205323193916,0.4682594342170299,1.0,-7.51472524855151,309,311,65.62689868735016,-5.821024063425682,0.5018830922865376,18.0,28.0,72.0,0.3
240,Northeastern,CAA,5-11,109.80737725126882,151,116.18835895260978,318,0.3430848998283396,240,10.47633202402718,19.523667975972828,6.476332024027176,12.523667975972822,1-4,0.4677927391154961,0.4854333784647937,0.4289833325470414,0.4677651295832772,0.4854333784647934,0.4575361433887153,0.8733963120334478,0.8384698290412665,108.88780780878253,110.1219653400898,107.88064769818622,109.10666816642558,115.81967895100236,127.01140385913672,120.36295256347046,117.1789651399911,0.576472233501239,2.0,-0.0722050926315386,414.0,448.0,351.2375,1.178689633083028,1.2754902309690737,0.4677335758321702,0.2,-7.660991756666473,315,312,69.81644839391481,-6.380981701340957,0.5196147545025377,18.0,28.0,72.0,0.3
241,James Madison,SB,9-8,108.547050286944,172,115.11152973775204,302,0.3373213287440776,241,16.242259543336612,14.757740456663386,8.719374767719343,9.28062523228066,2-3,0.4011539873379501,0.3964986789864024,0.4123267273816647,0.3763788217615432,0.3956239725915264,0.3624795461621106,0.8920986064642275,0.8509827076500704,107.83629939477238,111.5678696940636,105.9872679989744,110.95368784176084,102.67121817832152,112.3870127740008,109.5208082764559,108.96170770124874,0.5147101362332493,2.0,0.0527536812780065,372.0,382.0,348.0625,1.0687735679655237,1.0975040402226612,0.3433075533853592,0.4,-4.656326001454,211,83,65.44321248696593,-6.564479450808037,0.517094100573888,18.0,28.0,72.0,0.3
242,Southeast Missouri St.,OVC,9-8,105.43467149789858,228,111.85285314093316,246,0.3363582585270343,242,18.23706491183266,12.762935088167335,13.237064911832665,6.762935088167334,4-2,0.3432017470872877,0.420701272300642,0.2011192841961381,0.2859495888924369,0.4207012723006419,0.211836163017924,0.9100811044252728,0.8091006011822047,106.72446107100622,109.6623310092492,103.44874814986468,111.3091460355224,106.22830124809217,111.5058050143977,110.33679185192736,110.26901556281392,0.5017665539164459,3.0,-0.0150067893706583,459.0,423.0,414.2625,1.107993120304155,1.021091699103829,0.2164291110844037,0.6666666666666666,-4.935998444538671,219,208,69.99046846658975,-6.418181643034586,0.5108693429957971,18.0,28.0,72.0,0.3
243,Bethune Cookman,SWAC,5-10,105.99789525960684,216,112.625463624251,257,0.3323758768369978,243,15.219678951690176,15.780321048309824,12.219678951690176,5.780321048309822,2-0,0.5753231879970345,0.6296439057346821,0.2222385227023258,0.3903544754986643,0.6296439057346821,0.2175343314393182,0.8207775745546022,0.6216284227447167,112.592795470495,105.14739333265145,106.53628250513142,109.95711681337994,108.11629278417423,108.9141113739344,101.78614002975507,113.34695360437412,0.2249298649714855,7.0,-0.0126926066653168,161.0,148.0,146.75,1.0971039182282794,1.008517887563884,0.2169463075314422,1.0,-3.909997025491717,186,201,68.63359882449917,-6.627568364644162,0.5119957905192136,18.0,28.0,72.0,0.3
244,Merrimack,MAAC,10-8,104.14563118239974,263,110.67339701473496,215,0.3320067727005137,244,16.425613057358788,14.574386942641212,12.425613057358788,7.574386942641211,6-1,0.4211942497164643,0.5267390536606794,0.2553381292326978,0.3977140948851525,0.5267390536606794,0.3267503675586127,0.880134862627034,0.7861888683940126,107.51422989255713,110.65738067189744,105.1896635416358,109.63248987527795,107.74450617552152,110.77246014580972,88.37425393415562,111.55595761932491,0.0642314672750804,2.0,0.1244016732348503,496.0,467.0,445.7625,1.1127001486217436,1.047643083480553,0.3652031112725669,0.8571428571428571,-4.291704621535349,200,15,64.15533931474606,-6.52776583233522,0.5082912623647995,18.0,28.0,72.0,0.3
245,Drexel,CAA,8-10,102.83849106753792,279,109.49813419631934,194,0.3270408150459025,245,13.62314620063405,17.37685379936595,7.623146200634051,10.376853799365948,2-3,0.356566748511791,0.294422979783516,0.5181405472053059,0.3783580870645835,0.294422979783516,0.4389778867675767,0.9102768919286156,0.9303484752335316,104.03965165418695,110.11861525731872,105.34442741963127,110.43668259179218,99.62266905567296,99.58203692321284,0.0,0.0,0.0,0.0,-0.0785610346639604,303.0,302.0,305.475,0.9918978639823228,0.98862427367215,0.4085307096761423,0.4,-7.636931087415837,313,321,64.02761699228647,-6.6596431287814255,0.5056769821350758,18.0,28.0,72.0,0.3
246,Tennessee Martin,OVC,13-4,103.47897391329788,268,110.20167213950972,203,0.3265453700030426,246,22.093144778378843,8.906855221621154,14.093144778378846,5.906855221621156,5-1,0.2944563613961897,0.3453674944143996,0.2011192841961381,0.2598420642114921,0.3453674944143998,0.2128030775998927,0.9433605336995282,0.9033361105297962,103.943089312344,110.76679103510936,102.19775495531344,111.97931754848555,105.08232819247498,111.46212045669417,0.0,0.0,0.0,0.0,0.1890862726251027,438.0,385.0,389.775,1.123725226091976,0.9877493425694313,0.2178104176300733,0.8333333333333334,-1.9920261356912148,108,2,64.78983289555946,-6.722698226211847,0.5069579478265958,18.0,28.0,72.0,0.3
247,Saint Peter's,MAAC,8-6,101.83795654339846,293,108.51283588053668,170,0.3251762562912752,247,15.071527749983645,12.928472250016355,12.071527749983645,7.928472250016359,5-1,0.3536397006465553,0.4240729543054133,0.2597286957680779,0.3470590215876072,0.4240729543054133,0.3162534485004847,0.9032423612921304,0.8303961362876691,104.6356947370178,110.4893611452037,103.90749606345632,110.6246203088106,103.40837609868156,99.85189387178929,97.27402784143254,111.39565082745192,0.1738049774561425,2.0,0.0376463547318065,420.0,358.0,391.3125,1.073310972688069,0.9148698291007826,0.3404783425286589,0.8333333333333334,-3.715206923541581,177,106,66.1857740192232,-6.674879337138222,0.5036759130867969,18.0,28.0,72.0,0.3
248,Eastern Washington,BSky,3-13,109.20707520294938,158,116.53020475044217,323,0.3216054570649342,248,8.917564888643364,22.08243511135664,6.917564888643363,11.082435111356638,1-2,0.5513131044475983,0.5659056732471286,0.4880786396496339,0.4977059368395728,0.5659056732471283,0.4484505716563385,0.8456551292793664,0.7703415547991888,110.81573019963,106.59457594021332,109.677219938457,108.86672082607387,105.50367186296944,108.57633674864188,116.98952949174516,110.74906719033564,0.6525803164080031,2.0,-0.1214559153764497,211.0,217.0,197.2875,1.069505163783818,1.099917632896154,0.4405249580576794,0.3333333333333333,-8.428876651181794,331,352,68.87453275094947,-7.323129547492783,0.5184141504058988,18.0,28.0,72.0,0.3
249,Brown,Ivy,6-9,97.51207059794952,341,104.26468926459644,88,0.3164789523141518,249,10.467900652313288,16.532099347686714,4.46790065231329,9.53209934768671,0-2,0.3219408184850296,0.2820881341975569,0.5809832663536021,0.3835985031667864,0.2820881341975569,0.4778581314953565,0.9059614253092954,0.9262387044041976,105.84964746028912,111.67245359477624,107.82719370495494,111.53196231374548,93.3479797015786,100.24108620772766,0.0,0.0,0.0,0.0,-0.1454600943325119,126.0,151.0,137.3625,0.9172809172809172,1.0992810992810993,0.4606706090189822,0.0,-7.106342511299694,291,359,67.04165253751145,-6.752618666646924,0.49502414119589905,18.0,28.0,72.0,0.3
250,Lindenwood,OVC,10-7,103.29724529033008,274,110.48282291587331,206,0.3157510899559683,250,18.35653997699473,12.643460023005272,12.356539976994728,7.643460023005272,4-2,0.3152361487831045,0.3999320802633914,0.1599602744025786,0.2798905457693127,0.3999320802633914,0.2138677017975695,0.9000383062906407,0.7817275001751269,105.2672242066778,109.83355212201027,103.2469990292814,111.2832701369559,104.1799639187697,115.78965854636618,90.6654779754262,103.54930063073516,0.1782837996808885,3.0,0.008082939814533,470.0,442.0,426.8625,1.1010571319804388,1.0354622390113914,0.2369708849668514,0.6666666666666666,-3.7994580310589217,181,158,72.16608995397084,-7.185577625543232,0.5065944905806602,18.0,28.0,72.0,0.3
251,Texas St.,SB,9-9,103.31410266020048,273,110.54797095785804,209,0.3146928289131963,251,15.79902177747474,15.20097822252526,8.138624760318127,9.861375239681871,2-4,0.3512568018610054,0.2897386383751351,0.474293128832746,0.3382543769111497,0.2860301730723207,0.3759718574614148,0.9268269679208472,0.9351470174448894,105.219484614458,110.2881895750146,104.79993226633336,111.09170258618492,104.2739767963929,114.11272012663784,0.0,0.0,0.0,0.0,-0.0153677903287211,453.0,496.0,433.5875000000001,1.0447718165306883,1.1439444172168245,0.3268112217757493,0.3333333333333333,-6.548883603487267,279,211,66.97083455544926,-7.2338682976575654,0.506628205320401,18.0,28.0,72.0,0.3
252,Long Beach St.,BW,6-11,106.09336330774704,212,113.54563610163328,272,0.3141730354532466,252,11.45261456493676,20.54738543506324,7.452614564936763,12.54738543506324,2-3,0.473892458750175,0.4818237577544897,0.4548573411398198,0.4703683464997761,0.4818237577544899,0.4634950997469478,0.8575837978008122,0.8117282623944785,108.80640286448016,106.3642156940858,108.21535353093796,107.68976965480688,103.31480992033232,105.9185600378126,83.17615541370286,102.39134927759574,0.0839247893714583,2.0,-0.0465843415362077,370.0,379.0,359.3875,1.0295294076727766,1.0545720148864388,0.4663743526159906,0.4,-7.109416816762564,292,265,68.10749732303745,-7.452272793886237,0.512186726615494,18.0,28.0,72.0,0.3
253,Purdue Fort Wayne,Horz,11-8,105.6264367929026,220,113.16894966723656,265,0.3114838784751865,253,16.099422225143602,14.900577774856398,10.099422225143602,9.900577774856396,5-3,0.4308880067673568,0.4486608912686922,0.4064502905780204,0.4214763848023538,0.4486608912686922,0.4065249062458677,0.8669359760046809,0.787571464164948,110.68134503395574,110.051106298134,110.07464650016628,111.54809799495702,100.92978987480288,112.4811347446728,98.52245668116208,113.45130385467893,0.1648568337209199,2.0,0.133094861860456,585.0,618.0,548.025,1.067469549746818,1.127685780758177,0.4065746500244323,0.625,-3.7499633168738793,180,10,68.16954242197201,-7.5425128743339656,0.5112528735858052,18.0,28.0,72.0,0.3
254,Stony Brook,CAA,9-9,101.6356584184826,296,109.08754750209954,182,0.3071031377667123,254,14.071003157448628,16.92899684255137,6.071003157448627,11.92899684255137,1-4,0.3727576900161358,0.3612978079367819,0.4025533834224557,0.4019054363723784,0.3612978079367818,0.4312331680203091,0.8998337728451917,0.9018980913437612,105.33207347949892,109.29086443791655,106.46717176306734,109.67915783611885,98.06470380251764,110.36177072489576,0.0,0.0,0.0,0.0,0.0120728892821074,305.0,349.0,316.96250000000003,0.9622589423039002,1.1010766257838072,0.4422638544040989,0.2,-6.289807355655242,266,146,64.93777005619461,-7.451889083616933,0.5032713168369652,18.0,28.0,72.0,0.3
255,Southeastern Louisiana,Slnd,5-11,100.23332499976348,312,107.78857843783555,155,0.3024377454224461,255,10.800819160642948,20.199180839357066,7.800819160642947,14.199180839357052,2-5,0.4593266132480745,0.4952481693243251,0.4131417554357524,0.4432808318040753,0.4952481693243244,0.4220214664548823,0.8709508005734132,0.8050812184221129,107.82678225090667,108.51076943865952,107.46668553778969,109.31647916599864,100.17570698619544,107.38577086288016,108.43075319335831,115.51024285758136,0.3257774481717792,1.0,-0.0812131125732008,465.0,494.0,462.0625,1.006357365075071,1.0691194373055593,0.4261653315971428,0.2857142857142857,-7.3338088312923295,301,325,65.66612380897871,-7.5552534380720715,0.500466649999527,18.0,28.0,72.0,0.3
256,Western Michigan,MAC,7-9,106.5559460407666,207,114.68331484449271,293,0.3004196317689025,256,13.27518657838055,17.72481342161945,5.935583595537161,12.064416404462838,1-3,0.3941427709398761,0.348430529215007,0.5312794961144834,0.4349901861929474,0.3510457549018475,0.4956167199031861,0.8614933374274509,0.861780193956031,107.9865033526297,109.41416749976676,108.49583525444872,109.64608217435884,108.54621473388322,113.45981793406476,86.62107773962097,118.72924378101084,0.0259326338363773,2.0,-0.0322009035727672,305.0,321.0,276.51250000000005,1.103024275575245,1.160887844130012,0.485427355271387,0.25,-5.816430237487011,249,242,69.17811326819627,-8.127368803726114,0.5131118920815332,18.0,28.0,72.0,0.3
257,Southern,SWAC,5-11,103.49472304612274,267,111.67043052280732,241,0.294347844111898,257,13.631053966687798,17.368946033312206,9.631053966687798,8.368946033312204,1-2,0.4633913440910689,0.5277635028113987,0.1844453229696394,0.3540740928216309,0.5277635028113986,0.2286317411623538,0.8626699587122004,0.72443198241183,112.39807562731109,107.46181594434842,106.78309519431195,110.9109247084137,97.30483809161416,111.8459702169548,106.09816085190953,113.01345746026097,0.3260433996406289,5.0,-0.0967075243885109,228.0,229.0,221.85,1.0277214334009466,1.032228983547442,0.2374690248008968,0.3333333333333333,-6.286374755941029,265,335,71.18882154159563,-8.175707476684579,0.5069894460922455,18.0,28.0,72.0,0.3
258,Louisiana Tech,CUSA,9-7,99.4374635197052,321,107.34033503018782,143,0.293287866564117,258,13.563514152784204,17.4364858472158,6.563514152784203,13.436485847215796,2-3,0.3315679764563934,0.2663239626775928,0.4751048067697547,0.4147281660752508,0.2663239626775927,0.4963504779439628,0.8935423366853004,0.9233536650497696,106.02218241591588,110.27748813955084,107.46234086533856,109.32818280456188,99.80960455341987,114.1741477608576,0.0,0.0,0.0,0.0,0.0213849249869323,313.0,357.0,314.8375,0.9941636558542106,1.133918291181959,0.5034323683353655,0.4,-4.746256143459945,213,128,62.92724395812808,-7.902871510482612,0.4988749270394104,18.0,28.0,72.0,0.3
259,Tennessee St.,OVC,10-6,103.34170509666222,271,111.6304892188856,240,0.2916752403895617,259,18.68762169750592,11.312378302494082,12.68762169750592,7.31237830249408,4-2,0.329017061478651,0.3948002059345655,0.2193784873854601,0.2757643388384369,0.3948002059345655,0.2162464052903726,0.91921670919162,0.8285670067708109,106.04212366886004,109.47918309793604,102.8716053763676,111.39406395444924,107.94472281333113,116.30415662111768,85.84721787224562,101.15051904082452,0.1316479480525432,1.0,0.120610072102048,492.0,459.0,432.1,1.1386253182133763,1.0622541078454062,0.2149040843924779,0.6666666666666666,-3.352476344040317,161,21,71.94209256599791,-8.288784122223376,0.5066834101933244,18.0,28.0,72.0,0.3
260,Nebraska Omaha,Sum,8-11,107.7865521604829,183,116.53369496233545,324,0.2896021891506338,260,13.043678183152448,17.956321816847552,6.043678183152449,9.956321816847554,1-3,0.3975791932532023,0.4172228860017971,0.3239153454459716,0.3910584505526625,0.4172228860017972,0.3665292923190987,0.8864245435057148,0.852506398365007,109.68549957325276,109.6653184733344,109.10742360698524,111.38160363644074,109.98494254022296,120.3463712695258,99.8647985734449,112.89170079627952,0.1962286030017692,1.0,-0.048711787351275,301.0,314.0,268.2125,1.122244488977956,1.1707135200633827,0.3807339412768077,0.25,-7.400303089264835,304,270,67.02879031018037,-8.747142801852547,0.5155731043209658,18.0,28.0,72.0,0.3
261,South Dakota,Sum,9-9,107.64785972138422,186,116.61581950263287,325,0.2849119786442034,261,15.286696423948706,15.713303576051294,7.286696423948711,8.713303576051288,1-2,0.3931997415752722,0.3602602347110011,0.5578972758966277,0.363795370851049,0.3602602347110011,0.3671095609823439,0.890687973702406,0.8614596339087356,108.80766290321772,110.60982586743584,107.43240873246828,112.05233352753156,106.33880190747252,117.64789654991247,107.55069244621916,117.48238022346708,0.2658561072259294,2.0,0.0033074887390577,229.0,255.0,207.4375,1.103946971979512,1.2292859294968363,0.3230816267713553,0.3333333333333333,-5.304392807309381,234,165,70.9241917115945,-8.967959781248652,0.5152957194427684,18.0,28.0,72.0,0.3
262,Old Dominion,SB,5-13,103.11695002190916,276,111.74951467449384,244,0.284030639184811,262,10.47023185075142,20.52976814924857,6.983816319127938,11.016183680872064,2-4,0.4691347158016673,0.552256574164913,0.302890999075176,0.4310975055651972,0.5375416790948438,0.3542211580160082,0.8654173239156762,0.7799851216927066,108.64948297959866,108.98866668091978,107.169696411105,109.74572198544666,101.7513226161356,111.64701305195628,115.51063811852006,114.8858097518564,0.5155888145680321,2.0,-0.0972143740610995,449.0,454.0,425.3125,1.0556943423952976,1.0674504041146216,0.3798862374864241,0.3333333333333333,-8.603150168408483,334,336,69.42006947154205,-8.632564652584676,0.5062339000438183,18.0,28.0,72.0,0.3
263,Arkansas Pine Bluff,SWAC,6-10,106.1442831583854,211,115.24737125776213,306,0.2796420730195739,263,15.19593006910116,15.804069930898844,12.195930069101156,5.804069930898841,3-0,0.5434080207199579,0.6257810247892711,0.1864583364196002,0.3787281335205484,0.625781024789271,0.2003010453820265,0.8505357710324034,0.68895854342167,112.77663952560287,106.02649595235498,106.25359538812916,110.38077604945366,117.7546248700719,119.1475991664443,93.43470955126784,112.0581777667058,0.1100543809592248,3.0,0.0589149879426203,259.0,228.0,208.0,1.245192307692308,1.0961538461538465,0.2030695871745118,1.0,-4.577526837121897,205,77,72.58661022238825,-9.10308809937672,0.5122885663167708,18.0,28.0,72.0,0.3
264,UC Riverside,BW,6-11,104.3715702425878,258,113.3924591248095,269,0.2782172246150589,264,11.4530304367589,20.546969563241102,6.4530304367588975,13.546969563241104,1-4,0.4996198769844677,0.483261375243433,0.5388802811629512,0.4731295369583562,0.483261375243433,0.4670504339873102,0.8451310557656915,0.7799107907246827,109.67461430990966,106.10627541427014,108.87371547112876,108.27981965662292,100.58374227646716,113.7015496011422,102.82209071041709,110.40558897565523,0.306114833105394,3.0,0.0134962828261321,325.0,381.0,337.825,0.9620365573891808,1.1278028565085474,0.4431071515954299,0.2,-6.436141948329274,275,142,67.9111221156519,-9.020888882221712,0.5087431404851755,18.0,28.0,72.0,0.3
265,Central Connecticut,NEC,9-6,105.22959778002448,236,114.53469315339704,288,0.2739981109804303,265,18.142532140335085,10.85746785966491,12.142532140335092,5.857467859664911,3-1,0.3412620934313278,0.3752443637926466,0.2478108499377008,0.2587545969632236,0.375244363792647,0.1875664061230206,0.932569143657,0.8722814697179123,104.6850904458827,110.23612982491386,102.2034340714392,113.00863213608896,114.36782225711798,116.36144723492151,113.1285878242251,118.34808115166489,0.373154498518075,1.0,0.1083444434730346,295.0,273.0,254.2125,1.1604464768648275,1.0739047057088067,0.1703537078902549,0.75,-3.613631195439002,170,26,65.44028613569138,-9.305095373372566,0.5104591955600489,18.0,28.0,72.0,0.3
266,Evansville,MVC,5-13,98.09329052659076,335,106.8214487057324,136,0.2728407287853345,266,8.114663846849423,22.88533615315058,4.114663846849424,15.885336153150575,1-6,0.5353478866174748,0.4781233652063484,0.6252721345492451,0.5529778495194736,0.4781233652063484,0.5941478158916926,0.8195570879463548,0.809385483000029,111.1844672445044,105.92783668651298,110.05384403837932,105.65976201101924,94.62324593724644,101.83060284758028,98.47091155805872,106.39836497911612,0.2910203298018156,1.0,-0.0444929267598889,447.0,508.0,489.00000000000006,0.9141104294478528,1.0388548057259712,0.5773885673837799,0.1428571428571428,-8.343958928090792,328,260,68.54549255153549,-8.72815817914163,0.49618658105318153,18.0,28.0,72.0,0.3
267,Delaware,CUSA,5-11,101.85681937096476,292,110.94238571354828,223,0.2723774560404131,267,10.192811191595144,20.807188808404856,5.1928111915951405,14.80718880840486,1-4,0.386102426741276,0.3643491172199343,0.4339597076882278,0.4527642264428825,0.3643491172199343,0.5013925365155039,0.8696777904006285,0.8623021400775396,105.525429930226,108.70160306620282,107.12404508554822,108.2374274215143,96.02867002318732,105.6686918749032,119.4183513715507,95.49971905708256,0.9289294778762728,2.0,-0.1359658402785519,302.0,322.0,313.1125,0.9645095612599304,1.0283843666413828,0.5238701461245959,0.2,-8.283283959216083,326,356,63.04790770652306,-9.085566342583519,0.5037136387419295,18.0,28.0,72.0,0.3
268,UMass Lowell,AE,8-10,105.1516404564374,241,114.5914744834234,290,0.2711780387995747,268,15.988477685386028,15.011522314613972,10.988477685386028,5.011522314613974,3-0,0.3813678683018735,0.4305463865272099,0.1354752771751914,0.3047217152798054,0.4305463865272099,0.1867610859853636,0.8844690395123523,0.7942146094950944,107.27507187443832,108.48778907578864,103.89560093210584,111.28413619863537,108.37065622708968,109.62359353596834,102.66093149712562,126.0491884160122,0.0862531710469236,3.0,-0.0277830464691984,233.0,202.0,200.9375,1.1595645412130635,1.0052877138413685,0.1985962726338649,1.0,-5.926157907633961,256,230,69.87196961243338,-9.439834026985991,0.5103032809128748,18.0,28.0,72.0,0.3
269,Fairfield,MAAC,10-7,107.91402192171576,181,117.61826954011369,336,0.2708607379761638,269,16.33522840410655,14.664771595893448,8.335228404106555,11.664771595893448,2-4,0.2845973026484977,0.3265021936636861,0.2077716691206522,0.3204771271258517,0.3265021936636861,0.3171633405300428,0.9190937629606284,0.8965602195158445,102.71983104222,112.20558072156052,102.75494410082246,111.03008356652104,104.15449829638668,120.65733099003393,104.62788336157354,113.5993601976703,0.2796739396327237,1.0,0.0468177595129506,427.0,436.0,393.3,1.0856852275616578,1.1085685227561657,0.3640454854197816,0.3333333333333333,-5.006724048882594,221,93,67.82874227666598,-9.704247618397929,0.5158280438434315,18.0,28.0,72.0,0.3
270,Boston University,Pat,7-10,112.79781526979484,108,123.18166319187836,361,0.2664464797881495,270,14.834430255325636,16.165569744674364,9.834430255325636,8.165569744674363,2-2,0.3693131811798651,0.3953730749980527,0.2846185262707554,0.3098112365197109,0.3953730749980527,0.2480165753964641,0.9257856558921178,0.8839302798478366,105.78912326294044,110.60933943735856,104.14650565006993,112.4032509210727,117.40237875065542,123.0922649560686,88.72940186490982,114.15494198832891,0.0522722522231283,1.0,-0.024257830871832,322.0,304.0,260.775,1.2347809414245998,1.1657559198542806,0.2375588751466665,0.5,-7.367895450060985,303,224,63.42983873386615,-10.383847922083518,0.5255956305395897,18.0,28.0,72.0,0.3
271,UTEP,CUSA,5-11,102.35373652716387,285,111.90357477576156,249,0.263893045755875,271,9.620753959966043,21.379246040033948,5.620753959966049,14.379246040033951,1-4,0.4643337937013719,0.4394110084085261,0.5191639213456329,0.4780929469414895,0.4394110084085265,0.4993680131346191,0.8611089471027319,0.837138949957425,108.23975993758654,104.92680857022044,108.13929150605742,106.72019429719656,99.8541931799253,116.52970263693648,85.22347139050675,92.26801405867498,0.2863173571303721,1.0,-0.0738475765940458,321.0,378.0,328.6,0.9768715763846624,1.1503347534996955,0.4927693770642812,0.2,-7.541846179788128,311,314,64.30149213221584,-9.54983824859768,0.5047074730543277,18.0,28.0,72.0,0.3
272,Le Moyne,NEC,7-10,105.3359393991944,232,115.20822094457591,305,0.2630367855702329,272,15.656809016077876,15.343190983922124,10.656809016077876,7.343190983922123,2-2,0.3530317627092502,0.407257331257978,0.1767986649258846,0.2803963397299495,0.407257331257978,0.1887745125152622,0.9244747868742208,0.8626225924798374,104.74802020079127,111.1665689775104,102.76458258159413,113.12062681412388,99.8474293043189,105.44551664199378,81.92121642689185,106.24928811407966,0.0478639135919919,1.0,-0.0538407628368519,276.0,248.0,263.1,1.04903078677309,0.9426073736221968,0.1921961832550844,0.5,-7.200431177817481,295,277,68.80792573591673,-9.872281545381512,0.5106718787983888,18.0,28.0,72.0,0.3
273,Radford,BSth,9-9,106.59820703862796,206,116.72076934576508,327,0.2605224779557002,273,14.611144647430738,16.388855352569262,7.611144647430738,8.388855352569262,2-1,0.3319426961823477,0.351073552533562,0.2362884144262761,0.3450706525877748,0.351073552533562,0.3394429338885991,0.8870235479862362,0.8506197785772021,105.41321423267982,111.2092021754406,105.91994344567192,112.0790553361894,105.97365693663863,114.87414703667204,99.5682838046545,98.34753753663892,0.5354071292154147,2.0,-0.0547470052431592,228.0,221.0,208.0625,1.095824571943527,1.0621808350856112,0.363247822995289,0.6666666666666666,-5.864693075038014,251,281,72.60366889199729,-10.122562307137116,0.5131964140772559,18.0,28.0,72.0,0.3
274,Pepperdine,WCC,5-14,99.05459322901088,326,108.51380138845198,171,0.2594418530883465,274,7.811425270168149,23.18857472983185,2.811425270168152,15.188574729831853,0-6,0.4948560579286225,0.3799868026606391,0.7437394443425865,0.5296325885072106,0.3799868026606392,0.6377101005075121,0.8160688131070508,0.9045243620407876,111.21592544220024,107.96391724023972,110.73536952546756,106.791315952862,94.3707641273232,110.58363632076389,93.53495112966732,104.9621332330644,0.2098978179991343,4.0,-0.0754686940887735,356.0,487.0,406.8125,0.8750960208941466,1.1971116915040714,0.5846954285899748,0.0,-9.575796475113272,346,316,66.73329472218235,-9.459208159441104,0.49810918645802177,18.0,28.0,72.0,0.3
275,Eastern Kentucky,ASun,6-11,107.22637748360592,198,117.50664006371618,335,0.2586773331848341,275,12.20154807182739,18.79845192817261,8.201548071827387,9.798451928172613,2-2,0.4440012474656271,0.4823559979161282,0.3193483085014982,0.393449548765132,0.4823559979161281,0.3292393354894124,0.8871663400048088,0.8184693139467802,110.29484438704466,109.07179091351328,108.46968606223494,111.51783069446896,115.29597406479569,123.07896596141256,100.89228406388727,105.548986008432,0.3731095535107324,1.0,-0.0207558003586143,332.0,334.0,276.075,1.2025717649189531,1.2098161731413566,0.3320653432002451,0.5,-7.4235579442881505,305,220,67.72405197935626,-10.28026258011026,0.5144527549672119,18.0,28.0,72.0,0.3
276,Coastal Carolina,SB,9-9,99.41819832854432,322,108.95224110074264,180,0.2586290707067604,276,14.082221181287954,16.91777881871204,6.710451346569386,11.289548653430616,2-4,0.3568225088313186,0.3850079202408207,0.3004516860123145,0.36038897443292,0.3894600763061487,0.3393931786355881,0.9161398087715016,0.8856650763749812,105.08768820406527,110.40220305280673,105.37181209522154,110.79697276088064,99.34459619659414,115.07053626508235,0.0,0.0,0.0,0.0,0.0671801514204792,410.0,444.0,406.1,1.009603545924649,1.0933267668062052,0.3588639249472251,0.3333333333333333,-6.382406421677334,270,70,68.85752504587596,-9.534042772198319,0.4988363966570886,18.0,28.0,72.0,0.3
277,UMBC,AE,9-6,105.09306441064618,245,115.45048075028714,311,0.2533267968383932,277,17.345463238043394,11.654536761956606,10.345463238043392,5.654536761956608,2-0,0.304323469706522,0.3339106460826006,0.112006823262011,0.2523584636796026,0.3339106460826006,0.1860973154771666,0.9252375654572748,0.8709029546287014,103.69652935754289,112.0262153745821,102.09966993649304,113.7899072654389,108.4851141209749,123.75875658346054,88.97620738370236,113.46030112991906,0.05756967408135,2.0,0.0286648599131957,144.0,136.0,127.98749999999998,1.125109874011134,1.0626037698994044,0.1966816715079031,1.0,-3.616718206651548,171,118,66.24523078933521,-10.357416339640963,0.5101861288212923,18.0,28.0,72.0,0.3
278,Hampton,CAA,8-10,101.42489852474375,297,111.70437123171595,242,0.2478376774816522,278,12.54391044172435,18.456089558275647,6.54391044172435,11.456089558275652,2-3,0.331448165648477,0.2898589818688435,0.4395800434755241,0.3718006775155069,0.2898589818688436,0.4309807910380969,0.8994301109017576,0.8972346093389616,104.23513804999789,109.321061330179,105.3674204859994,109.56068369148626,95.00836245260538,105.4661273565165,93.17187250899036,114.52646215576556,0.085243946269349,1.0,-0.0115151182423394,312.0,330.0,321.4625,0.97056421822141,1.0265583077341838,0.4276733862544711,0.4,-7.347711571839714,302,198,66.0174006680771,-10.2794727069722,0.5028497970494875,18.0,28.0,72.0,0.3
279,Oral Roberts,Sum,5-13,101.70600188918476,295,112.382127418174,254,0.2408703257924329,279,10.53261267387244,20.467387326127565,5.53261267387244,10.46738732612756,0-3,0.4983830486112968,0.496870157182579,0.5059475057548851,0.4327175212042521,0.4968701571825787,0.3725744249745708,0.8766303871453586,0.8336741118809629,112.3743005310679,107.87601444065832,110.2082839266635,111.10805619184302,99.28465918976148,109.43984175133568,94.27312195903738,105.4146413221526,0.2167661329330258,2.0,-0.0482675137109742,209.0,233.0,210.125,0.994646044021416,1.1088637715645449,0.3417960217175751,0.0,-8.802257213166872,336,268,67.7457445458467,-10.676125528989232,0.5034120037783695,18.0,28.0,72.0,0.3
280,UNC Greensboro,SC,6-11,107.34764714142447,196,118.70405140089872,343,0.2393130281365261,280,12.35635234682466,18.643647653175343,8.356352346824654,9.643647653175345,2-2,0.401595518568317,0.4153385794192408,0.3569305708028145,0.3633595595091206,0.4153385794192405,0.3258191562407007,0.9018835537400576,0.8611424654103702,108.881159382362,110.37523375699224,107.20156752662956,112.3692217472022,110.10306519220434,124.36014303860205,108.38402668967036,120.0131953045428,0.2364771963933077,1.0,-0.0521691627141668,311.0,337.0,273.325,1.1378395682795208,1.2329644196469405,0.3169301806515254,0.5,-7.92004102570341,321,274,67.97131802849304,-11.356404259474246,0.514695294282849,18.0,28.0,72.0,0.3
281,Western Carolina,SC,5-10,103.4270068722746,270,114.41167735786328,286,0.2385263339564287,281,11.297009195249926,17.702990804750073,7.297009195249927,10.702990804750074,1-3,0.4537934472984197,0.5043968305083862,0.3146341434710117,0.3936095408134527,0.5043968305083862,0.3259061971109932,0.8600103132559828,0.7433712250046721,109.74385642292047,108.0281217537256,107.94064181411927,111.5007526993991,106.03808344399104,115.02850376509583,103.89141459486378,118.4192077920966,0.1816551446900898,3.0,-0.0473771748528821,308.0,317.0,280.0625,1.0997545190805624,1.1318902030796698,0.3291267838652736,0.25,-5.908370365089087,255,267,69.67474834955536,-10.98467048558868,0.5068540137445492,18.0,28.0,72.0,0.3
282,Chattanooga,SC,7-10,104.37612693447372,257,115.4768429575639,312,0.2382507191464073,282,13.1126401306482,17.8873598693518,7.112640130648199,10.887359869351805,1-3,0.3155417652802188,0.3286335795072747,0.2729933690422873,0.3270676458264264,0.3286335795072747,0.3259366937235915,0.9086575308536154,0.8773292854422294,107.83393583572024,112.63492410073172,107.12702281767216,113.60001761875624,102.26339613559117,115.42337367132922,112.56160664075948,112.59920942770772,0.499039727405059,2.0,-0.0876791714783661,298.0,313.0,278.4875,1.0700659814174782,1.123928363032452,0.3410633579182499,0.25,-7.506343362979982,308,328,66.62421286642282,-11.100716023090186,0.5087522538689474,18.0,28.0,72.0,0.3
283,East Texas A&M,Slnd,7-10,99.6113911088433,318,110.49890182715076,207,0.2327435056365256,283,12.356473806299883,19.64352619370012,7.356473806299881,14.643526193700117,2-5,0.4779330048657525,0.4666972838598699,0.4939840348741562,0.440304390922387,0.4666972838598699,0.4283076214053492,0.8516725580940144,0.7530178967566812,109.34869542277032,106.33804864810332,107.9645450093472,108.65749279174318,96.9643622389434,110.45629196351274,95.8023805343198,108.46387976823203,0.1934898692554484,3.0,0.075626717885816,454.0,547.0,485.1875,0.9357207265232514,1.1273992013396883,0.3976586284532391,0.2857142857142857,-5.50069909582164,241,53,70.09972962571393,-10.887510718307453,0.4992227822176866,18.0,28.0,72.0,0.3
284,Howard,MEAC,9-8,96.17071984850864,347,106.78694139433492,133,0.2307336787713688,284,19.23606758261086,11.76393241738914,9.061433381897617,4.938566618102384,0-2,0.3070876016686217,0.3298919624093809,0.1360548961129273,0.2261788289126808,0.3297019917513099,0.1004721311800596,0.9286831842441534,0.881775041152549,105.3851285139726,110.83962864193212,97.41169068633484,109.5618547985995,76.58642731267699,99.7074128856706,98.29416511084185,110.9414397872634,0.1990990264166892,2.0,0.0200237058336933,114.0,127.0,143.425,0.7948405089768171,0.88548021614084,0.0945416703579149,0.0,-5.39103570767974,237,132,69.10163556811787,-10.616221545826278,0.49234143969701727,18.0,28.0,72.0,0.3
285,North Alabama,ASun,6-9,102.6101110682116,283,114.00255767675888,281,0.2295647151061091,285,11.96560444822546,17.034395551774537,6.96560444822546,11.034395551774535,1-3,0.3923544812587474,0.4347680187119831,0.2757172532623493,0.3618686797918854,0.4347680187119829,0.3173190837851589,0.895369671811894,0.8300672886775933,108.73023813527,110.5765564589877,107.80001379617389,112.8382887548797,101.09324524823693,117.0558743946419,109.82577249480596,118.49955346950756,0.2943892975439061,1.0,0.0017614534896865,284.0,303.0,260.57500000000005,1.089897342415811,1.162813009690108,0.3292053210773902,0.25,-6.1154036241001295,260,170,65.89912910550683,-11.392446608547289,0.5052202221364231,18.0,28.0,72.0,0.3
286,Northern Arizona,BSky,6-11,102.07503326099484,289,113.49377958091358,271,0.228031763926918,286,10.153352199352325,20.84664780064768,4.153352199352325,13.846647800647675,0-4,0.4104003612619233,0.3798832543349567,0.5095809587745648,0.4256814934476104,0.3798832543349567,0.4587579994734157,0.8791707591062783,0.8534563471047762,110.0555749687596,109.07097905136978,109.59058223336322,110.29399884385889,107.29088725653132,119.8008408934384,84.5420453009372,100.9115824659299,0.1155307695535975,1.0,-0.0527013685621431,276.0,314.0,255.1875,1.0815576781778105,1.2304677932892485,0.4442371539588017,0.0,-7.712694278063909,317,275,65.59854338506034,-11.41874631991874,0.5041500665219897,18.0,28.0,72.0,0.3
287,Albany,AE,5-12,105.31345228328296,233,117.18296061964546,332,0.226506059511516,287,13.283112007564524,17.716887992435478,9.283112007564524,6.716887992435476,1-1,0.4370393019424662,0.4670562803119635,0.2119119641712368,0.3237680468073035,0.4670562803119635,0.1894353278966847,0.9119579713221498,0.8514377568810646,109.21543193055638,108.16385256147537,104.41695815941294,111.58834346273332,107.9620961253588,112.36993396744693,0.0,0.0,0.0,0.0,-0.0662288977182066,142.0,129.0,123.9875,1.1452767416070169,1.0404274624458112,0.186224379857463,0.5,-8.521182004743933,333,302,66.52807772841696,-11.8695083363625,0.5106269045665659,18.0,28.0,72.0,0.3
288,Longwood,BSth,10-9,104.09028199732174,264,115.87616893686656,316,0.2255641606964494,288,15.269065130873528,15.730934869126472,7.269065130873524,8.730934869126477,2-2,0.2979147679869682,0.2595279442487795,0.4418653570051762,0.303019022300585,0.2595279442487795,0.3437919079741525,0.9185258399509832,0.9166885143688144,103.95204626470752,111.72762813611928,104.22433296972868,112.46842737845482,108.12241035337776,110.58560810011684,101.28171590874793,91.16715501374802,0.7702863724741866,1.0,-0.0066136798761143,287.0,292.0,260.52500000000003,1.1016217253622491,1.1208137414835426,0.3111007582971446,0.5,-6.375859923327863,269,186,68.7983521209927,-11.785886939544824,0.5081805639946435,18.0,28.0,72.0,0.3
289,Sacramento St.,BSky,4-11,102.65871050847473,282,114.2990565394234,284,0.2252733536160918,289,8.647797089952592,21.352202910047414,4.647797089952592,13.352202910047408,0-3,0.470091094766105,0.4449321335789822,0.570726939514596,0.4534110878512528,0.4449321335789819,0.4590637240327666,0.8683928729137259,0.8244606363760512,112.0280629931234,108.11074540790212,110.36008619223156,110.09376456023654,102.7277217461858,121.45066761550116,103.95526600140214,113.31519288340776,0.2706268197085163,2.0,-0.0802274266567053,235.0,288.0,230.37500000000003,1.0200759631036354,1.2501356483993489,0.4367310809364007,0.0,-7.254424743942273,298,323,73.39967315544934,-11.640346030948677,0.5053174210169494,18.0,28.0,72.0,0.3
290,Bellarmine,ASun,6-10,110.65939010796612,138,123.32372515072387,362,0.2233772504300962,290,11.547317451690406,18.4526825483096,6.547317451690406,11.452682548309594,1-3,0.4180620474310658,0.4509666270742549,0.3193483085014982,0.380273027320823,0.4509666270742549,0.3331439608185348,0.8792624811635058,0.7941965840833975,110.24270932135656,110.81375127444583,108.133219116071,112.06066336089631,110.2491918898382,129.77007463554327,121.76955805602132,126.2297404497157,0.398027246156456,2.0,-0.0294237813741641,318.0,345.0,274.525,1.1583644476823605,1.2567161460704854,0.3370855757662596,0.25,-6.353790263839264,268,231,65.59327979776822,-12.664335042757756,0.5213187802159323,18.0,28.0,72.0,0.3
291,Houston Christian,Slnd,5-11,105.13673782600937,243,117.188743209978,333,0.2230419213627346,291,10.231422788036436,20.768577211963564,6.231422788036435,15.768577211963564,1-6,0.4187665602994512,0.3470623718153536,0.5109576597790054,0.4053445256623597,0.3470623718153536,0.4291872249634077,0.8790429645034058,0.8367640544159093,109.06029605007168,109.68861220878514,107.23630960957787,109.86011347640807,103.6180783947268,117.363704405904,115.26293345380309,110.96172468667372,0.6076277985278504,1.0,-0.0676682258391885,476.0,546.0,463.7375,1.0264427612604117,1.1773902261516485,0.3910276887161288,0.1428571428571428,-7.647017117162566,314,305,64.3483485030814,-12.052005383968634,0.5102734756520187,18.0,28.0,72.0,0.3
292,Prairie View A&M,SWAC,7-9,103.32769357796565,272,115.31264888313191,309,0.2206247216300051,292,15.27956754236372,15.72043245763628,10.279567542363717,7.720432457636284,2-1,0.4007030854383167,0.4297142999500932,0.2749878225539514,0.3069322446491582,0.4297142999500932,0.218256315820705,0.8966906102857528,0.8042655500136782,109.5486061608928,108.27876222456004,104.71160139229012,111.74395182483391,100.59472535014363,113.76831700567624,108.91149755223476,114.69164583630292,0.3555610320869467,4.0,0.0007952945497281,231.0,230.0,221.8,1.041478809738503,1.036970243462579,0.2069100144740558,0.6666666666666666,-5.260466679211343,232,172,73.2945413535046,-11.984955305166267,0.5066553871559313,18.0,28.0,72.0,0.3
293,Wagner,NEC,6-9,104.55394738345085,253,116.70228404081148,326,0.2202665556295668,293,13.342887120021118,15.65711287997888,8.342887120021116,9.657112879978884,1-3,0.3155516196959567,0.3885992870122539,0.1146705345761392,0.2675063352920126,0.3885992870122539,0.1935050870185318,0.9213692166782084,0.844793217452358,104.5978040692259,110.08885642867502,102.74327700856936,112.4015199933764,102.9339294500655,123.4370062498428,110.00547404372342,108.4048180608644,0.5420410847803688,2.0,-0.1155198992591326,277.0,282.0,255.0,1.0862745098039217,1.1058823529411763,0.2160292448592153,0.25,-6.506293519097262,277,348,66.89013660343734,-12.14833665736063,0.5091078947669017,18.0,28.0,72.0,0.3
294,Alabama A&M,SWAC,8-8,101.01536832759454,303,112.95495765865304,261,0.2167445568250685,294,15.82537992877256,16.17462007122744,8.825379928772563,10.174620071227436,1-2,0.3237765946052434,0.3595924353992389,0.168574617831263,0.2835771173275386,0.3595924353992389,0.2315666365416383,0.91513555052602,0.8478155931045818,105.89766403629162,109.7847507608816,103.84148578073982,112.04528848493388,103.31151023606242,114.34488721997523,86.90169820294975,118.7360624730742,0.0268716757591842,2.0,-0.007224394299256,216.0,210.0,198.85,1.0862459140055318,1.056072416394267,0.2433776400498337,0.3333333333333333,-5.310230306427534,235,189,64.6625432567721,-11.9395893310585,0.502030736655189,18.0,28.0,72.0,0.3
295,Eastern Illinois,OVC,6-10,98.23132451012748,334,109.86827463969152,198,0.2162753426121842,295,14.39946824494149,16.600531755058512,10.399468244941492,9.600531755058508,3-3,0.4327358886420449,0.5329997648262741,0.2656294283349962,0.3162840042768853,0.4845452407511583,0.2237403242160351,0.8781216360325639,0.7238994575128684,109.2985132430067,107.25306859144108,101.0829730761687,106.71658133574144,99.14174507724574,107.41536056143627,96.28113546332936,115.6443419085856,0.1083853446342217,3.0,-0.0146173787105752,415.0,418.0,410.7875,1.0102546937285093,1.0175577397072697,0.2057878510221947,0.5,-5.895660480055606,253,206,65.87492195818307,-11.636950129564042,0.49646264902025494,18.0,28.0,72.0,0.3
296,Mount St. Mary's,MAAC,6-12,98.94373137841356,327,110.68241951504834,216,0.2159700450498624,296,12.670957172332152,18.32904282766785,8.670957172332155,11.329042827667848,2-5,0.4156639346067632,0.4152310733744709,0.416344145114651,0.3407375113725335,0.4152310733744708,0.299766052271468,0.8980772217015089,0.826612445657869,104.944762712729,107.5818731754649,103.24010491150584,110.30988145684516,95.9731623027906,106.9449814352085,93.15101986277966,108.50818217649228,0.1474251184523889,2.0,-0.0298468287819239,456.0,497.0,483.9125,0.942319117609072,1.0270451786221684,0.2369932330482155,0.2857142857142857,-8.308109281440212,327,233,69.10060827788769,-11.738688136634778,0.4978874627568271,18.0,28.0,72.0,0.3
297,East Carolina,Amer,5-11,97.7071424776851,339,109.3036745720318,188,0.2158889436123731,297,8.577728697191525,22.422271302808475,3.577728697191523,14.422271302808475,0-3,0.4493700601065397,0.4304001239127067,0.5315731169464827,0.4925059775570434,0.4304001239127067,0.5373602051890646,0.844370275823349,0.8405204897780009,109.4206103931463,109.78541278329271,109.4160748671124,108.87474697454618,102.0920783972689,110.38318827166223,88.84070579887027,112.44539420009212,0.0624056301343331,2.0,-0.0483187576147007,222.0,241.0,214.5375,1.0347841286488375,1.1233467342539185,0.538517622837581,0.0,-7.661713393855263,316,269,69.66683117145918,-11.5965320943467,0.4954142849553702,18.0,28.0,72.0,0.3
298,SIU Edwardsville,OVC,10-7,98.49641986914436,332,110.22835585966249,205,0.2151527763121324,298,16.53017545341515,14.46982454658485,9.53017545341515,10.46982454658485,3-3,0.2177144620678482,0.2470258578444858,0.1639769031440126,0.2320752924847232,0.2470258578444858,0.2238524815368537,0.9469127314378372,0.9178051572714964,102.39217026779882,112.91074173335367,101.98769896188344,112.83739148017006,96.34981712939653,108.69444086829417,118.37652814756515,124.65950241638062,0.3555505028323669,1.0,0.0086046477190694,405.0,400.0,404.1875,1.0020102056595022,0.9896397092933356,0.2495134437052142,0.5,-5.519703169826626,242,156,65.51221632259028,-11.731935990518124,0.4969928397382887,18.0,28.0,72.0,0.3
299,Mercyhurst,NEC,7-10,99.08325722163556,325,110.89437869990158,222,0.214990183699138,299,15.172109342063964,15.827890657936036,10.172109342063964,7.827890657936035,2-2,0.3710451424240493,0.404153255512878,0.2634437748853558,0.2821814281726635,0.404153255512878,0.1940906639825085,0.908178438355612,0.8252784583136367,106.93661260944027,111.68931232504656,103.42853624078585,113.41134030565554,99.71724269913508,108.61239832680012,80.91842121997843,99.03436201500828,0.0892122224611201,3.0,-0.0240445958145774,269.0,263.0,252.85,1.063871860787028,1.0401423769033025,0.1742754894388379,0.5,-6.533236471482483,278,223,64.09005873644101,-11.811121478266017,0.49816651444327115,18.0,28.0,72.0,0.3
300,Cal St. Bakersfield,BW,8-10,101.25154755926869,302,113.36532007323096,267,0.2142345915509017,300,11.790663306705804,20.2093366932942,5.790663306705803,14.209336693294196,2-4,0.4058912613538388,0.3831785023507919,0.4513167793599327,0.4395768742100039,0.3831785023507919,0.4734158973255311,0.8818064382188822,0.8799338049928179,106.24071713220648,109.31333711724638,107.04075725532432,109.01440438834,103.02628713160064,115.88365180836615,0.0,0.0,0.0,0.0,0.0580528396103585,450.0,503.0,434.125,1.0365678088108263,1.158652461848546,0.482886947882216,0.3333333333333333,-6.858207720030397,282,79,70.14131122306057,-12.113772513962275,0.5025030951185374,18.0,28.0,72.0,0.3
301,USC Upstate,BSth,8-10,99.7497778733546,317,111.74202715696748,243,0.213228642749521,301,13.028857427916174,17.971142572083828,5.028857427916177,10.971142572083826,0-3,0.3353477091596482,0.3467291468417464,0.2784405207491567,0.3460078531153299,0.3467291468417465,0.3453316402468143,0.8867885149650422,0.851421886314278,105.74144408778729,109.82310838811404,106.0444765952634,111.34687951456937,88.11524111318131,113.953861058959,106.7418673727934,96.39904541844284,0.7635148952782431,2.0,-0.0341567367820273,196.0,233.0,209.775,0.9343344059110952,1.1107138600881896,0.3607680524385814,0.0,-6.858433237330759,283,247,68.7086054514255,-11.992249283612878,0.4994995557467092,18.0,28.0,72.0,0.3
302,Samford,SC,9-8,104.30978131452125,259,116.93053559704192,330,0.2119065271170214,302,14.6691685278135,16.3308314721865,7.669168527813499,10.3308314721865,2-2,0.3784031364478335,0.4217527873674306,0.2375167709591431,0.3678134309504088,0.4217527873674306,0.3288572290936707,0.8953099435718647,0.8463078888577358,108.45166802865022,111.62345186782636,107.5187006355944,112.81054581097032,106.19098953035292,123.30738420185892,100.6599462575732,98.34322846722074,0.566545159691274,2.0,0.1292400271056335,321.0,312.0,273.2625,1.174694661726362,1.141759297378894,0.3549545028463929,0.5,-4.911346440400916,217,11,66.90846829147463,-12.620754282520679,0.5086195626290425,18.0,28.0,72.0,0.3
303,Sacred Heart,MAAC,5-13,104.91349972698212,247,117.650823775614,337,0.2111967827605567,303,10.967643530467312,20.032356469532687,6.967643530467314,13.032356469532685,1-6,0.3714807123258739,0.4048683323322308,0.3190144523158844,0.3391854351457886,0.4048683323322308,0.3030598416932456,0.9104855972110492,0.8615848277574494,105.81278096457244,110.30275963096015,104.05209528663902,111.00299368732084,109.02864050014018,124.40771214530842,101.68398202333616,124.90300729499198,0.0858668326557777,1.0,-0.0914398183239409,499.0,533.0,458.8375,1.087530988639769,1.1616312964829598,0.2944688975118246,0.1428571428571428,-10.238831252868737,353,332,67.78197457751128,-12.737324048631876,0.5098269994539643,18.0,28.0,72.0,0.3
304,Georgia St.,SB,6-12,98.04380074177428,336,110.11554560741556,202,0.2082786099557471,304,11.210773086386116,19.789226913613884,7.5138622776349795,10.486137722365015,3-3,0.4180335792449253,0.4226354782243672,0.4088297812860415,0.3769577357584642,0.4004068786648661,0.3600222436593963,0.9098412208965406,0.87653591970713,107.4119126072318,108.70169349244676,106.22489547122278,110.3879750665395,104.51597712496432,108.64160949046324,0.0,0.0,0.0,0.0,-0.0011506039979366,437.0,433.0,409.5875,1.0669270912808615,1.057161168248543,0.3356184748460737,0.5,-8.76743798994857,335,176,69.01272262022835,-12.071744865641278,0.4960876014835486,18.0,28.0,72.0,0.3
305,Morehead St.,OVC,8-9,102.52834595563552,284,115.25046182964462,307,0.2066666480229214,305,15.205763121453344,15.794236878546656,11.205763121453344,8.794236878546654,4-2,0.3630687825281753,0.4287667204207768,0.2426225630584059,0.2971113937284089,0.4287667204207768,0.2247009640476065,0.8977959577411169,0.7796837582684358,107.49006904052058,109.43454065414322,103.69101288037857,111.20689907291624,103.47673437434568,115.19303352206434,102.15999701761628,112.81416607588262,0.2421698497495715,3.0,0.0318147350947354,418.0,418.0,392.825,1.064087061668682,1.064087061668682,0.2170202787572639,0.6666666666666666,-5.471439126808057,240,114,65.93172466900336,-12.722115874009106,0.505056691911271,18.0,28.0,72.0,0.3
306,New Hampshire,AE,4-12,98.2586410913619,333,110.52638938490249,208,0.2053823314862749,306,11.6644646424731,17.335535357526897,7.6644646424730976,8.3355353575269,0-3,0.4406134565249036,0.4824564066149991,0.2592940061344894,0.3222450891638371,0.4824564066149992,0.1920733937347679,0.8742232455744783,0.7585849312924287,110.17913823418591,108.85607566352306,105.14383726159868,112.27074266518842,102.8469500546975,121.81231145976751,104.19997168199724,107.33063217666246,0.4157060782706447,3.0,-0.115440515907124,211.0,235.0,198.5125,1.0629053586046218,1.1838045463132043,0.1765609447194475,0.0,-7.780475282546448,319,347,67.4038841381691,-12.267748293540592,0.4965172821827238,18.0,28.0,72.0,0.3
307,North Dakota,Sum,9-11,103.13343976607077,275,116.12268624089992,317,0.2035631941169056,307,12.80430225283368,19.19569774716632,6.804302252833678,9.195697747166324,3-1,0.3665660020490719,0.3899266365691085,0.2731234639689257,0.3835779838957802,0.3899266365691085,0.377229331222452,0.8695981409184811,0.8232182044529186,107.66270415472522,109.7697427486132,108.37531087377424,111.30756846929472,113.40673482595083,121.65241969088618,100.6919261940738,100.57916191429764,0.5032214547588241,3.0,0.0128959190861378,322.0,317.0,272.7875,1.1804059936763964,1.1620767080603032,0.4119312869736274,0.75,-7.111639859338286,293,143,68.0129739306149,-12.989246474829159,0.5062668795321416,18.0,28.0,72.0,0.3
308,Alabama St.,SWAC,4-12,104.65350710328596,251,117.83425233517416,339,0.2035623662379285,308,11.536559187084237,20.46344081291576,8.536559187084238,10.463440812915762,1-2,0.4848846819071574,0.5562837913964072,0.1754885407870753,0.3647187820444076,0.5562837913964076,0.2336479861719866,0.8799595218331171,0.7617907208472491,107.40743354929184,107.10866599666616,104.38190025489492,110.23222836891073,97.4348685935894,115.9114521764886,131.9502785575928,121.93536827559204,0.7125377684373694,2.0,-0.0547033836755738,232.0,234.0,223.5625,1.037741123846799,1.0466871680178922,0.2445528821816574,0.3333333333333333,-7.535037905735853,310,280,68.91482252543311,-13.180745231888196,0.5093070142065719,18.0,28.0,72.0,0.3
309,Central Michigan,MAC,5-12,102.8597377577368,278,115.82014714203588,315,0.2034725029369368,309,9.16294938728198,21.837050612718016,4.769024955462854,13.230975044537148,1-4,0.4253917355627882,0.4115353419292549,0.4586470802832677,0.430391635770098,0.3972383083204771,0.4543357055948245,0.8624682857996793,0.8447572653265871,108.95689293875408,109.61636901042766,108.29683145115617,110.0015764966329,103.01161268769584,109.06059347593484,102.29563440634092,113.75445269331424,0.2277579058411929,3.0,-0.0703640777364504,368.0,399.0,356.7,1.0316792823100644,1.1185870479394449,0.4526774845608079,0.2,-8.371596630284243,330,309,66.57712293903772,-12.960409384299084,0.5057194755154736,18.0,28.0,72.0,0.3
310,Northwestern St.,Slnd,5-11,105.64968710977278,219,119.32266841764296,346,0.1978828921239603,310,9.423008928488477,21.576991071511525,7.423008928488473,14.576991071511523,3-4,0.4786533921383581,0.4828009193733444,0.4733208571219473,0.4463755373833002,0.4828009193733444,0.4314742447510094,0.8654135693015442,0.7908995288481324,108.21377491684856,105.78434010194351,107.1656414696672,107.86976546000214,102.24134362547063,116.45669006267828,99.18032430557535,116.04539015217452,0.1411246549399887,1.0,0.0038333906062108,480.0,530.0,467.625,1.0264635124298316,1.1333867949746057,0.4119458256445716,0.4285714285714285,-7.1118165069036525,294,164,66.21545755056775,-13.672981307870174,0.5112993742195455,18.0,28.0,72.0,0.3
311,Loyola Chicago,A10,5-12,105.19148607307196,237,118.83104642705696,344,0.197485634290535,311,7.133320916929039,23.866679083070963,3.13332091692904,14.86667908307096,1-3,0.4842693215148376,0.4255229667033559,0.6751949746521531,0.550793669397832,0.4255229667033559,0.6412669546771758,0.8226289708614685,0.8801480203549337,107.42172412035129,108.66898887915671,109.681862602834,107.56086210120716,102.16469003601637,105.10683136935695,110.83151529679124,108.20142850417348,0.5686121237185904,2.0,-0.0166352188982142,259.0,307.0,275.425,0.9403648906235818,1.1146410093491876,0.631573234684325,0.25,-8.370233227467446,329,213,66.27081094349602,-13.639560353985004,0.5103829721461439,18.0,28.0,72.0,0.3
312,North Carolina A&T,CAA,7-8,102.10248707844052,287,115.62973280042506,314,0.1929764799585974,312,10.135387560160316,18.86461243983969,3.135387560160315,14.864612439839686,0-4,0.303152585216111,0.2659723854586776,0.4053981345490526,0.385858134796361,0.2659723854586776,0.4591216482805009,0.9049172653468328,0.9169285571206124,104.84542093651076,112.4683740128332,106.37234639377914,110.5720209218749,105.12050435869722,117.6951386332942,0.0,0.0,0.0,0.0,0.0020043611801915,296.0,322.0,274.225,1.079405597593217,1.1742182514358646,0.4744712236323433,0.0,-6.201674900577141,262,169,69.98988492056861,-13.527245721984542,0.504204974156881,18.0,28.0,72.0,0.3
313,Presbyterian,BSth,8-10,100.51469514540136,308,113.90943830924712,279,0.1917548567054263,313,12.710818145014498,18.289181854985497,5.710818145014501,10.2891818549855,1-2,0.3244065718778881,0.3378592708341201,0.2571430770967283,0.3431029965557441,0.3378592708341202,0.3480189894197666,0.9024079707533472,0.8842469363692081,106.27941548708463,111.0781586977378,106.51443684077576,112.005995765771,105.62968654704564,126.30689133860471,77.7816413215215,112.22088611122356,0.0145503569330878,1.0,0.0115659740202377,217.0,234.0,194.6375,1.1148930704514803,1.202234923896988,0.3689903538020063,0.3333333333333333,-7.293588982592844,299,148,62.81703564465306,-13.39474316384576,0.5010293902908027,18.0,28.0,72.0,0.3
314,Lehigh,Pat,6-11,100.3289312909643,311,113.83887418341465,277,0.1895718502568038,314,12.14475285760932,18.85524714239068,8.14475285760932,9.85524714239068,2-2,0.3692061324248463,0.4050024103319729,0.252868229226685,0.318796314474763,0.4050024103319729,0.2565363563556668,0.9056242690009226,0.8382269311712874,105.88469325904356,109.40344716124554,105.11933662561674,112.38046228256664,100.05851671142344,109.5007456530582,84.88265335168894,100.87380918676504,0.1207967700114623,2.0,-0.0549101934396432,287.0,292.0,279.1875,1.0279829863443026,1.0458920976046564,0.2575843926782332,0.5,-7.883070591498628,320,282,67.95324590878917,-13.50994289245034,0.5006578625819286,18.0,28.0,72.0,0.3
315,Norfolk St.,MEAC,7-11,98.0362088731199,337,111.26292238969036,234,0.1891671993690654,315,16.434178946257923,14.56582105374208,9.434178946257925,4.565821053742077,1-1,0.3645723656571225,0.3939134602369939,0.1298436090181517,0.2513664780025517,0.3707420802230531,0.1064103895919428,0.913236216786438,0.854551992965245,106.05120189972324,107.52124484804276,97.25671322903442,107.55501446993064,93.26209881395086,112.771558463988,99.12926766383076,107.50621167703608,0.2823317108072774,2.0,-0.0070646597181341,133.0,133.0,137.7875,0.9652544679306904,0.9652544679306904,0.1025048530209081,0.5,-7.631811645263975,312,188,67.04064024983346,-13.226713516570456,0.4960724177462398,18.0,28.0,72.0,0.3
316,Florida A&M,SWAC,4-9,98.77342440324732,331,112.12146419747182,251,0.1888234448038713,316,11.84935126598768,18.15064873401232,8.849351265987684,10.150648734012316,1-1,0.4697675055715443,0.4971859762062246,0.3189659170808022,0.3368223098654174,0.4971859762062246,0.2439801872470552,0.8883979909897943,0.7685742288332397,110.35672037774027,107.17611425713432,105.13497248138596,111.21180167873582,103.583953136815,109.17332223649908,94.15765246208304,108.06850515626154,0.1701393171909777,4.0,-0.0306742032610062,150.0,146.0,138.9625,1.079427903211298,1.0506431591256633,0.235158336678379,0.5,-5.422487080244326,239,236,69.32440555249458,-13.348039794224505,0.49754684880649463,18.0,28.0,72.0,0.3
317,Bucknell,Pat,5-12,96.30055621004236,345,109.32386295804164,189,0.1886713003945792,317,11.00260350127407,19.997396498725934,8.002603501274068,9.997396498725932,2-2,0.4602499085283743,0.5282476066860667,0.2392573895158741,0.3705380764724884,0.5282476066860666,0.2566367490960153,0.885051877489264,0.7891953585191854,108.78235896897208,110.08919877112768,107.11625791946574,112.72439437192422,89.87676057864763,108.3757913830592,96.98084257629888,115.06647734796364,0.1227695720868539,3.0,-0.0009235759723756,255.0,273.0,269.6625,0.9456264775413712,1.012376581838409,0.2616022804046271,0.5,-8.0043100405431,322,175,67.25072080155057,-13.023306747999285,0.4926011124200847,18.0,28.0,72.0,0.3
318,Manhattan,MAAC,8-10,106.01193609960762,215,120.46288987628934,352,0.1870056211235992,318,12.810914497829136,18.189085502170865,8.810914497829133,11.189085502170869,4-3,0.3662808129988431,0.4099084958562218,0.2977230256515336,0.3494967821227808,0.4099084958562218,0.3162703395693882,0.90211696249577,0.8437490282641189,104.05193085615996,110.01927212229204,103.1956963410653,110.03860017378187,102.64340246015809,115.71195555573271,109.00334706862512,125.97497428240663,0.1592118743533307,2.0,0.035940762529202,501.0,509.0,478.5375,1.0469398949925557,1.063657498106209,0.3262573547559253,0.5714285714285714,-6.890887337820146,285,107,69.1059869653917,-14.450953776681715,0.5120238721992153,18.0,28.0,72.0,0.3
319,West Georgia,ASun,9-7,101.34504481821769,300,115.25192503167628,308,0.1856120424814442,319,13.928148321698526,16.071851678301478,7.928148321698526,10.071851678301476,3-1,0.3583890754556281,0.4110857272813452,0.2002991199784768,0.3451015651736182,0.411085727281345,0.3011121237684671,0.8869065066299824,0.7991229879641196,108.45199941071692,112.29880662448856,107.79019494912384,113.50289590910066,101.57447470532918,117.80612425192392,100.9426487840063,107.42295250000184,0.3283746470963649,3.0,0.1234159473538579,303.0,309.0,268.8125,1.1271797256451987,1.1495001162520344,0.3299158391370356,0.75,-3.7139780150883217,176,18,68.63066771332744,-13.906880213458592,0.5026900896364354,18.0,28.0,72.0,0.3
320,Texas Southern,SWAC,2-12,99.607041568303,319,113.56943122831828,273,0.1811482259498672,320,9.60445496655979,19.39554503344021,7.60445496655979,10.39554503344021,0-3,0.501911575540431,0.5462212525254854,0.3394427599285649,0.3461889195806045,0.5462212525254854,0.2239469383365106,0.855283324405196,0.6801896396467068,112.5646831033875,105.74713353517352,105.81688270775128,110.74946414178136,92.26445996223374,115.73130714947465,105.59823107315798,118.68876687717888,0.2068653363086448,4.0,-0.1686554883787692,206.0,242.0,217.7,0.9462563160312356,1.1116214974735876,0.2008477740180998,0.0,-7.463498584799331,306,363,69.99070355312348,-13.962389660015276,0.499214083136606,18.0,28.0,72.0,0.3
321,Louisiana,SB,4-14,97.00906189588687,343,110.83191046440194,220,0.1777131037074783,321,7.9078498273363955,23.092150172663608,5.301774259155523,12.698225740844476,2-4,0.4142350326154932,0.4551840369673538,0.332337023911772,0.4013560057441674,0.4324206160108187,0.3789204538849191,0.8910229638646007,0.8522710741247392,106.14206134118716,109.77039971697818,106.00987633946964,110.190467123245,101.77509032044524,113.6669542082552,91.36189180527964,111.32289578653575,0.0934283943400691,2.0,-0.0848603670252804,410.0,430.0,390.2875,1.0505076385997505,1.1017519136533966,0.4022121688714925,0.3333333333333333,-10.750737230250008,356,326,63.50937581547157,-13.82284856851507,0.49401812379177373,18.0,28.0,72.0,0.3
322,Holy Cross,Pat,7-10,100.60273507751862,307,114.94583436441764,296,0.1775934339610492,322,13.177187214954564,17.82281278504544,8.177187214954564,9.822812785045436,2-2,0.3885941730379531,0.4171545984385458,0.2957727904860271,0.3246684728181631,0.4171545984385458,0.2578729376478867,0.9096078065112247,0.8480638623370736,107.40844319431405,109.05765521401916,105.99382513802372,112.62602680530205,100.16649990812904,109.51991930962126,85.3329496051878,116.47573851770112,0.0271749967047313,1.0,0.067561390953463,265.0,262.0,257.9875,1.027181549493677,1.0155530791220504,0.247044408265561,0.5,-6.935258343363024,289,67,64.67695118448947,-14.343099286899019,0.5012054701550372,18.0,28.0,72.0,0.3
323,Ball St.,MAC,4-12,99.4875267550774,320,113.81094934775078,276,0.1755454198576616,323,8.144427594346052,22.85557240565395,3.684996587053772,14.31500341294623,0-4,0.371633583393563,0.3105931121044354,0.5547549972609457,0.3969432467510642,0.2987529648244873,0.4678584503647032,0.892421305216562,0.9122163240518052,106.6322231090849,109.70008239580932,107.7180954722052,110.8845639658709,104.47857948542904,121.78831927689887,90.5894329693551,111.7334597194659,0.0822279073083408,1.0,-0.113605558349477,272.0,324.0,260.88750000000005,1.0425949882612235,1.241914618369987,0.4430308655372052,0.0,-9.530020449058354,345,345,64.44157546423658,-14.323422592673381,0.4989750535101548,18.0,28.0,72.0,0.3
324,Tennessee Tech,OVC,7-10,100.7264736612342,305,115.37854545264258,310,0.1733867550747948,324,13.34776855596334,17.652231444036655,8.34776855596334,11.65223144403666,2-4,0.3205762948342943,0.3745539969243449,0.2216171743358684,0.2800285618866481,0.3745539969243451,0.2280395726159148,0.919029037792455,0.8406458122443317,105.7846070219644,110.14069396254423,103.04422691192512,111.4171745816746,98.22425445722064,120.05265181843652,100.92461144320109,120.59582585189484,0.11427336610343,2.0,-0.0157965880829131,401.0,450.0,398.6,1.0060210737581534,1.1289513296537883,0.2307920290216489,0.3333333333333333,-7.309585647949589,300,212,68.67763841275742,-14.652071791408389,0.5014529473224684,18.0,28.0,72.0,0.3
325,Northern Illinois,MAC,5-10,100.3794522775186,309,115.06223295681907,298,0.1722264394787216,325,8.624120204252385,21.375879795747625,4.321031013003517,13.678968986996484,1-3,0.4417345701306473,0.4570090211247307,0.3997298298969179,0.4454671467813608,0.4407467226815879,0.4486140961812093,0.8578413935245786,0.823331230734222,109.15597284081416,109.0103557532883,108.68436507367753,109.655204097338,92.18604659880396,111.3187974512266,105.50780957692588,120.49037162378742,0.1784292308289006,1.0,-0.0061856947312157,275.0,306.0,278.67499999999995,0.9868125953171258,1.0980532878801472,0.4625810294052924,0.25,-6.608373071872129,280,183,67.70184913998021,-14.682780679300478,0.5007589045550372,18.0,28.0,72.0,0.3
326,IU Indy,Horz,4-15,105.26617174480076,235,120.73441403270596,353,0.1712686575791924,326,7.410184521299794,23.589815478700203,3.4101845212997923,16.58981547870021,0-8,0.4175771733384396,0.4041736669275089,0.4360069946534692,0.4146995073248181,0.4041736669275092,0.4204887195433381,0.8825085972602872,0.8367389254390222,108.47169450191112,109.64938179429096,108.93269093212947,111.26807906155793,101.69597348307666,119.44096359585666,112.62316340980728,115.89164185375608,0.4184852786092843,2.0,-0.0986298309882591,585.0,686.0,565.6375,1.0342312877063489,1.2127908775496674,0.4101432028032509,0.0,-11.333480553132068,361,338,76.02300121168857,-15.468242287905198,0.5105323434896015,18.0,28.0,72.0,0.3
327,North Florida,ASun,2-15,106.97839837042083,203,122.98000148399174,360,0.16755709705191,327,6.950365407503528,24.04963459249648,4.950365407503528,13.04963459249647,0-4,0.4953928319438668,0.5243839393339741,0.401171732926018,0.4108726681693304,0.5243839393339738,0.3288923056615322,0.8410850386106185,0.7124462738805584,110.87647560402289,106.09723507942223,108.48163166917216,110.1653075481964,105.73247523475231,122.57459208448871,101.33134579148594,115.0462506597672,0.1884991513586148,4.0,-0.1750195870479861,312.0,358.0,292.46250000000003,1.066803436337992,1.224088558362183,0.3082410407288221,0.0,-9.846686754065235,350,365,70.94980783091994,-16.00160311357091,0.5139567967408417,18.0,28.0,72.0,0.3
328,Cleveland St.,Horz,5-13,105.39341480594793,230,121.16753166417344,354,0.1674301464612926,328,8.007623409912462,22.99237659008753,4.00762340991246,15.99237659008754,1-6,0.395088003935552,0.405049848716886,0.3794336764220272,0.4152597142345437,0.405049848716886,0.4208751402692555,0.8893756959900542,0.8562160503999281,110.99507429609024,112.04921341665975,110.24415185431435,111.91302674934772,104.38333451236726,118.50046991048578,91.0945807409588,119.38271301037894,0.0426960283950516,2.0,-0.0734607860163469,538.0,598.0,493.0625,1.091139561414628,1.2128279883381925,0.4431897746485323,0.1428571428571428,-9.753128979914443,347,313,69.34986509087638,-15.774116858225511,0.5107868296118958,18.0,28.0,72.0,0.3
329,Army,Pat,7-10,102.6620594835392,281,118.0525324046234,340,0.1670888012847842,329,12.6842844146201,18.3157155853799,6.684284414620098,11.3157155853799,1-3,0.3435761787134676,0.3724665791827328,0.2496823771883555,0.306610236137084,0.3724665791827328,0.2590473217152265,0.9241070697311378,0.8829287586060188,107.86442913647704,113.55585899113154,105.44318230657822,113.5812215955387,105.65456063050024,124.19784922324668,96.51182249407007,123.47034160816048,0.055574211357652,1.0,0.0064810980493409,321.0,338.0,279.6375,1.1479147110097896,1.2087077019355417,0.2617230201514753,0.25,-7.485836160714606,307,163,66.99353514170983,-15.39047292108421,0.5053241189670784,18.0,28.0,72.0,0.3
330,Jackson St.,SWAC,3-12,98.89858342216957,329,113.73968887846732,275,0.1668802152353196,330,10.200529569184976,20.799470430815024,9.200529569184978,8.799470430815024,2-0,0.5844644352613417,0.646312008449654,0.1824552095373122,0.3962040006981738,0.646312008449654,0.2155704395443268,0.8193838362688978,0.6167245989344762,113.04102295698416,106.0709450276652,106.80637796471976,110.18681341287542,106.3456506298046,109.23911935304216,92.65182681004512,119.57925458943734,0.0504980409993773,7.0,0.0082537454869013,164.0,150.0,145.72500000000002,1.1254074455309655,1.0293360782295418,0.2197098432952036,1.0,-5.904494860691352,254,157,70.40633829483144,-14.841105456297754,0.4977971668443391,18.0,28.0,72.0,0.3
331,Southern Utah,WAC,4-13,98.85922761327063,330,113.90796981429224,278,0.1639015579086279,331,6.458830708651117,24.541169291348886,2.4588307086511163,15.541169291348886,0-4,0.4549872273166948,0.4123099936482632,0.5936882367390975,0.4821109114997418,0.4123099936482632,0.5325226855035874,0.8513399841345258,0.8268817491895633,110.35774315229516,107.19126497617717,108.9927633685114,107.13469220956264,101.4643211586466,110.57395902592444,100.43615131088222,127.02122144933412,0.0629398783392659,2.0,-0.0709441783115299,270.0,313.0,278.675,0.9688705481295417,1.1231721539427648,0.5150468137220129,0.0,-8.84054055815708,338,310,70.2824488335266,-15.04874220102161,0.4977184552265413,18.0,28.0,72.0,0.3
332,Jacksonville,ASun,6-11,99.18063916407463,324,114.4434665840146,287,0.1616382955698311,332,10.812179607571116,20.187820392428875,5.812179607571118,12.187820392428884,1-3,0.4524352915047282,0.4682086941443313,0.401171732926018,0.3877000446494484,0.4682086941443316,0.3295549089031438,0.8803323447387992,0.806196817576474,109.77152394782053,108.97348553282076,108.44788144739178,112.24174984483967,97.94057594315788,106.37980710272794,105.9099285936609,114.94730155237605,0.2805621461363135,2.0,0.0499559955443614,251.0,267.0,252.5125,0.9940101975149744,1.0573733973565669,0.3090929591823226,0.25,-6.925771062014311,288,86,63.572681535376375,-15.262827419939967,0.49836127832814925,18.0,28.0,72.0,0.3
333,Lafayette,Pat,4-13,100.65583856438376,306,116.3387313013866,320,0.159066924789328,333,9.67948812664891,21.320511873351087,6.679488126648911,11.32051187335109,1-3,0.3893049413455989,0.4163054686324109,0.3015532276634601,0.3255158709005439,0.416305468632411,0.2599456058719733,0.913963216801543,0.858956888594985,108.00459033827865,111.85683689407249,105.63611579489272,113.05749214355212,94.81089936763624,113.48300911901056,97.02879943910476,115.19458575961838,0.1220057900781301,2.0,-0.0920343187628232,273.0,308.0,271.475,1.0056174601712866,1.134542775577862,0.2480577139315485,0.25,-10.016907218266086,352,333,67.88608901893035,-15.682892737002845,0.5013116771287676,18.0,28.0,72.0,0.3
334,Stetson,ASun,6-11,101.85682562133856,291,117.81077367166674,338,0.1579736546452868,334,10.798977807570065,20.20102219242993,6.798977807570062,11.201022192429935,2-2,0.4416310639872318,0.4493858033042831,0.4164281612068148,0.3829258230272951,0.4493858033042831,0.3349269483828039,0.8862208849855336,0.8196252989838931,107.5442598838724,107.4018728202343,107.11447690276846,111.20007939162804,109.00667508187956,118.44548086429468,92.91049098245142,109.48044111513032,0.1315574860062493,1.0,0.041638726154392,303.0,324.0,280.5625,1.0799732679884162,1.1548229004232569,0.3116408875759436,0.5,-7.227154577487354,296,100,67.72599982650956,-15.95394805032818,0.5037136512426771,18.0,28.0,72.0,0.3
335,Little Rock,OVC,7-10,100.364743370875,310,116.50167077600793,322,0.1525695453311838,335,13.069318327690892,17.93068167230911,10.06931832769089,9.93068167230911,4-2,0.3802672125440634,0.4577935165877955,0.2381356551305543,0.3109187415494718,0.4577935165877955,0.2301376152783937,0.9187620558425358,0.8405598260965313,106.22591360347964,109.07677551798254,103.31670917755476,110.84840994539056,104.0259399743338,112.5413269026697,102.24844369294355,132.5465757945964,0.0481274689265006,1.0,0.0978679396853023,452.0,426.0,415.1875,1.088664759897637,1.026042450699985,0.2267098839131821,0.6666666666666666,-7.02113206538404,290,32,66.02289634754824,-16.136927405132923,0.50072948674175,18.0,28.0,72.0,0.3
336,Maryland Eastern Shore,MEAC,6-13,95.43096234920218,351,111.28951199857563,235,0.1458015182911727,336,13.66793832897553,18.33206167102447,9.66793832897553,5.332061671024469,2-0,0.4310015860745981,0.4686176864799974,0.1112647326287033,0.3017670792152364,0.4686176864799974,0.1126697243151741,0.863845498719649,0.7584851652552201,108.34967621294405,108.40844753105146,102.28294970701975,111.29764906243832,86.38883891907315,91.18008214300345,88.77558179294063,107.99620288412436,0.0950203816524396,6.0,-0.0146017962883954,135.0,106.0,140.55,0.96051227321238,0.7541800071149056,0.1128858768823234,1.0,-7.748636839068069,318,205,63.61643881441693,-15.858549649373458,0.49086192469840434,18.0,28.0,72.0,0.3
337,Alcorn St.,SWAC,2-12,99.81891353800404,315,116.79533284619536,329,0.1410916600708106,337,8.794255165224717,21.20574483477528,7.794255165224716,10.205744834775288,1-1,0.6013847448406654,0.6612462535190717,0.2422156927702275,0.3955763162260681,0.6612462535190723,0.2184630246973986,0.8546463699816575,0.6887365252465798,110.93005664066932,104.99969072138984,105.61949808415294,109.98266285473828,105.13404751037126,122.77406064075323,105.32370391480536,125.44580215880474,0.1180938455917259,3.0,0.0324297972200176,150.0,151.0,134.7625,1.1130692885632132,1.120489750486968,0.2154939411882949,0.5,-6.897333748327296,286,111,71.11409989717725,-16.976419308191325,0.49963782707600807,18.0,28.0,72.0,0.3
338,Air Force,MWC,3-13,94.0707723655987,359,110.65484373982716,214,0.1338617356935577,338,4.370307828246935,26.62969217175306,1.3703078282469354,18.629692171753064,0-5,0.523262655634658,0.4096332586387698,0.7732473290256121,0.5939523762553112,0.40963325863877,0.6953278909444089,0.8032792499808603,0.9074453737361072,109.8310988060678,108.75783575374751,110.9422892946504,106.76911642003236,85.53648488451852,108.26796086272812,105.52120023626402,122.02679239718972,0.1582535166431392,2.0,-0.0126408187737244,264.0,406.0,332.775,0.7933288257831869,1.2200435729847496,0.6693547449173411,0.0,-9.354226064447362,341,200,64.63747089845978,-16.584071374228458,0.4881415447311974,18.0,28.0,72.0,0.3
339,Canisius,MAAC,8-9,96.06664920396652,348,113.06681607507292,263,0.1331058366756671,339,12.670660546683669,18.329339453316333,7.670660546683663,12.329339453316337,3-3,0.3800708411705816,0.3996990700278543,0.3440857549322484,0.343771696904601,0.3996990700278543,0.3130116416868117,0.9117753162773172,0.8620258459094863,105.98891123232276,111.09292253539914,104.27850095753774,111.43229850703484,97.2315689674521,114.92126220668592,0.0,0.0,0.0,0.0,0.1517797561495176,394.0,440.0,391.8999999999999,1.0053585098239348,1.1227353916815517,0.2996941645816245,0.5,-6.042603184388507,258,8,63.860916537394345,-17.0001668711064,0.492133298407933,18.0,28.0,72.0,0.3
340,UMKC,Sum,4-14,97.12358085912,342,114.601555713958,292,0.1297707109806783,340,6.768647298485899,23.23135270151409,3.7686472984858974,12.2313527015141,1-3,0.4466464429205199,0.4713820859746261,0.3600716922311487,0.4261226882474418,0.4713820859746263,0.3865207152361556,0.8685261987788019,0.8161670530761109,111.97350294254302,109.8800478542444,110.41438661525244,111.25645092140236,102.6567014600626,121.93648847385528,94.57730516316369,103.6866704829409,0.2577885937759987,3.0,-0.0653631012402776,299.0,331.0,272.05,1.0990626723028851,1.2166881088035286,0.3953370562378247,0.25,-9.983034199418892,351,297,69.2740694299206,-17.47797485483801,0.49424716171824,18.0,28.0,72.0,0.3
341,VMI,SC,6-11,100.0917006123038,313,118.13260459463407,341,0.1294544077178123,341,10.126597367506845,20.87340263249315,5.126597367506845,12.873402632493155,1-3,0.353137270725382,0.3379850792463239,0.4023818930323206,0.3380397460151911,0.3379850792463241,0.3380792275704839,0.9077614874375436,0.8782704357350283,108.22758534686145,111.9548908210459,107.38736386028728,113.57431089497882,93.74672730983396,110.5195731910379,98.524804727373,110.8994441314764,0.2041381377834816,2.0,-0.0336208799870897,252.0,299.0,269.13750000000005,0.9363243695137242,1.1109562955738237,0.3197070374385306,0.25,-8.066306700779103,323,245,67.48209942447359,-18.040903982330278,0.5001834012246076,18.0,28.0,72.0,0.3
342,New Haven,NEC,7-10,94.1191699853251,357,111.1041849018008,230,0.1292140216686263,342,13.03259222344873,17.967407776551273,8.032592223448729,9.96740777655127,2-2,0.3794517606311834,0.4273648405063862,0.2237342510367745,0.2974845944348529,0.427364840506386,0.203682194494301,0.8885649021428572,0.7808765132834573,106.69677180605484,106.923793230666,103.88735223130898,111.18506253472792,92.18139635500154,110.19863895816744,93.15539684365224,107.68347819214053,0.1588697229076954,3.0,0.0443093684125333,243.0,255.0,248.025,0.979739945570003,1.0281221651043242,0.1979530354821657,0.5,-6.238726081110215,264,96,63.57446435917375,-16.985014916475706,0.4882383399706502,18.0,28.0,72.0,0.3
343,UTSA,Amer,4-12,94.11713012008455,358,111.31458049697976,236,0.126758099404814,343,5.965945955416929,24.034054044583065,1.9659459554169312,16.03405404458307,0-4,0.4688745897806702,0.4401035498629962,0.5551877095336925,0.5042335079745224,0.4401035498629965,0.5469868133822061,0.8316093600459966,0.8269997979770548,111.96694644236293,109.24378116922897,110.3725125942521,107.9916047508189,85.27982749462792,115.75668362560178,97.72479167963944,109.92399458729088,0.205414660944891,2.0,-0.007619782890776,237.0,345.0,278.175,0.8519816662173092,1.240226476139121,0.5446437001960674,0.0,-8.25451053795517,325,192,69.52761677433826,-17.197450376895205,0.4882342602401691,18.0,28.0,72.0,0.3
344,Louisiana Monroe,SB,3-15,101.26894958789396,301,120.31907683736944,351,0.12108191085115,344,5.736137343199595,25.2638626568004,2.195568350491873,15.804431649508128,0-6,0.3759856034083388,0.4108536045428494,0.3062496011393176,0.3914288526892016,0.3897388611889228,0.3926494021060697,0.8848417380230841,0.8433477658629996,105.42638289912964,109.03308612755832,105.85295739100938,109.54703894755562,100.73914635087188,120.54105625019524,124.8182698079547,129.54629404561138,0.3947082194402975,1.0,-0.1605010548713227,445.0,498.0,440.3375,1.0105884690720186,1.130950691231158,0.4358493025894457,0.0,-11.687639084315183,362,362,71.57675554419362,-19.05012724947548,0.502537899175788,18.0,28.0,72.0,0.3
345,Bryant,AE,5-12,95.13764838298336,354,113.3881838483157,268,0.1173090992993178,345,10.406505363032728,19.59349463696727,6.406505363032728,9.593494636967272,1-2,0.4317927454010832,0.4808492707726134,0.2028622936672759,0.3327558088551321,0.4808492707726134,0.2031740296773359,0.8924539433488373,0.8081227140232718,106.62486412705492,106.4170295806219,104.00235200082815,110.6966579905692,84.43951660971278,111.2214997773454,98.06984302577575,100.71549526854308,0.4240603309815852,2.0,0.0209077342683676,165.0,199.0,190.0125,0.8683639234260905,1.0472995197684365,0.2032459687565806,0.3333333333333333,-8.194204864701959,324,129,64.9568650810278,-18.250535465332348,0.4902752967659667,18.0,28.0,72.0,0.3
346,Fairleigh Dickinson,NEC,5-12,100.05633593043244,314,119.58348386240873,347,0.114028584348724,346,10.262855853958191,20.737144146041807,7.262855853958192,10.737144146041809,2-2,0.3569242016744025,0.4179047905406606,0.1587372878590636,0.2945126403652501,0.4179047905406606,0.205396087460787,0.8963073083944902,0.7997195847668913,106.0057364294228,108.31176032985285,103.74805604647896,111.4294351087838,100.76375331198912,118.1227939023634,87.99167251666796,105.92102484055994,0.1059595820125581,2.0,-0.0757122482160874,281.0,280.0,264.575,1.062080695454975,1.0583010488519324,0.2187271730612794,0.5,-8.437669825659205,332,318,66.96678075264447,-19.527147931976288,0.5001126718608648,18.0,28.0,72.0,0.3
347,Southern Indiana,OVC,3-13,95.44521919831374,350,114.15699271271856,283,0.1131707286449901,347,7.715894588846468,22.28410541115353,4.715894588846469,15.28410541115353,0-6,0.3177345753882302,0.361294025189848,0.2451354923855339,0.2765186015950517,0.3612940251898481,0.2341308897976535,0.937661210103587,0.8907476750058574,105.19937841529328,111.1786743817649,102.89055267862688,112.01150780133776,94.65892308719116,115.12005433962145,84.92423883870661,105.8558022798932,0.0735319196682738,1.0,-0.1470099522269427,389.0,440.0,401.225,0.9695308118885912,1.0966415352981491,0.2294146315457048,0.0,-10.995558617766804,358,360,69.19325776719987,-18.711773514404825,0.4908904383966275,18.0,28.0,72.0,0.3
348,North Carolina Central,MEAC,6-11,97.79718182861754,338,116.97751480735792,331,0.1130971060994139,348,12.371092734364868,16.628907265635135,8.371092734364867,5.628907265635134,2-0,0.4065225245256029,0.4481915763196055,0.0940046360705834,0.2884931872677246,0.4481915763196055,0.1173877704264237,0.866239024230486,0.7576140767857572,110.04131915438906,107.6333981477861,102.46101362080432,110.91694831528773,106.94302421198472,126.86498940415918,103.66843072237398,123.37294756949068,0.1190808106286215,4.0,-0.0374673429548335,157.0,144.0,132.5875,1.1841236919015743,1.0860752333364758,0.1212849594857304,1.0,-6.406264370141858,273,252,67.05063748705582,-19.18033297874038,0.4955943636572351,18.0,28.0,72.0,0.3
349,Stonehill,NEC,5-12,94.76548497412998,355,113.44054596347252,270,0.1121917250759656,349,10.171731886779911,20.82826811322009,7.171731886779915,10.828268113220089,2-2,0.3430358939115286,0.3877328011361148,0.1977709454316233,0.2819804551654039,0.3877328011361147,0.2056037608532237,0.9081761964713084,0.8280676141524375,105.09959747931036,109.9787201466204,103.27118448003056,112.37522223308194,97.71380123371242,116.32921153840316,96.05892194984943,112.37159574046078,0.1413929602711709,2.0,-0.0569607438987359,278.0,288.0,266.925,1.0414910555399457,1.0789547625737566,0.2078417081165381,0.5,-8.82730076260995,337,287,66.87286458019572,-18.67506098934254,0.48953096994825995,18.0,28.0,72.0,0.3
350,NJIT,AE,7-11,95.19514879359474,353,114.5949756340523,291,0.1059341031938396,350,11.355555823571446,19.64444417642856,6.355555823571449,9.644444176428552,2-1,0.3826829529071114,0.4392162690824112,0.1000163720306125,0.3181349834647228,0.4392162690824112,0.2046212781981401,0.8943542703462097,0.8179145843439369,105.55084041575066,110.280107718275,104.17652617534148,112.37698420268704,104.03853994297148,127.07579924789066,81.96211350121155,123.39829914318896,0.0089657040157365,2.0,0.0791260016135373,223.0,215.0,198.3625,1.1242044237192008,1.083874220177705,0.228760871929108,0.6666666666666666,-7.238587398155131,297,49,68.78555129914417,-19.399826840457564,0.4903902975871895,18.0,28.0,72.0,0.3
351,Chicago St.,NEC,2-15,99.36941890505167,323,119.89732428759989,348,0.1034375069455775,351,7.102706097360397,23.897293902639603,5.1027060973603975,12.897293902639603,0-4,0.5355457754129684,0.6384264211739061,0.2011836766899209,0.3876853579480716,0.6384264211739064,0.2065945900627464,0.8442837290067273,0.6759224477365267,110.3036002780345,106.09056228738235,105.6850870780625,109.83173363045488,94.78316187215312,123.7595354067688,102.688855682604,115.61060015146928,0.2037488427654489,4.0,-0.0609416388510921,272.0,308.0,268.275,1.0138850060572175,1.148075668623614,0.2081405653121252,0.0,-9.381590465523832,342,292,67.46880131874735,-20.527905382548212,0.49873883781010336,18.0,28.0,72.0,0.3
352,Rider,MAAC,1-14,93.65057573260373,360,113.96447480574388,280,0.0946928068878783,352,4.641629148843807,24.3583708511562,3.641629148843807,16.358370851156188,0-6,0.4742965980065333,0.5191818672643271,0.4069686941198429,0.393410951908965,0.5191818672643265,0.3368140399990524,0.8559235340743832,0.6953706504286147,108.7191320948892,107.7230733731542,105.46257217846338,109.45512136539912,95.56396860855982,115.4381254758552,102.73210535751105,116.9890821825399,0.1832482729896295,4.0,-0.1711297405282642,371.0,427.0,385.675,0.961949828223245,1.1071498022946782,0.3067477596615707,0.0,-9.812414404719286,349,364,65.84943862359113,-20.31389907314015,0.48730115146520747,18.0,28.0,72.0,0.3
353,Loyola MD,Pat,5-12,102.1020149395102,288,124.4803202541798,363,0.092875948858117,353,8.711906189039302,22.2880938109607,4.7119061890393015,13.2880938109607,1-3,0.2847926974723391,0.2951915838999265,0.2509963165826799,0.2790606060903472,0.2951915838999265,0.2674104554500955,0.9289567110338444,0.8963837055315224,103.37121495433682,112.23379322156664,103.72962414580856,113.19416878221948,98.64457231394468,121.73056720526526,73.9816553278764,108.67931153518018,0.0118592227942928,1.0,-0.0644609631039361,284.0,309.0,273.525,1.0382963166072572,1.1296956402522622,0.2721002094122142,0.25,-9.762553883295771,348,295,67.76850240235169,-22.378305314669603,0.5042040298790204,18.0,28.0,72.0,0.3
354,Saint Francis,NEC,4-13,95.3758339370003,352,116.43574657054783,321,0.0915865580085442,354,8.723714193459369,22.276285806540628,6.72371419345937,11.276285806540631,2-2,0.4412759497253549,0.4959935419838161,0.2634437748853558,0.3287359721443104,0.4959935419838164,0.2079388383713337,0.8909491121534259,0.7874854905373213,110.36770496652836,109.79438303517934,105.45892354841618,112.04904116487808,95.4204601755143,113.62855729973236,98.25873504867788,121.34100573597154,0.081173567659855,2.0,-0.017146499114314,277.0,302.0,275.32500000000005,1.006083719240897,1.0968854989557792,0.1920802850816131,0.5,-8.961061909711352,339,214,69.61066106040863,-21.05991263354754,0.4907516678740006,18.0,28.0,72.0,0.3
355,Delaware St.,MEAC,5-12,88.46580687518451,365,108.61678748167353,173,0.0862810204296329,355,11.787687330340326,18.21231266965968,5.787687330340325,9.212312669659676,0-2,0.2988200252712212,0.3273171022031582,0.0850919482816938,0.224008812744335,0.3273171022031581,0.1207005232855119,0.9317487812063708,0.8809633788537417,105.07200988098468,110.7439481350731,100.4686832947826,113.06014768295522,78.07622297488507,99.29737775949955,71.3291010423668,111.06160958355753,0.0061083106239813,2.0,-0.1095565689854129,115.0,119.0,136.25,0.8440366972477065,0.8733944954128441,0.1261787655937916,0.0,-9.46010564146165,343,343,67.7590737293621,-20.150980606489014,0.476931613750369,18.0,28.0,72.0,0.3
356,Maine,AE,3-15,91.08565604231832,363,112.20012600536872,253,0.0833586853935313,356,7.312280982978314,23.687719017021685,5.312280982978314,10.687719017021688,1-2,0.3724101104754705,0.4107999305240934,0.1804610102323561,0.3020707950465938,0.4107999305240934,0.2001372305364379,0.9273427654623574,0.8833775883498786,105.5715555258872,110.1812494320832,103.95745090061868,112.74176296181922,89.96317497955367,109.42571232847654,75.98233728070586,85.50698617269313,0.2045464296329353,1.0,-0.0464874329405048,187.0,195.0,197.925,0.9448023241126692,0.9852216748768474,0.2046778967604568,0.3333333333333333,-12.183321815785453,365,263,65.0563804487831,-21.114469963050396,0.48217131208463665,18.0,28.0,72.0,0.3
357,Niagara,MAAC,4-12,97.70045031824822,340,121.17474727728452,355,0.0775388206257454,357,6.9636667160809695,23.036333283919024,3.963666716080969,16.03633328391903,1-5,0.3441771380033558,0.3442319678460203,0.3440857549322484,0.3271942045781978,0.3442319678460205,0.3186753229442866,0.9079932311344642,0.8474619071529914,105.51580546059012,111.55655158902782,103.86213547197654,111.12464158884822,96.28172759533427,124.4117189339895,97.49001952293956,118.66407037111225,0.0944659547294117,2.0,-0.0077122096156516,359.0,448.0,365.525,0.9821489638191644,1.225634361534779,0.3077851378065886,0.1666666666666666,-9.274445110746784,340,193,62.3280257113929,-23.47429695903631,0.49540090063649644,18.0,28.0,72.0,0.3
358,Gardner Webb,BSth,2-16,96.71791217265412,344,120.242025406593,350,0.0756032802785668,358,5.430833322881937,25.569166677118066,2.430833322881937,13.569166677118062,0-3,0.4918746995496181,0.4775257516846086,0.5636194388746661,0.4218659539383116,0.4775257516846086,0.3696848935511579,0.8510988324512672,0.7957229356262195,112.19675327828554,107.26462632084444,109.06002810866616,109.8531423216638,102.99879638709024,118.92150379067034,95.08906915257072,120.40443924568244,0.0621238822609358,2.0,-0.1171750481029041,205.0,281.0,220.9125,0.9279692185820178,1.2719968313246195,0.3249307677072715,0.0,-11.08262131901851,359,351,71.42447534118011,-23.524113233938877,0.49343582434530825,18.0,28.0,72.0,0.3
359,The Citadel,SC,4-13,99.78820964299948,316,124.780298384519,364,0.0710743476310227,359,6.492755247435868,24.50724475256413,3.4927552474358707,14.507244752564132,1-3,0.3523375890477674,0.3368577423716979,0.4026470907449934,0.3414100896216369,0.3368577423716981,0.3446978959688151,0.9157761320433128,0.8987895289439062,107.6081506665948,110.98140338252423,106.8570237052644,112.45701135917226,101.55403737477936,129.59237250044768,0.0,0.0,0.0,0.0,-0.0589280984451903,277.0,347.0,265.2,1.0444947209653093,1.308446455505279,0.3281409831756213,0.25,-10.487261605212064,354,288,64.58737054214025,-24.992088741519524,0.49957641928599894,18.0,28.0,72.0,0.3
360,Western Illinois,OVC,4-13,93.60730040505248,361,117.2892815409702,334,0.0695480544687849,360,7.357240342977154,23.642759657022847,3.3572403429771547,16.642759657022843,0-6,0.2964965631162058,0.3016388997004111,0.2870689460451629,0.2609623709915688,0.3016388997004109,0.2385902802017056,0.9334609539030452,0.8843979306325795,105.18075814390237,110.67445929714512,102.86857027319232,111.811102436284,89.78065061497846,112.4691227260901,106.111387343972,107.13158826303132,0.4725182598584191,1.0,-0.0759821613276297,369.0,447.0,410.1625,0.8996434340048153,1.0898119647700608,0.2178137091259382,0.0,-10.745163062787965,355,319,65.5282380160762,-23.68198113591771,0.487214600810105,18.0,28.0,72.0,0.3
361,South Carolina St.,MEAC,2-15,94.34875334878092,356,119.06052038609336,345,0.0644473014510563,361,7.821724255526631,22.17827574447336,5.821724255526632,8.17827574447337,1-1,0.4382693695245351,0.4798137645372593,0.1266864069291036,0.2980052789331661,0.4498254042536808,0.1244965642811495,0.8867502587465665,0.803794742235914,109.51122769496318,110.11047609588864,99.61323182012534,108.21375575640484,90.53585166713692,103.39493788617769,90.34715157503462,122.68122099921628,0.0287990017731761,3.0,-0.0547011068973791,125.0,129.0,136.25,0.9174311926605504,0.946788990825688,0.1241315905064905,0.5,-10.798006412537278,357,279,69.1976170602062,-24.71176703731244,0.48869750669756185,18.0,28.0,72.0,0.3
362,Binghamton,AE,4-14,96.24929881204103,346,122.74570581525944,358,0.0575141126561046,362,7.053909938169066,23.94609006183094,3.053909938169066,12.946090061830937,0-3,0.2666401113957845,0.2689534802338023,0.2550732672056952,0.2389499864435209,0.2689534802338021,0.2108217110151322,0.939568340835698,0.9123351090041468,104.0707287979532,112.61042957070468,102.27533562774074,113.21202614878536,94.66001565682969,112.26940650756764,81.14462715759338,112.00824384924974,0.0239650236898667,1.0,-0.108692141254603,192.0,206.0,193.0625,0.9944966008416964,1.0670119779864031,0.2006098134326946,0.0,-11.85239875074347,363,342,66.65128787307953,-26.49640700321841,0.49249859762408205,18.0,28.0,72.0,0.3
363,Morgan St.,MEAC,4-12,95.71044459383016,349,122.7777525472653,359,0.0539592456911055,363,8.155929725443528,19.84407027455647,5.155929725443531,8.84407027455647,1-1,0.3316808407467163,0.3622273893074438,0.1178550008216239,0.2441333486308886,0.3622273893074438,0.1260393079543333,0.9322227581522138,0.8831069997230653,103.9659567398406,110.45403606459853,99.67251876867162,112.08688837995408,85.31337385391117,114.32236345837724,0.0,0.0,0.0,0.0,-0.0338900744182152,121.0,133.0,133.375,0.9072164948453608,0.9971883786316776,0.1274033591431182,0.5,-9.508016487031766,344,246,69.19118223947139,-27.067307953435133,0.4914208891876603,18.0,28.0,72.0,0.3
364,Mississippi Valley St.,SWAC,1-16,89.80530667755417,364,118.32576353377156,342,0.0402458294277312,364,3.095917521098479,28.90408247890153,2.0959175210984795,15.904082478901518,0-3,0.4949296450486661,0.5577093268477464,0.2019577966529576,0.3749870966664237,0.557709326847746,0.2328698065253949,0.8746017643941982,0.7642246167879789,110.2703334158452,108.9651492499586,106.40006774385868,111.26575744698236,84.17535615789446,111.76640866844303,104.74392893635148,127.50977955614124,0.0943401998530542,2.0,-0.0640207149505431,189.0,230.0,214.525,0.8810161985782543,1.0721361146719497,0.2390522084998823,0.0,-11.29993222148714,360,294,67.95589645820682,-28.520456856217393,0.47961061335510835,18.0,28.0,72.0,0.3
365,Coppin St.,MEAC,3-16,92.62830591884986,362,125.18262574886614,365,0.0303671111960524,365,5.700015297193578,25.299984702806427,3.700015297193578,10.299984702806425,1-1,0.4242192436801028,0.4624010346016465,0.0996740208469811,0.3120693800705588,0.4624010346016465,0.1295237995685238,0.901897465168382,0.8368676090296594,107.06343139629416,109.6357811173594,102.430674656605,111.37616568097852,97.02084830493791,120.49046342210474,85.75334252678265,120.2832957432264,0.0200100244678836,3.0,0.0397484595086021,130.0,139.0,131.05,0.9919877909194964,1.0606638687523844,0.1344987626887809,0.5,-11.94924858439374,364,102,69.67612555376003,-32.55431983001628,0.48525661183769975,18.0,28.0,72.0,0.3
